kernel,representation,preset,n,bimodal_suspect,median_ns,mean_ns,sd_ns,rsd_pct,min_ns,max_ns,max_over_min
argmax_with_index,agent,M,30,no,71843152,71820305,220880,0.308,71451467,72164246,1.01
argmax_with_index,c,M,30,no,71829154,72618364,3157030,4.347,71513500,84280978,1.179
argmax_with_index,c_reference,M,30,no,71783277,71782287,564266,0.786,71271980,74383408,1.044
argmax_with_index,cpp,M,30,no,71723861,71617124,418240,0.584,71059577,72609933,1.022
argmax_with_index,fortran,M,30,no,71882674,71934221,256364,0.356,71662490,72955762,1.018
argmax_with_index,numba,M,30,no,178695300,178705387,235497,0.132,178244466,179244788,1.006
compact_threshold_pack,agent,M,30,no,145201525,145161501,299639,0.206,144492205,145802914,1.009
compact_threshold_pack,c,M,30,yes,112828368,119423054,36410268,30.488,112027194,312194675,2.787
compact_threshold_pack,cpp,M,30,yes,112859974,116412273,19623360,16.857,111592160,220272509,1.974
compact_threshold_pack,fortran,M,30,no,112746694,112767665,500334,0.444,111348242,113756293,1.022
compact_threshold_pack,numba,M,30,yes,107603119,114568209,38313076,33.441,106681597,317417965,2.975
ext_break_capture,agent,M,30,no,32505069,32542246,349754,1.075,32229814,34294903,1.064
ext_break_capture,c,M,30,no,69718823,69662695,204036,0.293,69265925,69995311,1.011
ext_break_capture,c_reference,M,30,no,69989111,70016517,988901,1.412,69031989,74403314,1.078
ext_break_capture,cpp,M,30,no,69619595,69655469,278372,0.4,69170440,70168298,1.014
ext_break_capture,fortran,M,30,no,69795821,69790008,144395,0.207,69524326,70102387,1.008
ext_break_capture,numba,M,30,no,74231372,74247848,93533,0.126,74115648,74488756,1.005
ext_war_unit,agent,M,30,no,62497050,62498717,378501,0.606,61986138,63978591,1.032
ext_war_unit,c,M,30,no,62200359,62247018,315979,0.508,61826786,63698507,1.03
ext_war_unit,c_reference,M,30,no,62284474,62313270,198027,0.318,61950884,62885032,1.015
ext_war_unit,cpp,M,30,no,62192184,62189749,206185,0.332,61831619,62592044,1.012
ext_war_unit,fortran,M,30,no,61111139,61101448,132405,0.217,60800349,61399755,1.01
ext_war_unit,numba,M,30,no,62434752,62454828,171732,0.275,62154234,62832581,1.011
fuse_diamond,agent,M,30,no,30100155,30076971,124889,0.415,29839347,30269510,1.014
fuse_diamond,c,M,30,no,169152470,169081361,865103,0.512,167623989,170399168,1.017
fuse_diamond,c_reference,M,30,no,30878455,31073696,962984,3.099,30665534,36076506,1.176
fuse_diamond,cpp,M,30,yes,167349952,171012734,20050277,11.724,166881310,277157136,1.661
fuse_diamond,fortran,M,30,no,166803511,166786749,1533232,0.919,165312885,173691926,1.051
fuse_diamond,numba,M,30,no,185893788,186063911,3870796,2.08,181583215,190275239,1.048
fuse_move_ifs,agent,M,30,no,51650634,51649136,102128,0.198,51475519,51843668,1.007
fuse_move_ifs,c,M,30,no,67796862,67772875,150289,0.222,67512999,68073845,1.008
fuse_move_ifs,c_reference,M,30,no,67897772,67910466,104486,0.154,67764032,68208019,1.007
fuse_move_ifs,cpp,M,30,no,67579701,67614657,206038,0.305,67359500,68504393,1.017
fuse_move_ifs,fortran,M,30,no,65773053,65778112,172672,0.263,65486854,66157426,1.01
fuse_move_ifs,numba,M,30,no,65253148,65299308,193251,0.296,64960037,65843723,1.014
fuse_stencil_through_transient,agent,M,30,yes,50310379,50296804,2604156,5.178,47580856,53021952,1.114
fuse_stencil_through_transient,c,M,30,yes,119593858,122508041,19271351,15.731,117342303,224362621,1.912
fuse_stencil_through_transient,c_reference,M,30,no,47679210,47713036,184397,0.386,47424163,48120971,1.015
fuse_stencil_through_transient,cpp,M,30,no,118654329,117950125,5319630,4.51,112437545,123731022,1.1
fuse_stencil_through_transient,fortran,M,30,yes,117643078,121464235,19732136,16.245,117146727,225868841,1.928
fuse_stencil_through_transient,numba,M,30,yes,187499852,192070073,21020588,10.944,186197929,301528353,1.619
quasi_affine_reduce_odd,agent,M,30,no,63862438,63846575,153022,0.24,63495008,64234987,1.012
quasi_affine_reduce_odd,c,M,30,no,63709477,63745171,141544,0.222,63473740,64143577,1.011
quasi_affine_reduce_odd,c_reference,M,30,no,66359111,66381790,153320,0.231,66061327,66674014,1.009
quasi_affine_reduce_odd,cpp,M,30,no,63748066,63762785,100541,0.158,63558248,63952541,1.006
quasi_affine_reduce_odd,fortran,M,30,no,63653553,64063453,1583003,2.471,63458663,71902586,1.133
quasi_affine_reduce_odd,numba,M,30,no,67569967,67654487,375783,0.555,67338342,69540328,1.033
scan_affine_decay,agent,M,30,no,235274765,235318393,265200,0.113,234817052,235902075,1.005
scan_affine_decay,c,M,30,no,118902013,118948408,290992,0.245,118506026,119445996,1.008
scan_affine_decay,cpp,M,30,no,118712688,118732511,210431,0.177,118373770,119265151,1.008
scan_affine_decay,fortran,M,30,no,147913903,147994121,371927,0.251,147618553,149181542,1.011
scan_affine_decay,numba,M,30,no,147883343,148720409,2905855,1.954,147575355,159544332,1.081
scatter_accum_dup,agent,M,30,no,938017521,950732217,35683200,3.753,936422646,1062254983,1.134
scatter_accum_dup,c,M,30,no,346073762,346682975,2243729,0.647,345656865,354899631,1.027
scatter_accum_dup,cpp,M,30,yes,345864367,350566067,19664181,5.609,345558415,452006288,1.308
scatter_accum_dup,fortran,M,30,yes,364701815,372660086,26839644,7.202,364215879,474149856,1.302
scatter_accum_dup,numba,M,30,yes,401660759,416150826,54780698,13.164,401396384,623658822,1.554
segment_reduce_ragged,agent,M,30,no,38208723,38227985,73280,0.192,38106470,38411293,1.008
segment_reduce_ragged,c,M,30,no,39218208,39212874,156063,0.398,38972759,39657124,1.018
segment_reduce_ragged,cpp,M,30,no,39046090,39054012,103684,0.265,38850560,39333394,1.012
segment_reduce_ragged,fortran,M,30,no,39899927,39879783,130213,0.327,39645471,40272972,1.016
segment_reduce_ragged,numba,M,30,no,55430332,55459158,137756,0.248,55202724,55917901,1.013
tsvc_2_s115,numba,M,30,no,143644908,143908962,1851917,1.287,142112330,152909027,1.076
tsvc_2_s119,agent,M,30,no,57079390,57115084,221807,0.388,56672172,57782310,1.02
tsvc_2_s119,c,M,30,no,70637778,70641092,227511,0.322,70226960,71272716,1.015
tsvc_2_s119,c_reference,M,30,no,70770547,70796010,244183,0.345,70433727,71495931,1.015
tsvc_2_s119,cpp,M,30,no,70871993,70903831,179255,0.253,70641730,71413158,1.011
tsvc_2_s119,fortran,M,30,no,70710494,70668794,180227,0.255,70263854,71066738,1.011
tsvc_2_s119,numba,M,30,no,69009492,69020921,222116,0.322,68669825,69437669,1.011
tsvc_2_s1232,agent,M,30,no,13325154,13296777,192096,1.445,12967869,13774437,1.062
tsvc_2_s1232,c,M,30,yes,47436859,47790603,9259395,19.375,38410951,57952258,1.509
tsvc_2_s1232,c_reference,M,30,yes,61686732,62286046,4152752,6.667,42381613,65991692,1.557
tsvc_2_s1232,cpp,M,30,yes,68220000,68374297,3855037,5.638,63692375,73234747,1.15
tsvc_2_s1232,fortran,M,30,no,63185028,63351297,684420,1.08,62012231,64837299,1.046
tsvc_2_s1232,numba,M,30,yes,79986668,79744731,9921094,12.441,62166878,90414706,1.454
tsvc_2_s1244,agent,M,30,yes,58183118,58231837,3208075,5.509,54877115,62427016,1.138
tsvc_2_s1244,c,M,30,no,52625401,52738644,583350,1.106,52062377,54964663,1.056
tsvc_2_s1244,c_reference,M,30,no,53006870,52872839,482070,0.912,52247788,54470636,1.043
tsvc_2_s1244,cpp,M,30,no,52795004,53202982,2318808,4.358,52104591,65138275,1.25
tsvc_2_s1244,fortran,M,30,no,54535243,54600486,290627,0.532,54280017,55943555,1.031
tsvc_2_s1244,numba,M,30,no,53693568,53716524,92158,0.172,53573731,53999319,1.008
tsvc_2_s152,agent,M,30,no,52914816,52936682,263963,0.499,52507771,53631133,1.021
tsvc_2_s152,c,M,30,no,65471932,65471865,248655,0.38,64723170,65916736,1.018
tsvc_2_s152,c_reference,M,30,no,52497148,52523780,185980,0.354,52093416,52836916,1.014
tsvc_2_s152,cpp,M,30,no,64160509,64424873,1441698,2.238,63859878,72020549,1.128
tsvc_2_s152,fortran,M,30,no,64843245,64855086,194101,0.299,64369082,65204963,1.013
tsvc_2_s152,numba,M,30,no,64599348,64640128,180984,0.28,64319165,65024937,1.011
tsvc_2_s2233,c,M,30,no,426799135,426980593,1585216,0.371,424603285,431290368,1.016
tsvc_2_s2233,c_reference,M,30,yes,423591697,434061278,40491769,9.329,420731164,629166920,1.495
tsvc_2_s2233,cpp,M,30,no,425210628,426553545,11031132,2.586,420290128,484156588,1.152
tsvc_2_s2233,fortran,M,30,no,426413795,430950352,16682110,3.871,424003966,513118691,1.21
tsvc_2_s2233,numba,M,30,yes,456313676,475729120,73919668,15.538,454389306,757177903,1.666
tsvc_2_s2275,agent,M,30,no,74845652,74852647,197598,0.264,74525726,75389635,1.012
tsvc_2_s2275,c,M,30,yes,733525986,814517205,138593039,17.015,539681455,1125112277,2.085
tsvc_2_s2275,c_reference,M,30,no,936344006,949496853,44247081,4.66,934265767,1130028440,1.21
tsvc_2_s2275,cpp,M,30,yes,939784779,954807640,48521529,5.082,898521375,1136786216,1.265
tsvc_2_s2275,fortran,M,30,yes,943890812,939056207,95851733,10.207,484004328,1171348251,2.42
tsvc_2_s2275,numba,M,30,yes,931291868,943231114,70945444,7.522,783216787,1220392939,1.558
tsvc_2_s231,agent,M,30,no,69892106,69862581,290147,0.415,69227823,70760414,1.022
tsvc_2_s231,c,M,30,no,777031435,785831412,27862643,3.546,767349825,891021662,1.161
tsvc_2_s231,c_reference,M,30,yes,724260105,748569695,39022286,5.213,658325122,864329854,1.313
tsvc_2_s231,cpp,M,30,no,777524946,781912629,21963019,2.809,734677250,863285218,1.175
tsvc_2_s231,fortran,M,30,no,745306665,750046110,36969994,4.929,651544961,833896000,1.28
tsvc_2_s231,numba,M,30,yes,625047048,630619236,43675171,6.926,569430453,853996532,1.5
tsvc_2_s233,agent,M,30,no,66851646,67154368,1320953,1.967,66540458,73985154,1.112
tsvc_2_s233,c,M,30,no,721890421,725749172,11835311,1.631,700471451,770622247,1.1
tsvc_2_s233,c_reference,M,30,no,716659306,727355430,35937479,4.941,713806608,885346961,1.24
tsvc_2_s233,cpp,M,30,no,719334002,722461984,12666251,1.753,710731299,776695394,1.093
tsvc_2_s233,fortran,M,30,no,729529264,732730898,24687129,3.369,714114931,833525160,1.167
tsvc_2_s233,numba,M,30,yes,740465868,772177655,84126075,10.895,732755868,1053964299,1.438
tsvc_2_s235,agent,M,30,no,59504310,59394405,1548313,2.607,57029976,61893240,1.085
tsvc_2_s235,c,M,30,no,805797394,799391768,29581180,3.7,670073014,833389494,1.244
tsvc_2_s235,c_reference,M,30,yes,654437384,640836732,89296085,13.934,489549246,736066066,1.504
tsvc_2_s235,cpp,M,30,yes,821213790,850845218,125290628,14.725,726513019,1026489738,1.413
tsvc_2_s235,fortran,M,30,no,792999108,771782307,33589987,4.352,732190595,813626198,1.111
tsvc_2_s235,numba,M,30,yes,658103293,645714758,50455976,7.814,396884696,667649714,1.682
tsvc_2_s252,agent,M,30,yes,87560323,91285281,19449678,21.306,87344058,194239681,2.224
tsvc_2_s252,c,M,30,no,84643227,84564927,2713610,3.209,81575658,87480981,1.072
tsvc_2_s252,c_reference,M,30,no,84913583,84617611,3055855,3.611,81178641,87960803,1.084
tsvc_2_s252,cpp,M,30,no,85622420,85709512,1564443,1.825,84631794,93571332,1.106
tsvc_2_s252,fortran,M,30,yes,86482155,90253104,19159437,21.229,86129670,191373512,2.222
tsvc_2_s252,numba,M,30,no,81491303,81626061,690587,0.846,81140418,85158472,1.05
tsvc_2_s255,agent,M,30,no,66181021,66451228,1723039,2.593,65565937,75449424,1.151
tsvc_2_s255,c,M,30,no,78868688,78683250,1173334,1.491,76491949,80343216,1.05
tsvc_2_s255,c_reference,M,30,no,79306544,79593114,2366210,2.973,76875296,87446600,1.138
tsvc_2_s255,cpp,M,30,no,78754903,78877002,911099,1.155,77305847,80574380,1.042
tsvc_2_s255,fortran,M,30,no,78774773,78866150,885694,1.123,76177754,80597962,1.058
tsvc_2_s255,numba,M,30,no,81287679,81309745,146091,0.18,81051255,81580998,1.007
tsvc_2_s2710,agent,M,30,no,83307228,83245415,291995,0.351,82592003,83860060,1.015
tsvc_2_s2710,c,M,30,no,217607501,217616203,2404496,1.105,214572822,220855032,1.029
tsvc_2_s2710,c_reference,M,30,yes,216950282,220507210,20977542,9.513,215509622,331491464,1.538
tsvc_2_s2710,cpp,M,30,no,216865545,216877813,326357,0.15,216224396,217532869,1.006
tsvc_2_s2710,fortran,M,30,yes,220045106,222515448,13739117,6.174,219213612,295217271,1.347
tsvc_2_s2710,numba,M,30,yes,99706348,99809729,7085698,7.099,92479095,107014016,1.157
tsvc_2_s275,agent,M,30,no,163304608,163460111,1192692,0.73,161897343,166970360,1.031
tsvc_2_s275,c,M,30,no,720062194,719703276,33775237,4.693,695539163,867425493,1.247
tsvc_2_s275,c_reference,M,30,yes,812230774,808267042,97159611,12.021,717165652,1092628592,1.524
tsvc_2_s275,cpp,M,30,yes,783266205,768994469,59242743,7.704,714842303,947806905,1.326
tsvc_2_s275,fortran,M,30,yes,759481398,754078269,60130908,7.974,679498599,865262995,1.273
tsvc_2_s275,numba,M,30,yes,694067715,655168326,75563032,11.533,584545543,900184166,1.54
tsvc_2_s311,agent,M,30,no,76128839,76160521,183856,0.241,75830160,76553275,1.01
tsvc_2_s311,c,M,30,no,136855997,136882533,150285,0.11,136657239,137310237,1.005
tsvc_2_s311,c_reference,M,30,no,136894481,136944560,214290,0.156,136721414,137805669,1.008
tsvc_2_s311,cpp,M,30,no,136922546,136947371,139474,0.102,136740712,137226554,1.004
tsvc_2_s311,fortran,M,30,no,136926248,137725523,3074316,2.232,136654177,149200677,1.092
tsvc_2_s311,numba,M,30,no,136906045,136876913,133617,0.098,136652037,137087928,1.003
tsvc_2_s3110,agent,M,30,no,121879552,121980806,438652,0.36,121530459,123825043,1.019
tsvc_2_s3110,c,M,30,yes,122057254,130050227,20972976,16.127,121443161,189211272,1.558
tsvc_2_s3110,c_reference,M,30,yes,176792478,157764859,32999449,20.917,121484503,193913536,1.596
tsvc_2_s3110,cpp,M,30,yes,122232173,141163254,30186234,21.384,121751996,196104133,1.611
tsvc_2_s3110,fortran,M,30,yes,121811748,142562075,29424917,20.64,120863634,191628998,1.585
tsvc_2_s3110,numba,M,30,no,320319855,320501836,609291,0.19,320071334,323465308,1.011
tsvc_2_s3111,agent,M,30,no,124188334,125448860,3712010,2.959,124037875,137804171,1.111
tsvc_2_s3111,c,M,30,no,124202113,124923946,2906714,2.327,123912519,135951669,1.097
tsvc_2_s3111,c_reference,M,30,no,124176958,124219788,320973,0.258,123959765,125814656,1.015
tsvc_2_s3111,cpp,M,30,no,124092558,124139015,303625,0.245,123889683,125655905,1.014
tsvc_2_s3111,fortran,M,30,no,722405455,724017997,8577947,1.185,721638198,769360584,1.066
tsvc_2_s3111,numba,M,30,no,309819141,310981060,4755249,1.529,309534035,333681377,1.078
tsvc_2_s3112,agent,M,30,no,81725046,81730883,91185,0.112,81578411,82000637,1.005
tsvc_2_s3112,c,M,30,yes,81782567,84898892,17168040,20.222,81608418,175796344,2.154
tsvc_2_s3112,c_reference,M,30,no,81691989,82472521,3017323,3.659,81489723,95509341,1.172
tsvc_2_s3112,cpp,M,30,no,81744528,82085092,1767710,2.154,81569542,91425458,1.121
tsvc_2_s3112,fortran,M,30,no,81704754,81736635,158510,0.194,81581161,82337742,1.009
tsvc_2_s3112,numba,M,30,no,81705824,81924955,1083746,1.323,81465417,87583656,1.075
tsvc_2_s316,agent,M,30,no,69030706,69110703,347784,0.503,68796906,70811208,1.029
tsvc_2_s316,c,M,30,no,274900999,275565603,2612146,0.948,274475685,285907570,1.042
tsvc_2_s316,c_reference,M,30,no,275028040,276277936,6928815,2.508,274482347,312909221,1.14
tsvc_2_s316,cpp,M,30,no,79353731,79363365,223670,0.282,78830628,79768870,1.012
tsvc_2_s316,fortran,M,30,no,79473854,79699298,1077308,1.352,79255254,85350671,1.077
tsvc_2_s316,numba,M,30,no,122840887,122849033,108565,0.088,122636510,123083823,1.004
tsvc_2_s318,agent,M,30,no,247476376,247524048,270010,0.109,247176033,248432571,1.005
tsvc_2_s318,c,M,30,no,80124048,80150932,170594,0.213,79917742,80565044,1.008
tsvc_2_s318,c_reference,M,30,no,80278090,80329165,515289,0.641,79859383,82871037,1.038
tsvc_2_s318,cpp,M,30,no,80030334,80072815,212701,0.266,79869507,81032417,1.015
tsvc_2_s318,fortran,M,30,no,80044810,80625416,2185829,2.711,79729268,89350964,1.121
tsvc_2_s318,numba,M,30,no,286128388,286186535,331954,0.116,285786110,287278418,1.005
tsvc_2_s319,agent,M,30,yes,75163372,77751764,12456979,16.021,74787913,143067181,1.913
tsvc_2_s319,c,M,30,no,76227702,75882023,851773,1.122,74839973,78849950,1.054
tsvc_2_s319,c_reference,M,30,no,75803605,75722068,404018,0.534,75062814,76541485,1.02
tsvc_2_s319,cpp,M,30,no,75732642,75913248,1625389,2.141,75100823,84260674,1.122
tsvc_2_s319,fortran,M,30,no,75087130,75382575,1658893,2.201,74760868,84108905,1.125
tsvc_2_s319,numba,M,30,no,77597957,77628882,251448,0.324,77258417,78254703,1.013
tsvc_2_s323,agent,M,30,no,80792337,80803973,253097,0.313,80368685,81357647,1.012
tsvc_2_s323,c,M,30,no,80806544,80873441,389042,0.481,80459276,82591211,1.026
tsvc_2_s323,c_reference,M,30,no,80811922,80792779,207605,0.257,80492171,81455502,1.012
tsvc_2_s323,cpp,M,30,no,85840774,85947339,431986,0.503,85557967,87501556,1.023
tsvc_2_s323,fortran,M,30,no,78724144,78733851,349662,0.444,78094259,79553734,1.019
tsvc_2_s323,numba,M,30,yes,83595067,85704854,20174381,23.539,79535271,191923493,2.413
tsvc_2_s4112,agent,M,30,yes,442889306,448390528,28033444,6.252,436259938,551756409,1.265
tsvc_2_s4112,c,M,30,no,454501243,457630310,20504047,4.48,447763288,561723391,1.255
tsvc_2_s4112,c_reference,M,30,no,453659578,454334462,3928983,0.865,451574403,473385064,1.048
tsvc_2_s4112,cpp,M,30,no,454483942,454443150,1040320,0.229,452546906,456949984,1.01
tsvc_2_s4112,fortran,M,30,no,474894033,475264747,4249955,0.894,471380204,495601725,1.051
tsvc_2_s4112,numba,M,30,yes,458160142,463566066,40041698,8.638,451498055,674877118,1.495
tsvc_2_vag,agent,M,30,no,481194643,484940356,19807843,4.085,480589960,589752438,1.227
tsvc_2_vag,c,M,30,no,440890391,441249065,3655955,0.829,437451580,458658158,1.048
tsvc_2_vag,c_reference,M,30,yes,441455201,448462854,27275781,6.082,439094817,549143704,1.251
tsvc_2_vag,cpp,M,30,no,440436664,441385384,3559649,0.806,439564841,457947412,1.042
tsvc_2_vag,fortran,M,30,no,458496877,462338246,19725266,4.266,457736326,566719809,1.238
tsvc_2_vag,numba,M,30,yes,436424346,443505464,38445053,8.668,435483993,647025769,1.486
tsvc_2_vpvts,agent,M,30,yes,87087490,90651980,19591349,21.612,86690927,194373656,2.242
tsvc_2_vpvts,c,M,30,no,87230026,87398249,617332,0.706,86804071,90072672,1.038
tsvc_2_vpvts,c_reference,M,30,no,87127811,87135301,254808,0.292,86721937,87781806,1.012
tsvc_2_vpvts,cpp,M,30,no,88736752,89945747,3937235,4.377,88205040,101560388,1.151
tsvc_2_vpvts,fortran,M,30,no,88876888,88893527,174992,0.197,88504485,89383720,1.01
tsvc_2_vpvts,numba,M,30,no,86436909,86523945,390042,0.451,86054986,88193348,1.025
tsvc_2_vtvtv,agent,M,30,no,97553023,98027415,2331650,2.379,97345766,110327021,1.133
tsvc_2_vtvtv,c,M,30,no,97485182,97507649,231776,0.238,97077418,98216103,1.012
tsvc_2_vtvtv,c_reference,M,30,no,97271076,97276998,237598,0.244,96820275,97811187,1.01
tsvc_2_vtvtv,cpp,M,30,no,97485405,97557233,562570,0.577,97107081,100357186,1.033
tsvc_2_vtvtv,fortran,M,30,no,97466225,97717504,1089866,1.115,97063694,103187820,1.063
tsvc_2_vtvtv,numba,M,30,no,97928498,98225642,1674175,1.704,97386243,106983476,1.099
versioned_distance_update,agent,M,30,yes,121441968,124902912,18695139,14.968,121011373,223877235,1.85
versioned_distance_update,c,M,30,yes,293595420,298678820,28137982,9.421,292820356,447633952,1.529
versioned_distance_update,cpp,M,30,no,293233169,293268300,475972,0.162,292654643,294719091,1.007
versioned_distance_update,fortran,M,30,no,327780238,327544646,4052416,1.237,324937671,347382181,1.069
versioned_distance_update,numba,M,30,no,320112457,322209205,11330549,3.517,319884562,382193712,1.195
wf_diff_skew,agent,M,30,no,61881029,61904525,247935,0.401,61668844,63048513,1.022
wf_diff_skew,c,M,30,no,59730675,59750566,153787,0.257,59558921,60073177,1.009
wf_diff_skew,c_reference,M,30,no,59600011,59664105,160577,0.269,59455983,60075900,1.01
wf_diff_skew,cpp,M,30,no,59798898,59761980,166495,0.279,59332464,60106457,1.013
wf_diff_skew,fortran,M,30,no,59702119,59726253,223903,0.375,59469743,60735785,1.021
wf_diff_skew,numba,M,30,no,61139947,61308603,902532,1.472,60938819,66016743,1.083
wf_triangular,agent,M,30,no,153742316,154515682,2821130,1.826,150264605,161281111,1.073
wf_triangular,c,M,30,no,99173601,99313533,853393,0.859,98310557,103499348,1.053
wf_triangular,c_reference,M,30,no,99263401,99245668,441697,0.445,98309784,99970466,1.017
wf_triangular,cpp,M,30,no,99175518,99315802,749406,0.755,97902312,102229532,1.044
wf_triangular,fortran,M,30,no,99088479,99097600,346174,0.349,98081247,99629133,1.016
wf_triangular,numba,M,30,no,375555594,375586405,436236,0.116,374343281,376804866,1.007
