kernel,representation,flagged,reasons,v1_status,v2_status,v1_min_ns,v2_min_ns,ratio_v2_over_v1,v1_rsd_pct,v2_rsd_pct,source,source_change,v1_source_sha,v2_source_sha,changed_code_lines,v1_compiler,v2_compiler,explanation,v2_notes
argmax_with_index,agent,no,,ok,ok,71451467,71712886,1.0037,0.31,2.29,agent rank v1=? v2=5,identical,5360f2a4292b3ea0,5360f2a4292b3ea0,,gcc (SUSE Linux) 13.3.1 20250313 [revisi,gcc-14 (SUSE Linux) 14.2.0 [/usr/bin/gcc,,rank=5 arm=llr40v10-qwen38-c job=621016 seq=1 lang=c campaign_speedup=15.585 sha256=5360f2a4292b3ea0
argmax_with_index,c,no,,ok,ok,71513500,71557764,1.0006,4.35,0.71,argmax_with_index_fp64.c,preprocessed_identical,ca2875121b4816de,6062ff45a669bb05,47,gcc (SUSE Linux) 13.3.1 20250313 [revisi,gcc-14 (SUSE Linux) 14.2.0 [/usr/bin/gcc,,
argmax_with_index,c_reference,no,,ok,ok,71271980,71477489,1.0029,0.79,0.41,argmax_with_index_reference.c,identical,1cf93d4244fe5cee,1cf93d4244fe5cee,0,gcc (SUSE Linux) 13.3.1 20250313 [revisi,gcc-14 (SUSE Linux) 14.2.0 [/usr/bin/gcc,,source=argmax_with_index_reference.c sha256=1cf93d4244fe5cee
argmax_with_index,cpp,no,,ok,ok,71059577,71491535,1.0061,0.58,2.57,argmax_with_index_fp64.cpp,preprocessed_identical,ff0a732ea8af83dc,8ab01a3f24b94651,47,g++ (SUSE Linux) 13.3.1 20250313 [revisi,g++ (SUSE Linux) 13.3.1 20250313 [revisi,,
argmax_with_index,fortran,no,,ok,ok,71662490,71737544,1.001,0.36,0.44,argmax_with_index_fp64.f90,code,104b80fdf7965923,42fd8cf2ca198c8d,2,GNU Fortran (SUSE Linux) 13.3.1 20250313,GNU Fortran (SUSE Linux) 13.3.1 20250313,,
argmax_with_index,numba,no,,ok,ok,178244466,178572973,1.0018,0.13,0.21,argmax_with_index_numba_np.py,comments_only,e669c022e2b29c4b,c7769a06872cc58f,0,numba 0.67.0,numba 0.67.0,,
compact_threshold_pack,agent,no,,ok,ok,144492205,143683320,0.9944,0.21,0.34,agent rank v1=? v2=2,identical,c3bbca9bc6710a07,c3bbca9bc6710a07,,gcc (SUSE Linux) 13.3.1 20250313 [revisi,gcc-14 (SUSE Linux) 14.2.0 [/usr/bin/gcc,,rank=2 arm=llr40v10-qwen38-c job=621383 seq=1 lang=c campaign_speedup=11.678 sha256=c3bbca9bc6710a07
compact_threshold_pack,c,no,,ok,ok,112027194,110855650,0.9895,30.49,0.42,compact_threshold_pack_fp64.c,preprocessed_identical,612d0eca8211b705,c51936bd923bd6c2,47,gcc (SUSE Linux) 13.3.1 20250313 [revisi,gcc-14 (SUSE Linux) 14.2.0 [/usr/bin/gcc,,
compact_threshold_pack,c_reference,no,,unsupported,unsupported,,,,,,compact_threshold_pack_reference.c,n.a. (no _reference.c at either commit),,,,gcc (SUSE Linux) 13.3.1 20250313 [revisi,gcc-14 (SUSE Linux) 14.2.0 [/usr/bin/gcc,,no hand-written _reference.c in the corpus
compact_threshold_pack,cpp,no,,ok,ok,111592160,111388728,0.9982,16.86,1.88,compact_threshold_pack_fp64.cpp,preprocessed_identical,ee2b9f7ceee699eb,0630c0a79d4718a1,47,g++ (SUSE Linux) 13.3.1 20250313 [revisi,g++ (SUSE Linux) 13.3.1 20250313 [revisi,,
compact_threshold_pack,fortran,no,,ok,ok,111348242,111102432,0.9978,0.44,0.46,compact_threshold_pack_fp64.f90,identical,4fa6c9c56d43f866,4fa6c9c56d43f866,0,GNU Fortran (SUSE Linux) 13.3.1 20250313,GNU Fortran (SUSE Linux) 13.3.1 20250313,,
compact_threshold_pack,numba,no,,ok,ok,106681597,106151058,0.995,33.44,0.23,compact_threshold_pack_numba_np.py,identical,a326d51a4cf2a0c9,a326d51a4cf2a0c9,0,numba 0.67.0,numba 0.67.0,,
ext_break_capture,agent,yes,time>5%,ok,ok,32229814,29684735,0.921,1.07,0.61,agent rank v1=? v2=2,identical,099bb334d1962157,099bb334d1962157,,gcc (SUSE Linux) 13.3.1 20250313 [revisi,gcc-14 (SUSE Linux) 14.2.0 [/usr/bin/gcc,source identical for the compiler; change is harness/environment/noise,rank=2 arm=llr40v10-qwen38-c job=621383 seq=1 lang=c campaign_speedup=9.763 sha256=099bb334d1962157
ext_break_capture,c,no,,ok,ok,69265925,67081217,0.9685,0.29,0.25,ext_break_capture_fp64.c,preprocessed_identical,92cf61c95efeff0f,86fd5430c1541a38,47,gcc (SUSE Linux) 13.3.1 20250313 [revisi,gcc-14 (SUSE Linux) 14.2.0 [/usr/bin/gcc,,
ext_break_capture,c_reference,no,,ok,ok,69031989,66914778,0.9693,1.41,0.4,ext_break_capture_reference.c,identical,c8a1d98b15a038f4,c8a1d98b15a038f4,0,gcc (SUSE Linux) 13.3.1 20250313 [revisi,gcc-14 (SUSE Linux) 14.2.0 [/usr/bin/gcc,,source=ext_break_capture_reference.c sha256=c8a1d98b15a038f4
ext_break_capture,cpp,no,,ok,ok,69170440,66444149,0.9606,0.4,2.73,ext_break_capture_fp64.cpp,preprocessed_identical,edf828d1cda40502,a2f1093a75fdb186,47,g++ (SUSE Linux) 13.3.1 20250313 [revisi,g++ (SUSE Linux) 13.3.1 20250313 [revisi,,
ext_break_capture,fortran,no,,ok,ok,69524326,66867880,0.9618,0.21,0.33,ext_break_capture_fp64.f90,identical,48745b652d4e715c,48745b652d4e715c,0,GNU Fortran (SUSE Linux) 13.3.1 20250313,GNU Fortran (SUSE Linux) 13.3.1 20250313,,
ext_break_capture,numba,no,,ok,ok,74115648,70906095,0.9567,0.13,0.24,ext_break_capture_numba_np.py,comments_only,c8c7e61859b1e082,c48f3b72c81b841a,0,numba 0.67.0,numba 0.67.0,,
ext_war_unit,agent,no,,ok,ok,61986138,61548049,0.9929,0.61,0.97,agent rank v1=? v2=1,identical,20906b99b5e25abf,20906b99b5e25abf,,gcc (SUSE Linux) 13.3.1 20250313 [revisi,gcc-14 (SUSE Linux) 14.2.0 [/usr/bin/gcc,,rank=1 arm=llr40v10-kimi27sglang-c job=621729 seq=3 lang=c campaign_speedup=5.996 sha256=20906b99b5e25abf
ext_war_unit,c,no,,ok,ok,61826786,61616215,0.9966,0.51,29.9,ext_war_unit_fp64.c,preprocessed_identical,dd7cf482909f5aed,2b5df0f8c44a4032,47,gcc (SUSE Linux) 13.3.1 20250313 [revisi,gcc-14 (SUSE Linux) 14.2.0 [/usr/bin/gcc,,
ext_war_unit,c_reference,no,,ok,ok,61950884,61311801,0.9897,0.32,1.95,ext_war_unit_reference.c,identical,2ee53f9778ce59a0,2ee53f9778ce59a0,0,gcc (SUSE Linux) 13.3.1 20250313 [revisi,gcc-14 (SUSE Linux) 14.2.0 [/usr/bin/gcc,,source=ext_war_unit_reference.c sha256=2ee53f9778ce59a0
ext_war_unit,cpp,no,,ok,ok,61831619,61468411,0.9941,0.33,1.54,ext_war_unit_fp64.cpp,preprocessed_identical,c723c8cb0b60e985,ab25836f8e3dd14f,47,g++ (SUSE Linux) 13.3.1 20250313 [revisi,g++ (SUSE Linux) 13.3.1 20250313 [revisi,,
ext_war_unit,fortran,no,,ok,ok,60800349,60447386,0.9942,0.22,0.35,ext_war_unit_fp64.f90,identical,070fc39a385d1865,070fc39a385d1865,0,GNU Fortran (SUSE Linux) 13.3.1 20250313,GNU Fortran (SUSE Linux) 13.3.1 20250313,,
ext_war_unit,numba,no,,ok,ok,62154234,61481403,0.9892,0.27,0.58,ext_war_unit_numba_np.py,comments_only,9c5b31fd4204fa35,c268d8cc8824a69f,0,numba 0.67.0,numba 0.67.0,,
fuse_diamond,agent,no,,ok,ok,29839347,30883335,1.035,0.42,0.63,agent rank v1=? v2=3,identical,1f00f370099f0e48,1f00f370099f0e48,,GNU Fortran (SUSE Linux) 13.3.1 20250313,GNU Fortran (SUSE Linux) 13.3.1 20250313,,rank=3 arm=llr40v10-oss120b-fortran job=621019 seq=1 lang=fortran campaign_speedup=62.761 sha256=1f00f370099f0e48
fuse_diamond,c,no,,ok,ok,167623989,168808996,1.0071,0.51,37.84,fuse_diamond_fp64.c,preprocessed_identical,894aa5332c8f4e39,0e733926ca6c514d,47,gcc (SUSE Linux) 13.3.1 20250313 [revisi,gcc-14 (SUSE Linux) 14.2.0 [/usr/bin/gcc,,
fuse_diamond,c_reference,no,,ok,ok,30665534,29838016,0.973,3.1,6.23,fuse_diamond_reference.c,identical,ead7cb4b8d194d60,ead7cb4b8d194d60,0,gcc (SUSE Linux) 13.3.1 20250313 [revisi,gcc-14 (SUSE Linux) 14.2.0 [/usr/bin/gcc,,source=fuse_diamond_reference.c sha256=ead7cb4b8d194d60
fuse_diamond,cpp,no,,ok,ok,166881310,169300309,1.0145,11.72,3.06,fuse_diamond_fp64.cpp,preprocessed_identical,955569b8833a8345,e5c99a7f757aa143,47,g++ (SUSE Linux) 13.3.1 20250313 [revisi,g++ (SUSE Linux) 13.3.1 20250313 [revisi,,
fuse_diamond,fortran,no,,ok,ok,165312885,167842498,1.0153,0.92,1.73,fuse_diamond_fp64.f90,identical,1cdc65122276f426,1cdc65122276f426,0,GNU Fortran (SUSE Linux) 13.3.1 20250313,GNU Fortran (SUSE Linux) 13.3.1 20250313,,
fuse_diamond,numba,no,,ok,ok,181583215,186439277,1.0267,2.08,18.85,fuse_diamond_numba_np.py,comments_only,60ae2e9cfc190700,3ffaae46e23a09fe,0,numba 0.67.0,numba 0.67.0,,
fuse_move_ifs,agent,no,,ok,ok,51475519,51701890,1.0044,0.2,2.77,agent rank v1=? v2=1,identical,4be046ffc4b2dabd,4be046ffc4b2dabd,,gcc (SUSE Linux) 13.3.1 20250313 [revisi,gcc-14 (SUSE Linux) 14.2.0 [/usr/bin/gcc,,rank=1 arm=llr40v10-kimi27sglang-c job=621017 seq=2 lang=c campaign_speedup=8.839 sha256=4be046ffc4b2dabd
fuse_move_ifs,c,no,,ok,ok,67512999,68231483,1.0106,0.22,0.63,fuse_move_ifs_fp64.c,preprocessed_identical,c436f9f9e32044a8,02a8c4bb04f2a9c3,47,gcc (SUSE Linux) 13.3.1 20250313 [revisi,gcc-14 (SUSE Linux) 14.2.0 [/usr/bin/gcc,,
fuse_move_ifs,c_reference,no,,ok,ok,67764032,67922502,1.0023,0.15,0.24,fuse_move_ifs_reference.c,identical,473478cf8c0223e4,473478cf8c0223e4,0,gcc (SUSE Linux) 13.3.1 20250313 [revisi,gcc-14 (SUSE Linux) 14.2.0 [/usr/bin/gcc,,source=fuse_move_ifs_reference.c sha256=473478cf8c0223e4
fuse_move_ifs,cpp,no,,ok,ok,67359500,67736107,1.0056,0.3,0.19,fuse_move_ifs_fp64.cpp,preprocessed_identical,af2276d219af5141,ba341360baf0254f,47,g++ (SUSE Linux) 13.3.1 20250313 [revisi,g++ (SUSE Linux) 13.3.1 20250313 [revisi,,
fuse_move_ifs,fortran,no,,ok,ok,65486854,67528946,1.0312,0.26,2.08,fuse_move_ifs_fp64.f90,identical,e451211e77193bf2,e451211e77193bf2,0,GNU Fortran (SUSE Linux) 13.3.1 20250313,GNU Fortran (SUSE Linux) 13.3.1 20250313,,
fuse_move_ifs,numba,no,,ok,ok,64960037,65298072,1.0052,0.3,0.38,fuse_move_ifs_numba_np.py,comments_only,79e9c416089b7b08,bd437b73c09f7070,0,numba 0.67.0,numba 0.67.0,,
fuse_stencil_through_transient,agent,no,,ok,ok,47580856,47764185,1.0039,5.18,7.21,agent rank v1=? v2=1,identical,19dae12d481d0433,19dae12d481d0433,,gcc (SUSE Linux) 13.3.1 20250313 [revisi,gcc-14 (SUSE Linux) 14.2.0 [/usr/bin/gcc,,rank=1 arm=llr40v10-kimi27sglang-c job=621017 seq=1 lang=c campaign_speedup=28.882 sha256=19dae12d481d0433
fuse_stencil_through_transient,c,no,,ok,ok,117342303,112280418,0.9569,15.73,23.3,fuse_stencil_through_transient_fp64.c,preprocessed_identical,07a3372cf4ac5aa1,9346c0469d98cdeb,47,gcc (SUSE Linux) 13.3.1 20250313 [revisi,gcc-14 (SUSE Linux) 14.2.0 [/usr/bin/gcc,,
fuse_stencil_through_transient,c_reference,no,,ok,ok,47424163,47730139,1.0065,0.39,1.06,fuse_stencil_through_transient_reference.c,identical,0acd59d853882c06,0acd59d853882c06,0,gcc (SUSE Linux) 13.3.1 20250313 [revisi,gcc-14 (SUSE Linux) 14.2.0 [/usr/bin/gcc,,source=fuse_stencil_through_transient_reference.c sha256=0acd59d853882c06
fuse_stencil_through_transient,cpp,no,,ok,ok,112437545,112978479,1.0048,4.51,2.86,fuse_stencil_through_transient_fp64.cpp,preprocessed_identical,187fbaab48e38c75,8149b15c84e14a19,47,g++ (SUSE Linux) 13.3.1 20250313 [revisi,g++ (SUSE Linux) 13.3.1 20250313 [revisi,,
fuse_stencil_through_transient,fortran,no,,ok,ok,117146727,114404612,0.9766,16.25,4.32,fuse_stencil_through_transient_fp64.f90,identical,03566ed6f216d854,03566ed6f216d854,0,GNU Fortran (SUSE Linux) 13.3.1 20250313,GNU Fortran (SUSE Linux) 13.3.1 20250313,,
fuse_stencil_through_transient,numba,no,,ok,ok,186197929,186343281,1.0008,10.94,10.37,fuse_stencil_through_transient_numba_np.py,comments_only,aec1efd75e24894c,c09677ee6d6e714f,0,numba 0.67.0,numba 0.67.0,,
quasi_affine_reduce_odd,agent,no,,ok,ok,63495008,63497169,1.0,0.24,0.37,agent rank v1=? v2=1,identical,fb86640f50a897ed,fb86640f50a897ed,,GNU Fortran (SUSE Linux) 13.3.1 20250313,GNU Fortran (SUSE Linux) 13.3.1 20250313,,rank=1 arm=llr40v10-qwen38-fortran job=621728 seq=1 lang=fortran campaign_speedup=10.364 sha256=fb86640f50a897ed
quasi_affine_reduce_odd,c,no,,ok,ok,63473740,63753833,1.0044,0.22,0.8,quasi_affine_reduce_odd_fp64.c,preprocessed_identical,7562ee8b3981ffc3,7378ea181ef1104f,47,gcc (SUSE Linux) 13.3.1 20250313 [revisi,gcc-14 (SUSE Linux) 14.2.0 [/usr/bin/gcc,,
quasi_affine_reduce_odd,c_reference,no,,ok,ok,66061327,66295803,1.0035,0.23,0.29,quasi_affine_reduce_odd_reference.c,identical,743ca676c255011f,743ca676c255011f,0,gcc (SUSE Linux) 13.3.1 20250313 [revisi,gcc-14 (SUSE Linux) 14.2.0 [/usr/bin/gcc,,source=quasi_affine_reduce_odd_reference.c sha256=743ca676c255011f
quasi_affine_reduce_odd,cpp,no,,ok,ok,63558248,63622765,1.001,0.16,0.22,quasi_affine_reduce_odd_fp64.cpp,preprocessed_identical,44589da497935490,b19acd398d2b4fc2,47,g++ (SUSE Linux) 13.3.1 20250313 [revisi,g++ (SUSE Linux) 13.3.1 20250313 [revisi,,
quasi_affine_reduce_odd,fortran,no,,ok,ok,63458663,63571983,1.0018,2.47,0.24,quasi_affine_reduce_odd_fp64.f90,identical,b09a9ec8ee5ac297,b09a9ec8ee5ac297,0,GNU Fortran (SUSE Linux) 13.3.1 20250313,GNU Fortran (SUSE Linux) 13.3.1 20250313,,
quasi_affine_reduce_odd,numba,no,,ok,ok,67338342,67380761,1.0006,0.56,0.36,quasi_affine_reduce_odd_numba_np.py,comments_only,9945f3cbe828abc9,98a5b0a0a4181cc2,0,numba 0.67.0,numba 0.67.0,,
scan_affine_decay,agent,no,,ok,ok,234817052,235269173,1.0019,0.11,0.37,agent rank v1=? v2=1,identical,7764c69a6bf0b572,7764c69a6bf0b572,,gcc (SUSE Linux) 13.3.1 20250313 [revisi,gcc-14 (SUSE Linux) 14.2.0 [/usr/bin/gcc,,rank=1 arm=llr40v10-qwen38-c job=621727 seq=2 lang=c campaign_speedup=8.244 sha256=7764c69a6bf0b572
scan_affine_decay,c,no,,ok,ok,118506026,118237756,0.9977,0.24,2.35,scan_affine_decay_fp64.c,preprocessed_identical,d64ef9e9c5c90619,466ca55c50f18ff0,47,gcc (SUSE Linux) 13.3.1 20250313 [revisi,gcc-14 (SUSE Linux) 14.2.0 [/usr/bin/gcc,,
scan_affine_decay,c_reference,no,,unsupported,unsupported,,,,,,scan_affine_decay_reference.c,n.a. (no _reference.c at either commit),,,,gcc (SUSE Linux) 13.3.1 20250313 [revisi,gcc-14 (SUSE Linux) 14.2.0 [/usr/bin/gcc,,no hand-written _reference.c in the corpus
scan_affine_decay,cpp,no,,ok,ok,118373770,118297306,0.9994,0.18,1.86,scan_affine_decay_fp64.cpp,preprocessed_identical,f5d8c666b2e1a95f,baac550ded7e421b,47,g++ (SUSE Linux) 13.3.1 20250313 [revisi,g++ (SUSE Linux) 13.3.1 20250313 [revisi,,
scan_affine_decay,fortran,no,,ok,ok,147618553,148016625,1.0027,0.25,0.19,scan_affine_decay_fp64.f90,identical,fc28754a308603a6,fc28754a308603a6,0,GNU Fortran (SUSE Linux) 13.3.1 20250313,GNU Fortran (SUSE Linux) 13.3.1 20250313,,
scan_affine_decay,numba,no,,ok,ok,147575355,147501088,0.9995,1.95,1.67,scan_affine_decay_numba_np.py,identical,d56541a73c275a30,d56541a73c275a30,0,numba 0.67.0,numba 0.67.0,,
scatter_accum_dup,agent,no,,ok,ok,936422646,938442833,1.0022,3.75,4.21,agent rank v1=? v2=2,identical,420c4bdf8babe5c9,420c4bdf8babe5c9,,gcc (SUSE Linux) 13.3.1 20250313 [revisi,gcc-14 (SUSE Linux) 14.2.0 [/usr/bin/gcc,,rank=2 arm=llr40v10-qwen38-c job=621727 seq=5 lang=c campaign_speedup=17.737 sha256=420c4bdf8babe5c9
scatter_accum_dup,c,no,,ok,ok,345656865,351243055,1.0162,0.65,5.68,scatter_accum_dup_fp64.c,preprocessed_identical,25669633033d537c,cf2aa44e921cb2b4,47,gcc (SUSE Linux) 13.3.1 20250313 [revisi,gcc-14 (SUSE Linux) 14.2.0 [/usr/bin/gcc,,
scatter_accum_dup,c_reference,no,,unsupported,unsupported,,,,,,scatter_accum_dup_reference.c,n.a. (no _reference.c at either commit),,,,gcc (SUSE Linux) 13.3.1 20250313 [revisi,gcc-14 (SUSE Linux) 14.2.0 [/usr/bin/gcc,,no hand-written _reference.c in the corpus
scatter_accum_dup,cpp,no,,ok,ok,345558415,352384144,1.0198,5.61,5.66,scatter_accum_dup_fp64.cpp,preprocessed_identical,6ced4ac68e3d9bca,f294ffa18fafd07d,47,g++ (SUSE Linux) 13.3.1 20250313 [revisi,g++ (SUSE Linux) 13.3.1 20250313 [revisi,,
scatter_accum_dup,fortran,no,,ok,ok,364215879,371434339,1.0198,7.2,5.52,scatter_accum_dup_fp64.f90,identical,d608176efc4d4559,d608176efc4d4559,0,GNU Fortran (SUSE Linux) 13.3.1 20250313,GNU Fortran (SUSE Linux) 13.3.1 20250313,,
scatter_accum_dup,numba,no,,ok,ok,401396384,409764030,1.0208,13.16,6.64,scatter_accum_dup_numba_np.py,identical,56740cc99b5e3791,56740cc99b5e3791,0,numba 0.67.0,numba 0.67.0,,
segment_reduce_ragged,agent,no,,ok,ok,38106470,37979728,0.9967,0.19,1.01,agent rank v1=? v2=1,identical,387cc5b48888c086,387cc5b48888c086,,gcc (SUSE Linux) 13.3.1 20250313 [revisi,gcc-14 (SUSE Linux) 14.2.0 [/usr/bin/gcc,,rank=1 arm=llr40v10-kimi27sglang-c job=621729 seq=3 lang=c campaign_speedup=13.969 sha256=387cc5b48888c086
segment_reduce_ragged,c,no,,ok,ok,38972759,38998515,1.0007,0.4,0.38,segment_reduce_ragged_fp64.c,preprocessed_identical,030cbedb3ce09844,74b40dbc4c4d5c18,47,gcc (SUSE Linux) 13.3.1 20250313 [revisi,gcc-14 (SUSE Linux) 14.2.0 [/usr/bin/gcc,,
segment_reduce_ragged,c_reference,no,,unsupported,unsupported,,,,,,segment_reduce_ragged_reference.c,n.a. (no _reference.c at either commit),,,,gcc (SUSE Linux) 13.3.1 20250313 [revisi,gcc-14 (SUSE Linux) 14.2.0 [/usr/bin/gcc,,no hand-written _reference.c in the corpus
segment_reduce_ragged,cpp,no,,ok,ok,38850560,38891254,1.001,0.27,0.52,segment_reduce_ragged_fp64.cpp,preprocessed_identical,9dd8d989d6332fb1,494d83b8858516c9,47,g++ (SUSE Linux) 13.3.1 20250313 [revisi,g++ (SUSE Linux) 13.3.1 20250313 [revisi,,
segment_reduce_ragged,fortran,no,,ok,ok,39645471,39790682,1.0037,0.33,0.48,segment_reduce_ragged_fp64.f90,identical,fd6596435f8eb8de,fd6596435f8eb8de,0,GNU Fortran (SUSE Linux) 13.3.1 20250313,GNU Fortran (SUSE Linux) 13.3.1 20250313,,
segment_reduce_ragged,numba,no,,ok,ok,55202724,56113975,1.0165,0.25,0.25,segment_reduce_ragged_numba_np.py,identical,19bf497dd60f8751,19bf497dd60f8751,0,numba 0.67.0,numba 0.67.0,,
tsvc_2_s115,agent,no,,incorrect,incorrect,87473829,89781439,1.0264,0.32,0.46,agent rank v1=? v2=5,identical,790a60721ae27536,790a60721ae27536,,gcc (SUSE Linux) 13.3.1 20250313 [revisi,gcc-14 (SUSE Linux) 14.2.0 [/usr/bin/gcc,,rank=5 arm=llr40v10-qwen38-c job=621383 seq=2 lang=c campaign_speedup=2.027 sha256=790a60721ae27536 | output did not match the NumPy reference
tsvc_2_s115,c,no,,incorrect,incorrect,82789852,83445862,1.0079,0.66,2.79,tsvc_2_s115_fp64.c,preprocessed_identical,e3b70f76bc566486,fef212c7c5b27ad0,47,gcc (SUSE Linux) 13.3.1 20250313 [revisi,gcc-14 (SUSE Linux) 14.2.0 [/usr/bin/gcc,,output did not match the NumPy reference
tsvc_2_s115,c_reference,no,,incorrect,incorrect,82835311,84697633,1.0225,2.75,2.67,tsvc_2_s115_reference.c,identical,123993dec309bef2,123993dec309bef2,0,gcc (SUSE Linux) 13.3.1 20250313 [revisi,gcc-14 (SUSE Linux) 14.2.0 [/usr/bin/gcc,,source=tsvc_2_s115_reference.c sha256=123993dec309bef2; output did not match the NumPy reference
tsvc_2_s115,cpp,no,,incorrect,incorrect,83581075,83601346,1.0002,1.61,0.62,tsvc_2_s115_fp64.cpp,preprocessed_identical,4ac80c806e85c4b5,0f81666767cce020,47,g++ (SUSE Linux) 13.3.1 20250313 [revisi,g++ (SUSE Linux) 13.3.1 20250313 [revisi,,output did not match the NumPy reference
tsvc_2_s115,fortran,no,,incorrect,incorrect,83749459,87249923,1.0418,0.37,0.56,tsvc_2_s115_fp64.f90,code,bb79d25f3e82d380,d06e65ce905ca439,30,GNU Fortran (SUSE Linux) 13.3.1 20250313,GNU Fortran (SUSE Linux) 13.3.1 20250313,,output did not match the NumPy reference
tsvc_2_s115,numba,no,,ok,ok,142112330,146828717,1.0332,1.29,1.64,tsvc_2_s115_numba_np.py,comments_only,6d9d8601f32faab5,09b110f2e52bc2fd,0,numba 0.67.0,numba 0.67.0,,
tsvc_2_s119,agent,no,,ok,ok,56672172,56940290,1.0047,0.39,0.36,agent rank v1=? v2=1,identical,43fd78e971948199,43fd78e971948199,,GNU Fortran (SUSE Linux) 13.3.1 20250313,GNU Fortran (SUSE Linux) 13.3.1 20250313,,rank=1 arm=llr40v10-kimi27sglang-fortran job=621731 seq=1 lang=fortran campaign_speedup=3.434 sha256=43fd78e971948199
tsvc_2_s119,c,no,,ok,ok,70226960,70122122,0.9985,0.32,0.6,tsvc_2_s119_fp64.c,preprocessed_identical,9841b3e6c8ef38ab,738dd3153dfddfaf,47,gcc (SUSE Linux) 13.3.1 20250313 [revisi,gcc-14 (SUSE Linux) 14.2.0 [/usr/bin/gcc,,
tsvc_2_s119,c_reference,no,,ok,ok,70433727,70486505,1.0007,0.34,0.4,tsvc_2_s119_reference.c,identical,49dbe536bda55b77,49dbe536bda55b77,0,gcc (SUSE Linux) 13.3.1 20250313 [revisi,gcc-14 (SUSE Linux) 14.2.0 [/usr/bin/gcc,,source=tsvc_2_s119_reference.c sha256=49dbe536bda55b77
tsvc_2_s119,cpp,no,,ok,ok,70641730,70423607,0.9969,0.25,1.82,tsvc_2_s119_fp64.cpp,preprocessed_identical,4672956a18df29c8,5664bf4d090067d8,47,g++ (SUSE Linux) 13.3.1 20250313 [revisi,g++ (SUSE Linux) 13.3.1 20250313 [revisi,,
tsvc_2_s119,fortran,no,,ok,ok,70263854,70037411,0.9968,0.26,0.43,tsvc_2_s119_fp64.f90,identical,53bf4f9f2a5eb92b,53bf4f9f2a5eb92b,0,GNU Fortran (SUSE Linux) 13.3.1 20250313,GNU Fortran (SUSE Linux) 13.3.1 20250313,,
tsvc_2_s119,numba,no,,ok,ok,68669825,69111069,1.0064,0.32,2.78,tsvc_2_s119_numba_np.py,comments_only,7d6850df3899f3c0,6eeed9cef6c68249,0,numba 0.67.0,numba 0.67.0,,
tsvc_2_s1232,agent,no,,ok,ok,12967869,13082702,1.0089,1.44,1.73,agent rank v1=? v2=2,identical,6440021a759f92e9,6440021a759f92e9,,GNU Fortran (SUSE Linux) 13.3.1 20250313,GNU Fortran (SUSE Linux) 13.3.1 20250313,,rank=2 arm=llr40v10-qwen38-fortran job=621385 seq=1 lang=fortran campaign_speedup=169.757 sha256=6440021a759f92e9
tsvc_2_s1232,c,no,,ok,ok,38410951,39130421,1.0187,19.37,29.66,tsvc_2_s1232_fp64.c,preprocessed_identical,a6e5d963ef6aefc7,6ab1075bb9b2e813,47,gcc (SUSE Linux) 13.3.1 20250313 [revisi,gcc-14 (SUSE Linux) 14.2.0 [/usr/bin/gcc,,
tsvc_2_s1232,c_reference,yes,time>5%,ok,ok,42381613,56188610,1.3258,6.67,16.49,tsvc_2_s1232_reference.c,identical,455109e4e2c80bee,455109e4e2c80bee,0,gcc (SUSE Linux) 13.3.1 20250313 [revisi,gcc-14 (SUSE Linux) 14.2.0 [/usr/bin/gcc,source identical for the compiler; change is harness/environment/noise,source=tsvc_2_s1232_reference.c sha256=455109e4e2c80bee
tsvc_2_s1232,cpp,yes,time>5%,ok,ok,63692375,50065305,0.786,5.64,33.43,tsvc_2_s1232_fp64.cpp,preprocessed_identical,b0c601b610bb0cfe,606b064ac8a11177,47,g++ (SUSE Linux) 13.3.1 20250313 [revisi,g++ (SUSE Linux) 13.3.1 20250313 [revisi,source identical for the compiler; change is harness/environment/noise,
tsvc_2_s1232,fortran,yes,time>5%,ok,ok,62012231,55642251,0.8973,1.08,4.06,tsvc_2_s1232_fp64.f90,identical,8cb3f94dc0fbb451,8cb3f94dc0fbb451,0,GNU Fortran (SUSE Linux) 13.3.1 20250313,GNU Fortran (SUSE Linux) 13.3.1 20250313,source identical for the compiler; change is harness/environment/noise,
tsvc_2_s1232,numba,yes,time>5%,ok,ok,62166878,83492026,1.343,12.44,7.09,tsvc_2_s1232_numba_np.py,comments_only,cf884806142e755c,e034868d8f71bbd6,0,numba 0.67.0,numba 0.67.0,source identical for the compiler; change is harness/environment/noise,
tsvc_2_s1244,agent,yes,time>5%,ok,ok,54877115,57978789,1.0565,5.51,4.23,agent rank v1=? v2=1,identical,4e6c66640f14417b,4e6c66640f14417b,,gcc (SUSE Linux) 13.3.1 20250313 [revisi,gcc-14 (SUSE Linux) 14.2.0 [/usr/bin/gcc,source identical for the compiler; change is harness/environment/noise,rank=1 arm=llr40v10-qwen38-c job=622265 seq=1 lang=c campaign_speedup=5.592 sha256=4e6c66640f14417b
tsvc_2_s1244,c,no,,ok,ok,52062377,53934727,1.036,1.11,4.96,tsvc_2_s1244_fp64.c,preprocessed_identical,065170883122bcea,80056322383fd21d,47,gcc (SUSE Linux) 13.3.1 20250313 [revisi,gcc-14 (SUSE Linux) 14.2.0 [/usr/bin/gcc,,
tsvc_2_s1244,c_reference,no,,ok,ok,52247788,53085619,1.016,0.91,4.38,tsvc_2_s1244_reference.c,identical,8d30e45e13623ebc,8d30e45e13623ebc,0,gcc (SUSE Linux) 13.3.1 20250313 [revisi,gcc-14 (SUSE Linux) 14.2.0 [/usr/bin/gcc,,source=tsvc_2_s1244_reference.c sha256=8d30e45e13623ebc
tsvc_2_s1244,cpp,no,,ok,ok,52104591,53555602,1.0278,4.36,4.56,tsvc_2_s1244_fp64.cpp,preprocessed_identical,d16b9df035e210e6,49e15ae37d1ae98c,47,g++ (SUSE Linux) 13.3.1 20250313 [revisi,g++ (SUSE Linux) 13.3.1 20250313 [revisi,,
tsvc_2_s1244,fortran,no,,ok,ok,54280017,53625520,0.9879,0.53,1.66,tsvc_2_s1244_fp64.f90,identical,de5c22c53845558f,de5c22c53845558f,0,GNU Fortran (SUSE Linux) 13.3.1 20250313,GNU Fortran (SUSE Linux) 13.3.1 20250313,,
tsvc_2_s1244,numba,no,,ok,ok,53573731,53458280,0.9978,0.17,1.67,tsvc_2_s1244_numba_np.py,comments_only,8ab6b31c5532366b,5bbc3ef51420a338,0,numba 0.67.0,numba 0.67.0,,
tsvc_2_s152,agent,no,,ok,ok,52507771,51630049,0.9833,0.5,0.5,agent rank v1=? v2=1,identical,1e896fc393340952,1e896fc393340952,,gcc (SUSE Linux) 13.3.1 20250313 [revisi,gcc-14 (SUSE Linux) 14.2.0 [/usr/bin/gcc,,rank=1 arm=llr40v10-oss120b-c job=621015 seq=1 lang=c campaign_speedup=6.056 sha256=1e896fc393340952
tsvc_2_s152,c,no,,ok,ok,64723170,63172255,0.976,0.38,2.72,tsvc_2_s152_fp64.c,preprocessed_identical,f65044a701963a29,de66532682753d57,47,gcc (SUSE Linux) 13.3.1 20250313 [revisi,gcc-14 (SUSE Linux) 14.2.0 [/usr/bin/gcc,,
tsvc_2_s152,c_reference,no,,ok,ok,52093416,51475590,0.9881,0.35,0.45,tsvc_2_s152_reference.c,identical,3c358eebfba6b2a7,3c358eebfba6b2a7,0,gcc (SUSE Linux) 13.3.1 20250313 [revisi,gcc-14 (SUSE Linux) 14.2.0 [/usr/bin/gcc,,source=tsvc_2_s152_reference.c sha256=3c358eebfba6b2a7
tsvc_2_s152,cpp,no,,ok,ok,63859878,62457109,0.978,2.24,0.74,tsvc_2_s152_fp64.cpp,preprocessed_identical,9de0beed018113f8,d8b4b22a1836ffa0,47,g++ (SUSE Linux) 13.3.1 20250313 [revisi,g++ (SUSE Linux) 13.3.1 20250313 [revisi,,
tsvc_2_s152,fortran,no,,ok,ok,64369082,62562994,0.9719,0.3,1.22,tsvc_2_s152_fp64.f90,identical,012c1c0130f15853,012c1c0130f15853,0,GNU Fortran (SUSE Linux) 13.3.1 20250313,GNU Fortran (SUSE Linux) 13.3.1 20250313,,
tsvc_2_s152,numba,no,,ok,ok,64319165,63075000,0.9807,0.28,0.32,tsvc_2_s152_numba_np.py,comments_only,09b9b65dccc83f0c,5d3a36e103c1a323,0,numba 0.67.0,numba 0.67.0,,
tsvc_2_s2233,agent,no,,unsupported,unsupported,,,,,,agent rank v1=? v2=?,n.a. (no agent submission),,,,,,,no agent submission in either campaign
tsvc_2_s2233,c,no,,ok,ok,424603285,430446729,1.0138,0.37,12.17,tsvc_2_s2233_fp64.c,preprocessed_identical,be1f211186581c5f,c3ab39167d568ebf,47,gcc (SUSE Linux) 13.3.1 20250313 [revisi,gcc-14 (SUSE Linux) 14.2.0 [/usr/bin/gcc,,
tsvc_2_s2233,c_reference,no,,ok,ok,420731164,422570724,1.0044,9.33,8.94,tsvc_2_s2233_reference.c,identical,c8663d708d82e4c5,c8663d708d82e4c5,0,gcc (SUSE Linux) 13.3.1 20250313 [revisi,gcc-14 (SUSE Linux) 14.2.0 [/usr/bin/gcc,,source=tsvc_2_s2233_reference.c sha256=c8663d708d82e4c5
tsvc_2_s2233,cpp,no,,ok,ok,420290128,434572583,1.034,2.59,6.18,tsvc_2_s2233_fp64.cpp,preprocessed_identical,dfb73841e41ba792,43d058eb6ed0a1cc,47,g++ (SUSE Linux) 13.3.1 20250313 [revisi,g++ (SUSE Linux) 13.3.1 20250313 [revisi,,
tsvc_2_s2233,fortran,no,,ok,ok,424003966,422000881,0.9953,3.87,0.88,tsvc_2_s2233_fp64.f90,identical,54b770181fb345f2,54b770181fb345f2,0,GNU Fortran (SUSE Linux) 13.3.1 20250313,GNU Fortran (SUSE Linux) 13.3.1 20250313,,
tsvc_2_s2233,numba,no,,ok,ok,454389306,453903214,0.9989,15.54,5.77,tsvc_2_s2233_numba_np.py,comments_only,ee931073b031aa9c,b10fd64e4bebd232,0,numba 0.67.0,numba 0.67.0,,
tsvc_2_s2275,agent,no,,ok,ok,74525726,75137529,1.0082,0.26,0.39,agent rank v1=? v2=1,identical,a58a2749beacaa62,a58a2749beacaa62,,gcc (SUSE Linux) 13.3.1 20250313 [revisi,gcc-14 (SUSE Linux) 14.2.0 [/usr/bin/gcc,,rank=1 arm=llr40v10-qwen38-c job=621016 seq=1 lang=c campaign_speedup=125.947 sha256=a58a2749beacaa62
tsvc_2_s2275,c,yes,time>5%,ok,ok,539681455,668725388,1.2391,17.02,17.02,tsvc_2_s2275_fp64.c,preprocessed_identical,3969c00e4bbfa72d,7869ddc9d7a70cd4,47,gcc (SUSE Linux) 13.3.1 20250313 [revisi,gcc-14 (SUSE Linux) 14.2.0 [/usr/bin/gcc,source identical for the compiler; change is harness/environment/noise,
tsvc_2_s2275,c_reference,yes,time>5%,ok,ok,934265767,426454194,0.4565,4.66,17.34,tsvc_2_s2275_reference.c,identical,37d66de66de797fc,37d66de66de797fc,0,gcc (SUSE Linux) 13.3.1 20250313 [revisi,gcc-14 (SUSE Linux) 14.2.0 [/usr/bin/gcc,source identical for the compiler; change is harness/environment/noise,source=tsvc_2_s2275_reference.c sha256=37d66de66de797fc
tsvc_2_s2275,cpp,yes,time>5%,ok,ok,898521375,606938955,0.6755,5.08,16.68,tsvc_2_s2275_fp64.cpp,preprocessed_identical,74a7dc0d197c9774,5cb28a9e3797641e,47,g++ (SUSE Linux) 13.3.1 20250313 [revisi,g++ (SUSE Linux) 13.3.1 20250313 [revisi,source identical for the compiler; change is harness/environment/noise,
tsvc_2_s2275,fortran,yes,time>5%,ok,ok,484004328,684133325,1.4135,10.21,15.18,tsvc_2_s2275_fp64.f90,identical,c71a90443ebad271,c71a90443ebad271,0,GNU Fortran (SUSE Linux) 13.3.1 20250313,GNU Fortran (SUSE Linux) 13.3.1 20250313,source identical for the compiler; change is harness/environment/noise,
tsvc_2_s2275,numba,yes,time>5%,ok,ok,783216787,645966934,0.8248,7.52,6.12,tsvc_2_s2275_numba_np.py,comments_only,b2008a760b931fc5,90676eacd4ef171c,0,numba 0.67.0,numba 0.67.0,source identical for the compiler; change is harness/environment/noise,
tsvc_2_s231,agent,no,,ok,ok,69227823,69884152,1.0095,0.42,0.46,agent rank v1=? v2=1,identical,04ed18204f6a6fb8,04ed18204f6a6fb8,,gcc (SUSE Linux) 13.3.1 20250313 [revisi,gcc-14 (SUSE Linux) 14.2.0 [/usr/bin/gcc,,rank=1 arm=llr40v10-qwen38-c job=621016 seq=2 lang=c campaign_speedup=96.274 sha256=04ed18204f6a6fb8
tsvc_2_s231,c,yes,time>5%,ok,ok,767349825,723288262,0.9426,3.55,3.93,tsvc_2_s231_fp64.c,preprocessed_identical,0e256910352f74b0,9d2dc3fe6a50c7c0,47,gcc (SUSE Linux) 13.3.1 20250313 [revisi,gcc-14 (SUSE Linux) 14.2.0 [/usr/bin/gcc,source identical for the compiler; change is harness/environment/noise,
tsvc_2_s231,c_reference,yes,time>5%,ok,ok,658325122,547473416,0.8316,5.21,19.98,tsvc_2_s231_reference.c,identical,9f1ad23b84e1aa3a,9f1ad23b84e1aa3a,0,gcc (SUSE Linux) 13.3.1 20250313 [revisi,gcc-14 (SUSE Linux) 14.2.0 [/usr/bin/gcc,source identical for the compiler; change is harness/environment/noise,source=tsvc_2_s231_reference.c sha256=9f1ad23b84e1aa3a
tsvc_2_s231,cpp,yes,time>5%,ok,ok,734677250,693995628,0.9446,2.81,6.5,tsvc_2_s231_fp64.cpp,preprocessed_identical,c4a55fcd257205e3,f0256a4aa23d59e0,47,g++ (SUSE Linux) 13.3.1 20250313 [revisi,g++ (SUSE Linux) 13.3.1 20250313 [revisi,source identical for the compiler; change is harness/environment/noise,
tsvc_2_s231,fortran,yes,time>5%,ok,ok,651544961,706686699,1.0846,4.93,7.28,tsvc_2_s231_fp64.f90,identical,430d9061eca4f58d,430d9061eca4f58d,0,GNU Fortran (SUSE Linux) 13.3.1 20250313,GNU Fortran (SUSE Linux) 13.3.1 20250313,source identical for the compiler; change is harness/environment/noise,
tsvc_2_s231,numba,no,,ok,ok,569430453,594693929,1.0444,6.93,12.32,tsvc_2_s231_numba_np.py,comments_only,7353fa07054ba73d,667903b0aced6892,0,numba 0.67.0,numba 0.67.0,,
tsvc_2_s233,agent,no,,ok,ok,66540458,66695432,1.0023,1.97,1.3,agent rank v1=? v2=2,identical,5179b85fb41f95d2,5179b85fb41f95d2,,gcc (SUSE Linux) 13.3.1 20250313 [revisi,gcc-14 (SUSE Linux) 14.2.0 [/usr/bin/gcc,,rank=2 arm=llr40v10-qwen38-c job=621727 seq=1 lang=c campaign_speedup=75.072 sha256=5179b85fb41f95d2
tsvc_2_s233,c,no,,ok,ok,700471451,681603219,0.9731,1.63,4.42,tsvc_2_s233_fp64.c,preprocessed_identical,63b60c0b545ccd14,75f09fac366d1acd,47,gcc (SUSE Linux) 13.3.1 20250313 [revisi,gcc-14 (SUSE Linux) 14.2.0 [/usr/bin/gcc,,
tsvc_2_s233,c_reference,no,,ok,ok,713806608,690875361,0.9679,4.94,2.38,tsvc_2_s233_reference.c,identical,3d027645c0272e89,3d027645c0272e89,0,gcc (SUSE Linux) 13.3.1 20250313 [revisi,gcc-14 (SUSE Linux) 14.2.0 [/usr/bin/gcc,,source=tsvc_2_s233_reference.c sha256=3d027645c0272e89
tsvc_2_s233,cpp,no,,ok,ok,710731299,681915981,0.9595,1.75,3.31,tsvc_2_s233_fp64.cpp,preprocessed_identical,f7bcd8071ebd2ea6,5b5bf1424de70a13,47,g++ (SUSE Linux) 13.3.1 20250313 [revisi,g++ (SUSE Linux) 13.3.1 20250313 [revisi,,
tsvc_2_s233,fortran,yes,time>5%,ok,ok,714114931,657113998,0.9202,3.37,3.95,tsvc_2_s233_fp64.f90,identical,db4f4ae15d0e7f2a,db4f4ae15d0e7f2a,0,GNU Fortran (SUSE Linux) 13.3.1 20250313,GNU Fortran (SUSE Linux) 13.3.1 20250313,source identical for the compiler; change is harness/environment/noise,
tsvc_2_s233,numba,yes,time>5%,ok,ok,732755868,673528964,0.9192,10.89,2.26,tsvc_2_s233_numba_np.py,comments_only,5f78d513040bc464,4bc6cda8eb81e45b,0,numba 0.67.0,numba 0.67.0,source identical for the compiler; change is harness/environment/noise,
tsvc_2_s235,agent,no,,ok,ok,57029976,57964950,1.0164,2.61,0.91,agent rank v1=? v2=1,identical,a769df14b4e33607,a769df14b4e33607,,GNU Fortran (SUSE Linux) 13.3.1 20250313,GNU Fortran (SUSE Linux) 13.3.1 20250313,,rank=1 arm=llr40v10-kimi27sglang-fortran job=621022 seq=2 lang=fortran campaign_speedup=32.223 sha256=a769df14b4e33607
tsvc_2_s235,c,yes,time>5%,ok,ok,670073014,789169703,1.1777,3.7,4.23,tsvc_2_s235_fp64.c,preprocessed_identical,454be8d0632593ea,49083f6e5f0a5b51,47,gcc (SUSE Linux) 13.3.1 20250313 [revisi,gcc-14 (SUSE Linux) 14.2.0 [/usr/bin/gcc,source identical for the compiler; change is harness/environment/noise,
tsvc_2_s235,c_reference,yes,time>5%,ok,ok,489549246,799183423,1.6325,13.93,4.08,tsvc_2_s235_reference.c,identical,2b951a54990630ee,2b951a54990630ee,0,gcc (SUSE Linux) 13.3.1 20250313 [revisi,gcc-14 (SUSE Linux) 14.2.0 [/usr/bin/gcc,source identical for the compiler; change is harness/environment/noise,source=tsvc_2_s235_reference.c sha256=2b951a54990630ee
tsvc_2_s235,cpp,yes,time>5%,ok,ok,726513019,544958692,0.7501,14.73,13.58,tsvc_2_s235_fp64.cpp,preprocessed_identical,7275c2fc45ab9001,c5aa5999125195dc,47,g++ (SUSE Linux) 13.3.1 20250313 [revisi,g++ (SUSE Linux) 13.3.1 20250313 [revisi,source identical for the compiler; change is harness/environment/noise,
tsvc_2_s235,fortran,yes,time>5%,ok,ok,732190595,539444596,0.7368,4.35,11.07,tsvc_2_s235_fp64.f90,identical,40aa4b9b6667b4a7,40aa4b9b6667b4a7,0,GNU Fortran (SUSE Linux) 13.3.1 20250313,GNU Fortran (SUSE Linux) 13.3.1 20250313,source identical for the compiler; change is harness/environment/noise,
tsvc_2_s235,numba,yes,time>5%,ok,ok,396884696,460214200,1.1596,7.81,16.41,tsvc_2_s235_numba_np.py,comments_only,4ef61563c0699f9f,bc382eaa62b5d472,0,numba 0.67.0,numba 0.67.0,source identical for the compiler; change is harness/environment/noise,
tsvc_2_s252,agent,no,,ok,ok,87344058,83854289,0.96,21.31,0.63,agent rank v1=? v2=1,identical,71abe07e7f72019f,71abe07e7f72019f,,gcc (SUSE Linux) 13.3.1 20250313 [revisi,gcc-14 (SUSE Linux) 14.2.0 [/usr/bin/gcc,,rank=1 arm=llr40v10-kimi27sglang-c job=621018 seq=2 lang=c campaign_speedup=5.216 sha256=71abe07e7f72019f
tsvc_2_s252,c,no,,ok,ok,81575658,82331684,1.0093,3.21,5.44,tsvc_2_s252_fp64.c,preprocessed_identical,ed3132ac980ce3ed,9a00c47c214d4e6d,47,gcc (SUSE Linux) 13.3.1 20250313 [revisi,gcc-14 (SUSE Linux) 14.2.0 [/usr/bin/gcc,,
tsvc_2_s252,c_reference,yes,time>5%,ok,ok,81178641,85917723,1.0584,3.61,2.84,tsvc_2_s252_reference.c,identical,99dd993ff020229d,99dd993ff020229d,0,gcc (SUSE Linux) 13.3.1 20250313 [revisi,gcc-14 (SUSE Linux) 14.2.0 [/usr/bin/gcc,source identical for the compiler; change is harness/environment/noise,source=tsvc_2_s252_reference.c sha256=99dd993ff020229d
tsvc_2_s252,cpp,no,,ok,ok,84631794,87736055,1.0367,1.83,2.92,tsvc_2_s252_fp64.cpp,preprocessed_identical,485d056b3af142bb,acf825aa7efa6b54,47,g++ (SUSE Linux) 13.3.1 20250313 [revisi,g++ (SUSE Linux) 13.3.1 20250313 [revisi,,
tsvc_2_s252,fortran,no,,ok,ok,86129670,85632109,0.9942,21.23,0.37,tsvc_2_s252_fp64.f90,identical,1e8139b7060dccc7,1e8139b7060dccc7,0,GNU Fortran (SUSE Linux) 13.3.1 20250313,GNU Fortran (SUSE Linux) 13.3.1 20250313,,
tsvc_2_s252,numba,no,,ok,ok,81140418,80709486,0.9947,0.85,1.07,tsvc_2_s252_numba_np.py,comments_only,c07cff9c3496dc64,2f51ef697c98c9c3,0,numba 0.67.0,numba 0.67.0,,
tsvc_2_s255,agent,no,,ok,ok,65565937,66126100,1.0085,2.59,0.69,agent rank v1=? v2=1,identical,38ad53a4faa12be5,38ad53a4faa12be5,,GNU Fortran (SUSE Linux) 13.3.1 20250313,GNU Fortran (SUSE Linux) 13.3.1 20250313,,rank=1 arm=llr40v10-qwen38-fortran job=621728 seq=1 lang=fortran campaign_speedup=247.766 sha256=38ad53a4faa12be5
tsvc_2_s255,c,no,,ok,ok,76491949,77590027,1.0144,1.49,3.31,tsvc_2_s255_fp64.c,preprocessed_identical,f92e2ad98229d5ca,9658c497a70cc7bf,47,gcc (SUSE Linux) 13.3.1 20250313 [revisi,gcc-14 (SUSE Linux) 14.2.0 [/usr/bin/gcc,,
tsvc_2_s255,c_reference,no,,ok,ok,76875296,77487762,1.008,2.97,12.67,tsvc_2_s255_reference.c,identical,d0906f68c79e1e1d,d0906f68c79e1e1d,0,gcc (SUSE Linux) 13.3.1 20250313 [revisi,gcc-14 (SUSE Linux) 14.2.0 [/usr/bin/gcc,,source=tsvc_2_s255_reference.c sha256=d0906f68c79e1e1d
tsvc_2_s255,cpp,no,,ok,ok,77305847,77273077,0.9996,1.16,1.22,tsvc_2_s255_fp64.cpp,preprocessed_identical,f450171e55749c2a,3caf15f4d61333df,47,g++ (SUSE Linux) 13.3.1 20250313 [revisi,g++ (SUSE Linux) 13.3.1 20250313 [revisi,,
tsvc_2_s255,fortran,no,,ok,ok,76177754,77747878,1.0206,1.12,0.92,tsvc_2_s255_fp64.f90,identical,7e803f56b374e963,7e803f56b374e963,0,GNU Fortran (SUSE Linux) 13.3.1 20250313,GNU Fortran (SUSE Linux) 13.3.1 20250313,,
tsvc_2_s255,numba,no,,ok,ok,81051255,80599088,0.9944,0.18,1.02,tsvc_2_s255_numba_np.py,comments_only,1da5238732fef487,a5419c6937d2ab33,0,numba 0.67.0,numba 0.67.0,,
tsvc_2_s2710,agent,no,,ok,ok,82592003,84452099,1.0225,0.35,2.86,agent rank v1=? v2=1,identical,91c5abb4bd6419b5,91c5abb4bd6419b5,,GNU Fortran (SUSE Linux) 13.3.1 20250313,GNU Fortran (SUSE Linux) 13.3.1 20250313,,rank=1 arm=llr40v10-kimi27sglang-fortran job=621022 seq=5 lang=fortran campaign_speedup=40.509 sha256=91c5abb4bd6419b5
tsvc_2_s2710,c,no,,ok,ok,214572822,220599869,1.0281,1.1,0.5,tsvc_2_s2710_fp64.c,preprocessed_identical,74c9b882ed5002e0,24b2c7f79fe1961b,47,gcc (SUSE Linux) 13.3.1 20250313 [revisi,gcc-14 (SUSE Linux) 14.2.0 [/usr/bin/gcc,,
tsvc_2_s2710,c_reference,no,,ok,ok,215509622,219744989,1.0197,9.51,26.69,tsvc_2_s2710_reference.c,identical,b9082229eb88c749,b9082229eb88c749,0,gcc (SUSE Linux) 13.3.1 20250313 [revisi,gcc-14 (SUSE Linux) 14.2.0 [/usr/bin/gcc,,source=tsvc_2_s2710_reference.c sha256=b9082229eb88c749
tsvc_2_s2710,cpp,no,,ok,ok,216224396,216705725,1.0022,0.15,2.36,tsvc_2_s2710_fp64.cpp,preprocessed_identical,149822242bd11f45,aadf4e579bd33bb7,47,g++ (SUSE Linux) 13.3.1 20250313 [revisi,g++ (SUSE Linux) 13.3.1 20250313 [revisi,,
tsvc_2_s2710,fortran,no,,ok,ok,219213612,225108763,1.0269,6.17,41.1,tsvc_2_s2710_fp64.f90,identical,2e8727c086d28ff5,2e8727c086d28ff5,0,GNU Fortran (SUSE Linux) 13.3.1 20250313,GNU Fortran (SUSE Linux) 13.3.1 20250313,,
tsvc_2_s2710,numba,no,,ok,ok,92479095,93438060,1.0104,7.1,3.76,tsvc_2_s2710_numba_np.py,comments_only,96499bce3b445759,f5e8b4fc7aae282b,0,numba 0.67.0,numba 0.67.0,,
tsvc_2_s275,agent,no,,ok,ok,161897343,163869617,1.0122,0.73,1.17,agent rank v1=? v2=1,identical,0f148b2b32589e8d,0f148b2b32589e8d,,GNU Fortran (SUSE Linux) 13.3.1 20250313,GNU Fortran (SUSE Linux) 13.3.1 20250313,,rank=1 arm=llr40v10-qwen38-fortran job=621385 seq=2 lang=fortran campaign_speedup=52.994 sha256=0f148b2b32589e8d
tsvc_2_s275,c,no,,ok,ok,695539163,703957382,1.0121,4.69,12.63,tsvc_2_s275_fp64.c,preprocessed_identical,22273e35fca4b614,bf894895dc11c83f,47,gcc (SUSE Linux) 13.3.1 20250313 [revisi,gcc-14 (SUSE Linux) 14.2.0 [/usr/bin/gcc,,
tsvc_2_s275,c_reference,no,,ok,ok,717165652,720849151,1.0051,12.02,12.43,tsvc_2_s275_reference.c,identical,f1196da07f7aa442,f1196da07f7aa442,0,gcc (SUSE Linux) 13.3.1 20250313 [revisi,gcc-14 (SUSE Linux) 14.2.0 [/usr/bin/gcc,,source=tsvc_2_s275_reference.c sha256=f1196da07f7aa442
tsvc_2_s275,cpp,no,,ok,ok,714842303,719880872,1.007,7.7,5.96,tsvc_2_s275_fp64.cpp,preprocessed_identical,f350aed14296f276,6c81d952586589bc,47,g++ (SUSE Linux) 13.3.1 20250313 [revisi,g++ (SUSE Linux) 13.3.1 20250313 [revisi,,
tsvc_2_s275,fortran,yes,time>5%,ok,ok,679498599,545746239,0.8032,7.97,14.0,tsvc_2_s275_fp64.f90,identical,10d01e278e345301,10d01e278e345301,0,GNU Fortran (SUSE Linux) 13.3.1 20250313,GNU Fortran (SUSE Linux) 13.3.1 20250313,source identical for the compiler; change is harness/environment/noise,
tsvc_2_s275,numba,yes,time>5%,ok,ok,584545543,476215020,0.8147,11.53,8.83,tsvc_2_s275_numba_np.py,comments_only,3c4905f626ad570e,88ce5d2e049bfd60,0,numba 0.67.0,numba 0.67.0,source identical for the compiler; change is harness/environment/noise,
tsvc_2_s311,agent,no,,ok,ok,75830160,75832855,1.0,0.24,0.87,agent rank v1=? v2=1,identical,a0e8000562ea9700,a0e8000562ea9700,,GNU Fortran (SUSE Linux) 13.3.1 20250313,GNU Fortran (SUSE Linux) 13.3.1 20250313,,rank=1 arm=llr40v10-qwen38-fortran job=622266 seq=1 lang=fortran campaign_speedup=20.388 sha256=a0e8000562ea9700
tsvc_2_s311,c,no,,ok,ok,136657239,135631908,0.9925,0.11,0.23,tsvc_2_s311_fp64.c,preprocessed_identical,3863d917a00170d7,c94e603a089b8fc2,47,gcc (SUSE Linux) 13.3.1 20250313 [revisi,gcc-14 (SUSE Linux) 14.2.0 [/usr/bin/gcc,,
tsvc_2_s311,c_reference,no,,ok,ok,136721414,137264882,1.004,0.16,0.33,tsvc_2_s311_reference.c,identical,0f8523ac721d9f18,0f8523ac721d9f18,0,gcc (SUSE Linux) 13.3.1 20250313 [revisi,gcc-14 (SUSE Linux) 14.2.0 [/usr/bin/gcc,,source=tsvc_2_s311_reference.c sha256=0f8523ac721d9f18
tsvc_2_s311,cpp,no,,ok,ok,136740712,135997523,0.9946,0.1,1.14,tsvc_2_s311_fp64.cpp,preprocessed_identical,7850cabd1217d711,56aa2ee830154462,47,g++ (SUSE Linux) 13.3.1 20250313 [revisi,g++ (SUSE Linux) 13.3.1 20250313 [revisi,,
tsvc_2_s311,fortran,yes,time>5%,ok,ok,136654177,77027686,0.5637,2.23,1.1,tsvc_2_s311_fp64.f90,code,5c49e125ced37011,a0e8000562ea9700,25,GNU Fortran (SUSE Linux) 13.3.1 20250313,GNU Fortran (SUSE Linux) 13.3.1 20250313,timed source changed between commits,
tsvc_2_s311,numba,no,,ok,ok,136652037,136836234,1.0013,0.1,0.33,tsvc_2_s311_numba_np.py,comments_only,e56d450c81cb7e6a,b485f133daba6cc6,0,numba 0.67.0,numba 0.67.0,,
tsvc_2_s3110,agent,no,,ok,ok,121530459,121915388,1.0032,0.36,2.12,agent rank v1=? v2=3,identical,200d711633cc4004,200d711633cc4004,,gcc (SUSE Linux) 13.3.1 20250313 [revisi,gcc-14 (SUSE Linux) 14.2.0 [/usr/bin/gcc,,rank=3 arm=llr40v10-kimi27sglang-c job=621730 seq=2 lang=c campaign_speedup=14.828 sha256=200d711633cc4004
tsvc_2_s3110,c,no,,ok,ok,121443161,120156475,0.9894,16.13,10.97,tsvc_2_s3110_fp64.c,preprocessed_identical,5e4c1194323df478,13cdddec8a503656,47,gcc (SUSE Linux) 13.3.1 20250313 [revisi,gcc-14 (SUSE Linux) 14.2.0 [/usr/bin/gcc,,
tsvc_2_s3110,c_reference,no,,ok,ok,121484503,120759934,0.994,20.92,21.17,tsvc_2_s3110_reference.c,identical,f761d4122cc24220,f761d4122cc24220,0,gcc (SUSE Linux) 13.3.1 20250313 [revisi,gcc-14 (SUSE Linux) 14.2.0 [/usr/bin/gcc,,source=tsvc_2_s3110_reference.c sha256=f761d4122cc24220
tsvc_2_s3110,cpp,no,,ok,ok,121751996,120389236,0.9888,21.38,8.65,tsvc_2_s3110_fp64.cpp,preprocessed_identical,e7c404e42dadabb7,95fdb406dab63a16,47,g++ (SUSE Linux) 13.3.1 20250313 [revisi,g++ (SUSE Linux) 13.3.1 20250313 [revisi,,
tsvc_2_s3110,fortran,no,,ok,ok,120863634,121467252,1.005,20.64,17.88,tsvc_2_s3110_fp64.f90,code,d9aa28c6c02b7fc3,2826f2bbc16e65f0,4,GNU Fortran (SUSE Linux) 13.3.1 20250313,GNU Fortran (SUSE Linux) 13.3.1 20250313,,
tsvc_2_s3110,numba,no,,ok,ok,320071334,315336201,0.9852,0.19,0.34,tsvc_2_s3110_numba_np.py,comments_only,e6693f3827ef4314,a300e6f62ef4bd81,0,numba 0.67.0,numba 0.67.0,,
tsvc_2_s3111,agent,no,,ok,ok,124037875,125840238,1.0145,2.96,0.24,agent rank v1=? v2=2,identical,d001c96b2307f575,d001c96b2307f575,,gcc (SUSE Linux) 13.3.1 20250313 [revisi,gcc-14 (SUSE Linux) 14.2.0 [/usr/bin/gcc,,rank=2 arm=llr40v10-qwen38-c job=622265 seq=1 lang=c campaign_speedup=28.882 sha256=d001c96b2307f575
tsvc_2_s3111,c,no,,ok,ok,123912519,126491207,1.0208,2.33,0.31,tsvc_2_s3111_fp64.c,preprocessed_identical,7c9a2717aa5d0a27,602202884f12da8b,47,gcc (SUSE Linux) 13.3.1 20250313 [revisi,gcc-14 (SUSE Linux) 14.2.0 [/usr/bin/gcc,,
tsvc_2_s3111,c_reference,no,,ok,ok,123959765,126333936,1.0192,0.26,0.49,tsvc_2_s3111_reference.c,identical,85c653ceb8551f40,85c653ceb8551f40,0,gcc (SUSE Linux) 13.3.1 20250313 [revisi,gcc-14 (SUSE Linux) 14.2.0 [/usr/bin/gcc,,source=tsvc_2_s3111_reference.c sha256=85c653ceb8551f40
tsvc_2_s3111,cpp,no,,ok,ok,123889683,124905368,1.0082,0.24,0.33,tsvc_2_s3111_fp64.cpp,preprocessed_identical,88dd8b0abc2f9308,23394b2da5e072c4,47,g++ (SUSE Linux) 13.3.1 20250313 [revisi,g++ (SUSE Linux) 13.3.1 20250313 [revisi,,
tsvc_2_s3111,fortran,no,,ok,ok,721638198,728596290,1.0096,1.18,0.22,tsvc_2_s3111_fp64.f90,identical,142b5857d12db8f7,142b5857d12db8f7,0,GNU Fortran (SUSE Linux) 13.3.1 20250313,GNU Fortran (SUSE Linux) 13.3.1 20250313,,
tsvc_2_s3111,numba,no,,ok,ok,309534035,313951508,1.0143,1.53,0.39,tsvc_2_s3111_numba_np.py,comments_only,4afd898bae71001e,1f9ef926f80aacf9,0,numba 0.67.0,numba 0.67.0,,
tsvc_2_s3112,agent,no,,ok,ok,81578411,79884446,0.9792,0.11,0.27,agent rank v1=? v2=1,identical,a24bd69bafc495b7,a24bd69bafc495b7,,GNU Fortran (SUSE Linux) 13.3.1 20250313,GNU Fortran (SUSE Linux) 13.3.1 20250313,,rank=1 arm=llr40v10-oss120b-fortran job=621019 seq=1 lang=fortran campaign_speedup=1.000 sha256=a24bd69bafc495b7
tsvc_2_s3112,c,no,,ok,ok,81608418,79808612,0.9779,20.22,0.28,tsvc_2_s3112_fp64.c,preprocessed_identical,d9b2b5c803f01f7e,0a55808b8a411e53,47,gcc (SUSE Linux) 13.3.1 20250313 [revisi,gcc-14 (SUSE Linux) 14.2.0 [/usr/bin/gcc,,
tsvc_2_s3112,c_reference,no,,ok,ok,81489723,79797729,0.9792,3.66,0.23,tsvc_2_s3112_reference.c,identical,32971573861117eb,32971573861117eb,0,gcc (SUSE Linux) 13.3.1 20250313 [revisi,gcc-14 (SUSE Linux) 14.2.0 [/usr/bin/gcc,,source=tsvc_2_s3112_reference.c sha256=32971573861117eb
tsvc_2_s3112,cpp,no,,ok,ok,81569542,79904513,0.9796,2.15,0.12,tsvc_2_s3112_fp64.cpp,preprocessed_identical,91c5a4b501c1c94f,481114ff72f0f7e1,47,g++ (SUSE Linux) 13.3.1 20250313 [revisi,g++ (SUSE Linux) 13.3.1 20250313 [revisi,,
tsvc_2_s3112,fortran,no,,ok,ok,81581161,79758630,0.9777,0.19,0.16,tsvc_2_s3112_fp64.f90,identical,0761bcd6a16a58d9,0761bcd6a16a58d9,0,GNU Fortran (SUSE Linux) 13.3.1 20250313,GNU Fortran (SUSE Linux) 13.3.1 20250313,,
tsvc_2_s3112,numba,no,,ok,ok,81465417,79744291,0.9789,1.32,0.16,tsvc_2_s3112_numba_np.py,comments_only,1f283f347df3e51b,3d8d788618818674,0,numba 0.67.0,numba 0.67.0,,
tsvc_2_s316,agent,no,,ok,ok,68796906,69300886,1.0073,0.5,0.27,agent rank v1=? v2=1,identical,5db746384e6f0c8f,5db746384e6f0c8f,,GNU Fortran (SUSE Linux) 13.3.1 20250313,GNU Fortran (SUSE Linux) 13.3.1 20250313,,rank=1 arm=llr40v10-oss120b-fortran job=621019 seq=1 lang=fortran campaign_speedup=13.831 sha256=5db746384e6f0c8f
tsvc_2_s316,c,no,,ok,ok,274475685,275838896,1.005,0.95,0.17,tsvc_2_s316_fp64.c,preprocessed_identical,08dcd0a293fbd220,d0b4cc3319936777,47,gcc (SUSE Linux) 13.3.1 20250313 [revisi,gcc-14 (SUSE Linux) 14.2.0 [/usr/bin/gcc,,
tsvc_2_s316,c_reference,no,,ok,ok,274482347,275989844,1.0055,2.51,7.21,tsvc_2_s316_reference.c,identical,319aa50c0a4fc32c,319aa50c0a4fc32c,0,gcc (SUSE Linux) 13.3.1 20250313 [revisi,gcc-14 (SUSE Linux) 14.2.0 [/usr/bin/gcc,,source=tsvc_2_s316_reference.c sha256=319aa50c0a4fc32c
tsvc_2_s316,cpp,no,,ok,ok,78830628,79980115,1.0146,0.28,0.3,tsvc_2_s316_fp64.cpp,preprocessed_identical,da3aec3714a46f2f,284967cc902ce286,47,g++ (SUSE Linux) 13.3.1 20250313 [revisi,g++ (SUSE Linux) 13.3.1 20250313 [revisi,,
tsvc_2_s316,fortran,no,,ok,ok,79255254,80220555,1.0122,1.35,0.38,tsvc_2_s316_fp64.f90,identical,f1f253d6f7375ca8,f1f253d6f7375ca8,0,GNU Fortran (SUSE Linux) 13.3.1 20250313,GNU Fortran (SUSE Linux) 13.3.1 20250313,,
tsvc_2_s316,numba,no,,ok,ok,122636510,123056650,1.0034,0.09,1.78,tsvc_2_s316_numba_np.py,comments_only,dc563b7aaaadd22f,299bd389b1ec6ae8,0,numba 0.67.0,numba 0.67.0,,
tsvc_2_s318,agent,no,,ok,ok,247176033,252555834,1.0218,0.11,0.65,agent rank v1=? v2=2,identical,c7b51f9e96e435a4,c7b51f9e96e435a4,,GNU Fortran (SUSE Linux) 13.3.1 20250313,GNU Fortran (SUSE Linux) 13.3.1 20250313,,rank=2 arm=llr40v10-kimi27sglang-fortran job=621022 seq=4 lang=fortran campaign_speedup=16.218 sha256=c7b51f9e96e435a4
tsvc_2_s318,c,no,,ok,ok,79917742,80177303,1.0032,0.21,0.49,tsvc_2_s318_fp64.c,code,056a03a529353d42,484d489ea5a3ca07,55,gcc (SUSE Linux) 13.3.1 20250313 [revisi,gcc-14 (SUSE Linux) 14.2.0 [/usr/bin/gcc,,
tsvc_2_s318,c_reference,no,,ok,ok,79859383,80179810,1.004,0.64,2.82,tsvc_2_s318_reference.c,identical,f6f47d5151c6663d,f6f47d5151c6663d,0,gcc (SUSE Linux) 13.3.1 20250313 [revisi,gcc-14 (SUSE Linux) 14.2.0 [/usr/bin/gcc,,source=tsvc_2_s318_reference.c sha256=f6f47d5151c6663d
tsvc_2_s318,cpp,no,,ok,ok,79869507,79740858,0.9984,0.27,0.4,tsvc_2_s318_fp64.cpp,code,ba149ec4ae0421cf,c125f5d2a4bb2ea7,55,g++ (SUSE Linux) 13.3.1 20250313 [revisi,g++ (SUSE Linux) 13.3.1 20250313 [revisi,,
tsvc_2_s318,fortran,no,,ok,ok,79729268,79990482,1.0033,2.71,2.21,tsvc_2_s318_fp64.f90,code,85b61ac86210b481,cd95757c2db9c513,2,GNU Fortran (SUSE Linux) 13.3.1 20250313,GNU Fortran (SUSE Linux) 13.3.1 20250313,,
tsvc_2_s318,numba,no,,ok,ok,285786110,290682100,1.0171,0.12,0.29,tsvc_2_s318_numba_np.py,comments_only,0c0f7a2cdb57657a,7b6c5145be0c6ec9,0,numba 0.67.0,numba 0.67.0,,
tsvc_2_s319,agent,no,,ok,ok,74787913,74111331,0.991,16.02,0.44,agent rank v1=? v2=3,identical,a9eb81276e9442c3,a9eb81276e9442c3,,gcc (SUSE Linux) 13.3.1 20250313 [revisi,gcc-14 (SUSE Linux) 14.2.0 [/usr/bin/gcc,,rank=3 arm=llr40v10-kimi27sglang-c job=621730 seq=1 lang=c campaign_speedup=92.518 sha256=a9eb81276e9442c3
tsvc_2_s319,c,no,,ok,ok,74839973,75015751,1.0023,1.12,2.89,tsvc_2_s319_fp64.c,preprocessed_identical,ff50f6bd2564f146,bcd194d8c4b49fdf,47,gcc (SUSE Linux) 13.3.1 20250313 [revisi,gcc-14 (SUSE Linux) 14.2.0 [/usr/bin/gcc,,
tsvc_2_s319,c_reference,no,,ok,ok,75062814,74940009,0.9984,0.53,0.38,tsvc_2_s319_reference.c,identical,8455b2506e830a7f,8455b2506e830a7f,0,gcc (SUSE Linux) 13.3.1 20250313 [revisi,gcc-14 (SUSE Linux) 14.2.0 [/usr/bin/gcc,,source=tsvc_2_s319_reference.c sha256=8455b2506e830a7f
tsvc_2_s319,cpp,no,,ok,ok,75100823,74502355,0.992,2.14,0.57,tsvc_2_s319_fp64.cpp,preprocessed_identical,f7bb3af73c16bfc5,63ca4ef754f3cddd,47,g++ (SUSE Linux) 13.3.1 20250313 [revisi,g++ (SUSE Linux) 13.3.1 20250313 [revisi,,
tsvc_2_s319,fortran,no,,ok,ok,74760868,74760586,1.0,2.2,2.15,tsvc_2_s319_fp64.f90,identical,5f73757191d4f981,5f73757191d4f981,0,GNU Fortran (SUSE Linux) 13.3.1 20250313,GNU Fortran (SUSE Linux) 13.3.1 20250313,,
tsvc_2_s319,numba,no,,ok,ok,77258417,76552444,0.9909,0.32,1.02,tsvc_2_s319_numba_np.py,comments_only,b91dd9060d8ec61b,820244a1a4a734fa,0,numba 0.67.0,numba 0.67.0,,
tsvc_2_s323,agent,no,,ok,ok,80368685,82746842,1.0296,0.31,13.63,agent rank v1=? v2=1,identical,1d8d4e93f9f41258,1d8d4e93f9f41258,,gcc (SUSE Linux) 13.3.1 20250313 [revisi,gcc-14 (SUSE Linux) 14.2.0 [/usr/bin/gcc,,rank=1 arm=llr40v10-qwen38-c job=621727 seq=1 lang=c campaign_speedup=16.057 sha256=1d8d4e93f9f41258
tsvc_2_s323,c,no,,ok,ok,80459276,83030315,1.032,0.48,0.77,tsvc_2_s323_fp64.c,preprocessed_identical,6c6521e9c898241e,2e209364bef8e49b,47,gcc (SUSE Linux) 13.3.1 20250313 [revisi,gcc-14 (SUSE Linux) 14.2.0 [/usr/bin/gcc,,
tsvc_2_s323,c_reference,no,,ok,ok,80492171,82754991,1.0281,0.26,0.47,tsvc_2_s323_reference.c,identical,ff85c3b6d5ec33b9,ff85c3b6d5ec33b9,0,gcc (SUSE Linux) 13.3.1 20250313 [revisi,gcc-14 (SUSE Linux) 14.2.0 [/usr/bin/gcc,,source=tsvc_2_s323_reference.c sha256=ff85c3b6d5ec33b9
tsvc_2_s323,cpp,no,,ok,ok,85557967,88186885,1.0307,0.5,0.38,tsvc_2_s323_fp64.cpp,preprocessed_identical,4c753256f3202b96,0aad13654f0b3c0a,47,g++ (SUSE Linux) 13.3.1 20250313 [revisi,g++ (SUSE Linux) 13.3.1 20250313 [revisi,,
tsvc_2_s323,fortran,no,,ok,ok,78094259,80143872,1.0262,0.44,0.61,tsvc_2_s323_fp64.f90,identical,ad2cd278e2e7fb8e,ad2cd278e2e7fb8e,0,GNU Fortran (SUSE Linux) 13.3.1 20250313,GNU Fortran (SUSE Linux) 13.3.1 20250313,,
tsvc_2_s323,numba,no,,ok,ok,79535271,81968615,1.0306,23.54,0.37,tsvc_2_s323_numba_np.py,comments_only,852b8089fcde4a50,11cd932fe77b2d41,0,numba 0.67.0,numba 0.67.0,,
tsvc_2_s4112,agent,no,,ok,ok,436259938,449718170,1.0308,6.25,8.13,agent rank v1=? v2=1,identical,93fee5121e469a3c,93fee5121e469a3c,,gcc (SUSE Linux) 13.3.1 20250313 [revisi,gcc-14 (SUSE Linux) 14.2.0 [/usr/bin/gcc,,rank=1 arm=llr40v10-oss120b-c job=621382 seq=1 lang=c campaign_speedup=22.746 sha256=93fee5121e469a3c
tsvc_2_s4112,c,no,,ok,ok,447763288,465476865,1.0396,4.48,4.13,tsvc_2_s4112_fp64.c,preprocessed_identical,0b00ef50cabb61c9,13f0f07f3db7cf80,47,gcc (SUSE Linux) 13.3.1 20250313 [revisi,gcc-14 (SUSE Linux) 14.2.0 [/usr/bin/gcc,,
tsvc_2_s4112,c_reference,no,,ok,ok,451574403,463703854,1.0269,0.86,0.23,tsvc_2_s4112_reference.c,identical,728fe69187948308,728fe69187948308,0,gcc (SUSE Linux) 13.3.1 20250313 [revisi,gcc-14 (SUSE Linux) 14.2.0 [/usr/bin/gcc,,source=tsvc_2_s4112_reference.c sha256=728fe69187948308
tsvc_2_s4112,cpp,no,,ok,ok,452546906,462999041,1.0231,0.23,0.15,tsvc_2_s4112_fp64.cpp,preprocessed_identical,4804186c2d74f672,db6e5c69db428151,47,g++ (SUSE Linux) 13.3.1 20250313 [revisi,g++ (SUSE Linux) 13.3.1 20250313 [revisi,,
tsvc_2_s4112,fortran,no,,ok,ok,471380204,486178766,1.0314,0.89,5.6,tsvc_2_s4112_fp64.f90,identical,a43d7591754a337b,a43d7591754a337b,0,GNU Fortran (SUSE Linux) 13.3.1 20250313,GNU Fortran (SUSE Linux) 13.3.1 20250313,,
tsvc_2_s4112,numba,no,,ok,ok,451498055,468864944,1.0385,8.64,0.24,tsvc_2_s4112_numba_np.py,comments_only,d50208d3ee66d04b,cc751acf0ab5b161,0,numba 0.67.0,numba 0.67.0,,
tsvc_2_vag,agent,no,,ok,ok,480589960,482478434,1.0039,4.08,4.11,agent rank v1=? v2=2,identical,d7a97d2985f6e004,d7a97d2985f6e004,,GNU Fortran (SUSE Linux) 13.3.1 20250313,GNU Fortran (SUSE Linux) 13.3.1 20250313,,rank=2 arm=llr40v10-kimi27sglang-fortran job=621022 seq=2 lang=fortran campaign_speedup=23.436 sha256=d7a97d2985f6e004
tsvc_2_vag,c,no,,ok,ok,437451580,447773982,1.0236,0.83,0.58,tsvc_2_vag_fp64.c,preprocessed_identical,c4e27c5255bcda02,f89cd77d91f6102f,47,gcc (SUSE Linux) 13.3.1 20250313 [revisi,gcc-14 (SUSE Linux) 14.2.0 [/usr/bin/gcc,,
tsvc_2_vag,c_reference,no,,ok,ok,439094817,439367115,1.0006,6.08,0.3,tsvc_2_vag_reference.c,identical,3ed7a9f6c00c016a,3ed7a9f6c00c016a,0,gcc (SUSE Linux) 13.3.1 20250313 [revisi,gcc-14 (SUSE Linux) 14.2.0 [/usr/bin/gcc,,source=tsvc_2_vag_reference.c sha256=3ed7a9f6c00c016a
tsvc_2_vag,cpp,no,,ok,ok,439564841,449566727,1.0228,0.81,8.19,tsvc_2_vag_fp64.cpp,preprocessed_identical,27e0d3c22835d2cb,fffb55b1d936c03d,47,g++ (SUSE Linux) 13.3.1 20250313 [revisi,g++ (SUSE Linux) 13.3.1 20250313 [revisi,,
tsvc_2_vag,fortran,no,,ok,ok,457736326,464596039,1.015,4.27,6.73,tsvc_2_vag_fp64.f90,identical,229530196987f102,229530196987f102,0,GNU Fortran (SUSE Linux) 13.3.1 20250313,GNU Fortran (SUSE Linux) 13.3.1 20250313,,
tsvc_2_vag,numba,no,,ok,ok,435483993,438249326,1.0064,8.67,9.28,tsvc_2_vag_numba_np.py,comments_only,42e2fac742f58cef,511e10d5186025f6,0,numba 0.67.0,numba 0.67.0,,
tsvc_2_vpvts,agent,no,,ok,ok,86690927,87107422,1.0048,21.61,1.4,agent rank v1=? v2=1,identical,99a20955df4554d2,99a20955df4554d2,,GNU Fortran (SUSE Linux) 13.3.1 20250313,GNU Fortran (SUSE Linux) 13.3.1 20250313,,rank=1 arm=llr40v10-qwen38-fortran job=621020 seq=1 lang=fortran campaign_speedup=6.056 sha256=99a20955df4554d2
tsvc_2_vpvts,c,no,,ok,ok,86804071,88258961,1.0168,0.71,0.44,tsvc_2_vpvts_fp64.c,preprocessed_identical,b35b1ab4e7ce0a3d,8e689f37b4f7bd12,47,gcc (SUSE Linux) 13.3.1 20250313 [revisi,gcc-14 (SUSE Linux) 14.2.0 [/usr/bin/gcc,,
tsvc_2_vpvts,c_reference,no,,ok,ok,86721937,87343286,1.0072,0.29,0.54,tsvc_2_vpvts_reference.c,identical,0f208afd7a9a6bc0,0f208afd7a9a6bc0,0,gcc (SUSE Linux) 13.3.1 20250313 [revisi,gcc-14 (SUSE Linux) 14.2.0 [/usr/bin/gcc,,source=tsvc_2_vpvts_reference.c sha256=0f208afd7a9a6bc0
tsvc_2_vpvts,cpp,no,,ok,ok,88205040,89511416,1.0148,4.38,0.56,tsvc_2_vpvts_fp64.cpp,preprocessed_identical,d1007b232c35196e,88696e2f16900e72,47,g++ (SUSE Linux) 13.3.1 20250313 [revisi,g++ (SUSE Linux) 13.3.1 20250313 [revisi,,
tsvc_2_vpvts,fortran,no,,ok,ok,88504485,89607445,1.0125,0.2,21.52,tsvc_2_vpvts_fp64.f90,identical,77fc0ad949ad5ba2,77fc0ad949ad5ba2,0,GNU Fortran (SUSE Linux) 13.3.1 20250313,GNU Fortran (SUSE Linux) 13.3.1 20250313,,
tsvc_2_vpvts,numba,no,,ok,ok,86054986,87065441,1.0117,0.45,1.7,tsvc_2_vpvts_numba_np.py,comments_only,c68158f60ac7cd44,9de506eda728b8b7,0,numba 0.67.0,numba 0.67.0,,
tsvc_2_vtvtv,agent,no,,ok,ok,97345766,94752752,0.9734,2.38,0.38,agent rank v1=? v2=1,identical,aa3e23d066d003dd,aa3e23d066d003dd,,GNU Fortran (SUSE Linux) 13.3.1 20250313,GNU Fortran (SUSE Linux) 13.3.1 20250313,,rank=1 arm=llr40v10-kimi27sglang-fortran job=621022 seq=2 lang=fortran campaign_speedup=5.321 sha256=aa3e23d066d003dd
tsvc_2_vtvtv,c,no,,ok,ok,97077418,96445912,0.9935,0.24,0.46,tsvc_2_vtvtv_fp64.c,preprocessed_identical,9b4fe86287064a02,cfc93f49a42483de,47,gcc (SUSE Linux) 13.3.1 20250313 [revisi,gcc-14 (SUSE Linux) 14.2.0 [/usr/bin/gcc,,
tsvc_2_vtvtv,c_reference,no,,ok,ok,96820275,94936331,0.9805,0.24,1.8,tsvc_2_vtvtv_reference.c,identical,b07b384ec1946d11,b07b384ec1946d11,0,gcc (SUSE Linux) 13.3.1 20250313 [revisi,gcc-14 (SUSE Linux) 14.2.0 [/usr/bin/gcc,,source=tsvc_2_vtvtv_reference.c sha256=b07b384ec1946d11
tsvc_2_vtvtv,cpp,no,,ok,ok,97107081,96303452,0.9917,0.58,0.6,tsvc_2_vtvtv_fp64.cpp,preprocessed_identical,b0a7e9425a4feeb8,c91f4fad6cb178b8,47,g++ (SUSE Linux) 13.3.1 20250313 [revisi,g++ (SUSE Linux) 13.3.1 20250313 [revisi,,
tsvc_2_vtvtv,fortran,no,,ok,ok,97063694,95827894,0.9873,1.12,2.01,tsvc_2_vtvtv_fp64.f90,identical,d267eb5fdb62557f,d267eb5fdb62557f,0,GNU Fortran (SUSE Linux) 13.3.1 20250313,GNU Fortran (SUSE Linux) 13.3.1 20250313,,
tsvc_2_vtvtv,numba,no,,ok,ok,97386243,94847859,0.9739,1.7,0.25,tsvc_2_vtvtv_numba_np.py,comments_only,b9b28a5e2497d981,7882f9284bf7d8b1,0,numba 0.67.0,numba 0.67.0,,
versioned_distance_update,agent,no,,ok,ok,121011373,123101348,1.0173,14.97,0.2,agent rank v1=? v2=1,identical,01661d852f138e7e,01661d852f138e7e,,GNU Fortran (SUSE Linux) 13.3.1 20250313,GNU Fortran (SUSE Linux) 13.3.1 20250313,,rank=1 arm=llr40v10-qwen38-fortran job=621385 seq=3 lang=fortran campaign_speedup=30.055 sha256=01661d852f138e7e
versioned_distance_update,c,no,,ok,ok,292820356,302923986,1.0345,9.42,4.25,versioned_distance_update_fp64.c,preprocessed_identical,21279fd27a537f06,4ce0822dd1d9fcd7,47,gcc (SUSE Linux) 13.3.1 20250313 [revisi,gcc-14 (SUSE Linux) 14.2.0 [/usr/bin/gcc,,
versioned_distance_update,c_reference,no,,unsupported,unsupported,,,,,,versioned_distance_update_reference.c,n.a. (no _reference.c at either commit),,,,gcc (SUSE Linux) 13.3.1 20250313 [revisi,gcc-14 (SUSE Linux) 14.2.0 [/usr/bin/gcc,,no hand-written _reference.c in the corpus
versioned_distance_update,cpp,no,,ok,ok,292654643,300593428,1.0271,0.16,0.42,versioned_distance_update_fp64.cpp,preprocessed_identical,430ee1550166dec5,e5d89a4d718e6b59,47,g++ (SUSE Linux) 13.3.1 20250313 [revisi,g++ (SUSE Linux) 13.3.1 20250313 [revisi,,
versioned_distance_update,fortran,no,,ok,ok,324937671,330803736,1.0181,1.24,0.71,versioned_distance_update_fp64.f90,identical,459be34eb302b4dd,459be34eb302b4dd,0,GNU Fortran (SUSE Linux) 13.3.1 20250313,GNU Fortran (SUSE Linux) 13.3.1 20250313,,
versioned_distance_update,numba,no,,ok,ok,319884562,325195497,1.0166,3.52,11.84,versioned_distance_update_numba_np.py,identical,53980c1bf4c02622,53980c1bf4c02622,0,numba 0.67.0,numba 0.67.0,,
wf_diff_skew,agent,yes,time>5%,ok,ok,61668844,66313180,1.0753,0.4,1.07,agent rank v1=? v2=1,identical,620a8bb7753cad61,620a8bb7753cad61,,gcc (SUSE Linux) 13.3.1 20250313 [revisi,gcc-14 (SUSE Linux) 14.2.0 [/usr/bin/gcc,source identical for the compiler; change is harness/environment/noise,rank=1 arm=llr40v10-oss120b-c job=621015 seq=1 lang=c campaign_speedup=3.469 sha256=620a8bb7753cad61
wf_diff_skew,c,no,,ok,ok,59558921,59869572,1.0052,0.26,0.36,wf_diff_skew_fp64.c,preprocessed_identical,e5caf2efae52b6e6,dd2823b427661fe7,47,gcc (SUSE Linux) 13.3.1 20250313 [revisi,gcc-14 (SUSE Linux) 14.2.0 [/usr/bin/gcc,,
wf_diff_skew,c_reference,no,,ok,ok,59455983,60372824,1.0154,0.27,0.36,wf_diff_skew_reference.c,identical,32113cc55b653084,32113cc55b653084,0,gcc (SUSE Linux) 13.3.1 20250313 [revisi,gcc-14 (SUSE Linux) 14.2.0 [/usr/bin/gcc,,source=wf_diff_skew_reference.c sha256=32113cc55b653084
wf_diff_skew,cpp,no,,ok,ok,59332464,60056190,1.0122,0.28,0.36,wf_diff_skew_fp64.cpp,preprocessed_identical,7c2f1d3e4301fb2a,196cff9a371e368a,47,g++ (SUSE Linux) 13.3.1 20250313 [revisi,g++ (SUSE Linux) 13.3.1 20250313 [revisi,,
wf_diff_skew,fortran,no,,ok,ok,59469743,60083936,1.0103,0.37,0.53,wf_diff_skew_fp64.f90,identical,d0ce69099f9c5b6f,d0ce69099f9c5b6f,0,GNU Fortran (SUSE Linux) 13.3.1 20250313,GNU Fortran (SUSE Linux) 13.3.1 20250313,,
wf_diff_skew,numba,no,,ok,ok,60938819,61548793,1.01,1.47,0.35,wf_diff_skew_numba_np.py,identical,1286bbcaf16985af,1286bbcaf16985af,0,numba 0.67.0,numba 0.67.0,,
wf_triangular,agent,no,,ok,ok,150264605,153054998,1.0186,1.83,1.46,agent rank v1=? v2=1,identical,88d2c0e0c018f868,88d2c0e0c018f868,,gcc (SUSE Linux) 13.3.1 20250313 [revisi,gcc-14 (SUSE Linux) 14.2.0 [/usr/bin/gcc,,rank=1 arm=llr40v10-kimi27sglang-c job=621730 seq=1 lang=c campaign_speedup=13.291 sha256=88d2c0e0c018f868
wf_triangular,c,yes,time>5%,ok,ok,98310557,152180405,1.548,0.86,1.98,wf_triangular_fp64.c,code,09a7bde9ee1ff7a4,88d2c0e0c018f868,163,gcc (SUSE Linux) 13.3.1 20250313 [revisi,gcc-14 (SUSE Linux) 14.2.0 [/usr/bin/gcc,timed source changed between commits,
wf_triangular,c_reference,no,,ok,ok,98309784,101645995,1.0339,0.45,0.4,wf_triangular_reference.c,identical,fef1c39715e90ace,fef1c39715e90ace,0,gcc (SUSE Linux) 13.3.1 20250313 [revisi,gcc-14 (SUSE Linux) 14.2.0 [/usr/bin/gcc,,source=wf_triangular_reference.c sha256=fef1c39715e90ace
wf_triangular,cpp,no,,ok,ok,97902312,99922931,1.0206,0.75,2.36,wf_triangular_fp64.cpp,preprocessed_identical,5b23ce0a02658328,c99d58a45bc46822,47,g++ (SUSE Linux) 13.3.1 20250313 [revisi,g++ (SUSE Linux) 13.3.1 20250313 [revisi,,
wf_triangular,fortran,no,,ok,ok,98081247,99875508,1.0183,0.35,2.21,wf_triangular_fp64.f90,identical,6c9a92a349d93218,6c9a92a349d93218,0,GNU Fortran (SUSE Linux) 13.3.1 20250313,GNU Fortran (SUSE Linux) 13.3.1 20250313,,
wf_triangular,numba,no,,ok,ok,374343281,382954170,1.023,0.12,1.37,wf_triangular_numba_np.py,identical,03ac55cb88c972a6,03ac55cb88c972a6,0,numba 0.67.0,numba 0.67.0,,
