Time (%),Total Time (ns),Num Calls,Avg (ns),Med (ns),Min (ns),Max (ns),StdDev (ns),Name
80.0,4592212800,3,1530737600.0,54654720.0,607872,4536950208,2603596733.1,cudaStreamSynchronize
13.1,751042848,8,93880356.0,9748176.0,1792,372664000,164622658.3,cudaMallocHost
3.4,193904672,8,24238084.0,2534992.0,3744,95320992,42393302.3,cudaFreeHost
1.9,109894720,31,3544991.0,2880.0,1472,109702016,19701911.5,cudaDeviceSynchronize
0.7,39027808,14,2787700.6,485776.0,1312,16376416,5727483.4,cudaMalloc
0.4,25541344,15,1702756.3,323616.0,3424,8361216,3010655.2,cudaFree
0.4,21520224,19,1132643.4,1041088.0,717152,2390816,389501.4,cudaGetDeviceProperties_v2_v12000
0.1,5378272,4,1344568.0,21888.0,11872,5322624,2652046.0,cudaLaunchKernel
0.0,139104,840,165.6,96.0,32,800,136.6,cuGetProcAddress_v2
0.0,129568,3,43189.3,12064.0,4768,112736,60339.6,cudaStreamCreate
0.0,111840,12,9320.0,5872.0,2144,32960,9261.4,cudaEventRecord
0.0,43488,2,21744.0,21744.0,18816,24672,4140.8,cudaMemcpyAsync
0.0,38688,1,38688.0,38688.0,38688,38688,0.0,cudaMemsetAsync
0.0,31072,3,10357.3,7296.0,6432,17344,6066.0,cudaStreamDestroy
0.0,23040,42,548.6,544.0,160,2976,445.3,cudaEventDestroy
0.0,17824,24,742.7,368.0,288,7456,1470.9,cudaEventCreate
0.0,12640,5,2528.0,1792.0,1632,5536,1684.0,cudaEventSynchronize
0.0,9024,18,501.3,352.0,224,3296,702.0,cudaOccupancyMaxActiveClusters_v11070
0.0,8288,4,2072.0,2112.0,1344,2720,632.7,cuInit
0.0,8192,18,455.1,224.0,160,2272,572.4,cudaEventCreateWithFlags
0.0,2464,1,2464.0,2464.0,2464,2464,0.0,cudaOccupancyAvailableDynamicSMemPerBlock_v10200
0.0,1152,3,384.0,160.0,96,896,444.6,cuModuleGetLoadingMode
0.0,896,2,448.0,448.0,352,544,135.8,cudaGetDriverEntryPoint_v11030
