kernel,label,representation,round,position,preset,status,time_ns_median,time_ns_min,time_ns_all,rsd_pct,compiler_resolved,compiler_version,flags,override,bin_prefix,cell_env,source_sha256,provenance,perf_cycles,perf_instructions,perf_branch_misses,perf_page_faults,perf_gated_reps,perf_raw,notes,slurm_job,node,timestamp,commit_hash
fuse_stencil_through_transient,c,c,1,1,M,ok,117959462,112329851,121903687 112329851 122710030 112687600 122066370 112556853 122616433 112769422 440222068 112940328 122225149 112433912 121882120 112832588 135805287 112530838 122282364 112776461 122267548 112615603 122147456 112396633 122310587 112456184 122188670 112421753 122789035 114036805 122453174 112628114,46.02,/usr/bin/gcc-14,gcc-14 (SUSE Linux) 14.2.0,-O3 -march=native -fopenmp -fno-math-errno -fno-trapping-math -fno-signed-zeros  -ffp-contract=fast -fstrict-aliasing -fPIC -include /capstor/scratch/cscs/lhulsbergen/HPCAgent-Bench-ext/hpcagent_bench/envs/vecmath.h -Wall -Wextra,,,,9346c0469d98cdeb626f7a631fdfba3950bdc495ae2dbe417a7664329906165c,autogen,11535767787,25463832713,667111,225046,30,"11535767787,,cycles,3528250656,100.00,, | 25463832713,,instructions,3528250656,100.00,2.21,insn per cycle | 667111,,branch-misses,3528250656,100.00,, | 225046,,page-faults,3528250656,100.00,,",,debug/5009993,nid006559,2026-10-09T10:34:05+0200,26a4f0cfc1540cead109dfc8d736f1c45263e390
fuse_stencil_through_transient,cstatic,c,1,2,M,ok,97939516,97633622,97731603 97767601 97646964 97891437 98027753 97786416 97633622 98227714 97912461 98128709 97740242 98158981 97730706 98108710 97833199 98008874 97992170 98467963 98353406 98622357 98321535 97823663 97867631 97968938 98003721 97775697 97966571 97877389 97815759 109095044,2.08,/usr/bin/gcc-14,gcc-14 (SUSE Linux) 14.2.0,-O3 -march=native -fopenmp -fno-math-errno -fno-trapping-math -fno-signed-zeros  -ffp-contract=fast -fstrict-aliasing -fPIC -include /capstor/scratch/cscs/lhulsbergen/HPCAgent-Bench-ext/hpcagent_bench/envs/vecmath.h -Wall -Wextra,variants/fuse_stencil_through_transient_cstatic.c,,,7494d0524ba0617d9ac0610684455e23636c205fabeb27a3f94fe2be2a5273cb,hand,9614924878,22826247700,99944,0,30,"9614924878,,cycles,2939362752,100.00,, | 22826247700,,instructions,2939362752,100.00,2.37,insn per cycle | 99944,,branch-misses,2939362752,100.00,, | 0,,page-faults,2939362752,100.00,,",,debug/5009993,nid006559,2026-10-09T10:34:23+0200,26a4f0cfc1540cead109dfc8d736f1c45263e390
fuse_stencil_through_transient,cfused,c,1,3,M,ok,47934375,47326730,47756125 48174575 47661376 48084339 47487493 48383048 47518437 48141072 47729117 48013237 47769756 48704799 47869113 48351978 47625697 48208495 47740382 47999637 47863226 48418408 47604610 48330346 47792348 48206478 47590115 48387528 47326730 48450726 47831227 48191119,0.72,/usr/bin/gcc-14,gcc-14 (SUSE Linux) 14.2.0,-O3 -march=native -fopenmp -fno-math-errno -fno-trapping-math -fno-signed-zeros  -ffp-contract=fast -fstrict-aliasing -fPIC -include /capstor/scratch/cscs/lhulsbergen/HPCAgent-Bench-ext/hpcagent_bench/envs/vecmath.h -Wall -Wextra,variants/fuse_stencil_through_transient_cfused.c,,,d0174da387ae1fd1d379c2cbcaad87095f3b504f34e6995d59286fc836392782,hand,4704911392,18536598406,73166,0,30,"4704911392,,cycles,1438590656,100.00,, | 18536598406,,instructions,1438590656,100.00,3.94,insn per cycle | 73166,,branch-misses,1438590656,100.00,, | 0,,page-faults,1438590656,100.00,,",,debug/5009993,nid006559,2026-10-09T10:34:39+0200,26a4f0cfc1540cead109dfc8d736f1c45263e390
fuse_stencil_through_transient,hand,c,1,4,M,ok,48055395,47505061,48410664 47599266 48283980 47699135 48152944 47632001 47902296 47875162 48125329 47831195 48568547 47879993 48365001 47677791 48614785 47873178 48418856 47702463 48782844 47841434 48287660 47525604 48821370 48293164 48455622 47791036 48421383 47505061 48539043 47985461,0.81,/usr/bin/gcc-14,gcc-14 (SUSE Linux) 14.2.0,-O3 -march=native -fopenmp -fno-math-errno -fno-trapping-math -fno-signed-zeros  -ffp-contract=fast -fstrict-aliasing -fPIC -include /capstor/scratch/cscs/lhulsbergen/HPCAgent-Bench-ext/hpcagent_bench/envs/vecmath.h -Wall -Wextra,variants/fuse_stencil_through_transient_hand.c,,,0acd59d853882c06a478f9ee6e2a500bb2a28e35da4585617d89fe21518ec8f4,hand,4715912054,18536870266,71440,0,30,"4715912054,,cycles,1441673152,100.00,, | 18536870266,,instructions,1441673152,100.00,3.93,insn per cycle | 71440,,branch-misses,1441673152,100.00,, | 0,,page-faults,1441673152,100.00,,",,debug/5009993,nid006559,2026-10-09T10:34:55+0200,26a4f0cfc1540cead109dfc8d736f1c45263e390
fuse_stencil_through_transient,agent,c,1,5,M,ok,53215658,47232726,58860520 47429040 58629296 47467438 58942246 47240085 58709709 47592266 58822826 47802020 58652143 47363186 58991941 47357329 58755659 47456367 58848553 47476173 58717485 47478061 59139008 47232726 58877320 47310932 59033059 47378481 59105152 47364817 58881351 47419120,10.95,/usr/bin/gcc-14,gcc-14 (SUSE Linux) 14.2.0,-O3 -march=native -fopenmp -fno-math-errno -fno-trapping-math -fno-signed-zeros  -ffp-contract=fast -fstrict-aliasing -fPIC -include /capstor/scratch/cscs/lhulsbergen/HPCAgent-Bench-ext/hpcagent_bench/envs/vecmath.h -Wall -Wextra,variants/fuse_stencil_through_transient_agent.c,,,19dae12d481d043351db72315919d27e67b03c6f55fe694cb4850053c1d21faf,hand,5212709010,18537311095,69496,0,30,"5212709010,,cycles,1593522272,100.00,, | 18537311095,,instructions,1593522272,100.00,3.56,insn per cycle | 69496,,branch-misses,1593522272,100.00,, | 0,,page-faults,1593522272,100.00,,",,debug/5009993,nid006559,2026-10-09T10:35:11+0200,26a4f0cfc1540cead109dfc8d736f1c45263e390
fuse_stencil_through_transient,agent,c,2,1,M,ok,52438994,46970302,57536978 47455374 57426741 47306099 57354615 47579434 57205117 47672872 57555953 47469742 57598224 47268692 57618031 46991645 57352280 47119801 57598799 47217429 57660398 46983805 57524178 46970302 57591217 47389456 57403318 47006397 57352823 47195030 57427574 47016796,9.95,/usr/bin/gcc-14,gcc-14 (SUSE Linux) 14.2.0,-O3 -march=native -fopenmp -fno-math-errno -fno-trapping-math -fno-signed-zeros  -ffp-contract=fast -fstrict-aliasing -fPIC -include /capstor/scratch/cscs/lhulsbergen/HPCAgent-Bench-ext/hpcagent_bench/envs/vecmath.h -Wall -Wextra,variants/fuse_stencil_through_transient_agent.c,,,19dae12d481d043351db72315919d27e67b03c6f55fe694cb4850053c1d21faf,hand,5135378930,18537407408,73629,0,30,"5135378930,,cycles,1570085632,100.00,, | 18537407408,,instructions,1570085632,100.00,3.61,insn per cycle | 73629,,branch-misses,1570085632,100.00,, | 0,,page-faults,1570085632,100.00,,",,debug/5009993,nid006559,2026-10-09T10:35:26+0200,26a4f0cfc1540cead109dfc8d736f1c45263e390
fuse_stencil_through_transient,hand,c,2,2,M,ok,47702006,46996253,47299987 47829731 47242164 48074011 47268341 47866017 47227605 47888065 47265429 47692519 47775845 47873889 46996253 47891392 47230869 47711494 47224661 48094554 47635433 48074427 47281844 47797796 47489325 47739333 47274900 48310356 47625417 47897824 47400592 48049084,0.72,/usr/bin/gcc-14,gcc-14 (SUSE Linux) 14.2.0,-O3 -march=native -fopenmp -fno-math-errno -fno-trapping-math -fno-signed-zeros  -ffp-contract=fast -fstrict-aliasing -fPIC -include /capstor/scratch/cscs/lhulsbergen/HPCAgent-Bench-ext/hpcagent_bench/envs/vecmath.h -Wall -Wextra,variants/fuse_stencil_through_transient_hand.c,,,0acd59d853882c06a478f9ee6e2a500bb2a28e35da4585617d89fe21518ec8f4,hand,4672044787,18536513439,71472,0,30,"4672044787,,cycles,1428471040,100.00,, | 18536513439,,instructions,1428471040,100.00,3.97,insn per cycle | 71472,,branch-misses,1428471040,100.00,, | 0,,page-faults,1428471040,100.00,,",,debug/5009993,nid006559,2026-10-09T10:35:41+0200,26a4f0cfc1540cead109dfc8d736f1c45263e390
fuse_stencil_through_transient,cfused,c,2,3,M,ok,47471230,46866944,47407121 47722983 46935326 47390609 47470510 47471950 47346930 47714438 47008797 47569642 47174295 47681607 57579921 47686599 46866944 48775493 47352817 47505869 47244245 47461263 47840579 47970238 47133017 47855618 47204342 47531372 47470062 47876066 47045115 47606665,3.93,/usr/bin/gcc-14,gcc-14 (SUSE Linux) 14.2.0,-O3 -march=native -fopenmp -fno-math-errno -fno-trapping-math -fno-signed-zeros  -ffp-contract=fast -fstrict-aliasing -fPIC -include /capstor/scratch/cscs/lhulsbergen/HPCAgent-Bench-ext/hpcagent_bench/envs/vecmath.h -Wall -Wextra,variants/fuse_stencil_through_transient_cfused.c,,,d0174da387ae1fd1d379c2cbcaad87095f3b504f34e6995d59286fc836392782,hand,4664701852,18542518503,84718,0,30,"4664701852,,cycles,1426795072,100.00,, | 18542518503,,instructions,1426795072,100.00,3.98,insn per cycle | 84718,,branch-misses,1426795072,100.00,, | 0,,page-faults,1426795072,100.00,,",,debug/5009993,nid006559,2026-10-09T10:35:56+0200,26a4f0cfc1540cead109dfc8d736f1c45263e390
fuse_stencil_through_transient,cstatic,c,2,4,M,ok,96858928,96319441,96955933 97403568 96776578 96698597 96879583 96900799 97137784 96760259 96742564 96695717 96950045 96950333 96319441 96841313 96718596 97352241 96763428 96936478 96657095 97120792 96580201 96876544 96765603 97135257 96890143 97155063 96785795 97343441 96809634 96834529,0.24,/usr/bin/gcc-14,gcc-14 (SUSE Linux) 14.2.0,-O3 -march=native -fopenmp -fno-math-errno -fno-trapping-math -fno-signed-zeros  -ffp-contract=fast -fstrict-aliasing -fPIC -include /capstor/scratch/cscs/lhulsbergen/HPCAgent-Bench-ext/hpcagent_bench/envs/vecmath.h -Wall -Wextra,variants/fuse_stencil_through_transient_cstatic.c,,,7494d0524ba0617d9ac0610684455e23636c205fabeb27a3f94fe2be2a5273cb,hand,9501497497,22820222866,90361,0,30,"9501497497,,cycles,2904416128,100.00,, | 22820222866,,instructions,2904416128,100.00,2.40,insn per cycle | 90361,,branch-misses,2904416128,100.00,, | 0,,page-faults,2904416128,100.00,,",,debug/5009993,nid006559,2026-10-09T10:36:13+0200,26a4f0cfc1540cead109dfc8d736f1c45263e390
fuse_stencil_through_transient,c,c,2,5,M,ok,118629235,113423684,113588702 118790655 113818072 118910075 113423684 118592869 205828909 119278096 113864758 118665602 113692891 118985849 113727898 118995352 113834614 118923994 113876438 119273712 113911124 119370637 113891381 119351374 114125198 119047862 114355047 119995321 113877845 119059351 113616093 119135892,13.82,/usr/bin/gcc-14,gcc-14 (SUSE Linux) 14.2.0,-O3 -march=native -fopenmp -fno-math-errno -fno-trapping-math -fno-signed-zeros  -ffp-contract=fast -fstrict-aliasing -fPIC -include /capstor/scratch/cscs/lhulsbergen/HPCAgent-Bench-ext/hpcagent_bench/envs/vecmath.h -Wall -Wextra,,,,9346c0469d98cdeb626f7a631fdfba3950bdc495ae2dbe417a7664329906165c,autogen,11407510709,25459483303,656065,221641,30,"11407510709,,cycles,3487156544,100.00,, | 25459483303,,instructions,3487156544,100.00,2.23,insn per cycle | 656065,,branch-misses,3487156544,100.00,, | 221641,,page-faults,3487156544,100.00,,",,debug/5009993,nid006559,2026-10-09T10:36:30+0200,26a4f0cfc1540cead109dfc8d736f1c45263e390
fuse_stencil_through_transient,c,c,3,1,M,ok,112088461,111546397,112030830 111991183 111903346 111936753 111716632 111932273 112136907 122996765 111546397 111918257 112257447 112260999 111893362 112194121 112031919 112108556 111846003 112521279 112252199 114002610 279219454 112090989 112476512 111909842 112885748 111963696 112751511 112085933 112862325 112031022,25.81,/usr/bin/gcc-14,gcc-14 (SUSE Linux) 14.2.0,-O3 -march=native -fopenmp -fno-math-errno -fno-trapping-math -fno-signed-zeros  -ffp-contract=fast -fstrict-aliasing -fPIC -include /capstor/scratch/cscs/lhulsbergen/HPCAgent-Bench-ext/hpcagent_bench/envs/vecmath.h -Wall -Wextra,,,,9346c0469d98cdeb626f7a631fdfba3950bdc495ae2dbe417a7664329906165c,autogen,11076963391,25147409471,555400,102180,30,"11076963391,,cycles,3385921824,100.00,, | 25147409471,,instructions,3385921824,100.00,2.27,insn per cycle | 555400,,branch-misses,3385921824,100.00,, | 102180,,page-faults,3385921824,100.00,,",,debug/5009993,nid006559,2026-10-09T10:36:47+0200,26a4f0cfc1540cead109dfc8d736f1c45263e390
fuse_stencil_through_transient,cstatic,c,3,2,M,ok,97754436,97439311,97544779 97439311 97772293 97504908 97629288 97650344 97713190 97769220 97578858 97729766 97887713 97745733 97528395 97976479 97870401 109191461 97475502 98013373 97858210 97850114 97709991 97831139 97738341 97910880 97964127 97608521 98147897 97916128 97763140 97616521,2.14,/usr/bin/gcc-14,gcc-14 (SUSE Linux) 14.2.0,-O3 -march=native -fopenmp -fno-math-errno -fno-trapping-math -fno-signed-zeros  -ffp-contract=fast -fstrict-aliasing -fPIC -include /capstor/scratch/cscs/lhulsbergen/HPCAgent-Bench-ext/hpcagent_bench/envs/vecmath.h -Wall -Wextra,variants/fuse_stencil_through_transient_cstatic.c,,,7494d0524ba0617d9ac0610684455e23636c205fabeb27a3f94fe2be2a5273cb,hand,9597689822,22826358006,103158,0,30,"9597689822,,cycles,2933685280,100.00,, | 22826358006,,instructions,2933685280,100.00,2.38,insn per cycle | 103158,,branch-misses,2933685280,100.00,, | 0,,page-faults,2933685280,100.00,,",,debug/5009993,nid006559,2026-10-09T10:37:04+0200,26a4f0cfc1540cead109dfc8d736f1c45263e390
fuse_stencil_through_transient,cfused,c,3,3,M,ok,47875811,47080380,47876899 47262678 48192570 47080380 48223993 47499663 47959585 47371891 47952353 47696297 48105596 47470800 47994496 47594540 48147035 47338836 48390547 47384786 48051005 47687817 48115708 47369330 48275095 47461424 48245720 47713065 47874724 47505134 48093724 48656107,0.82,/usr/bin/gcc-14,gcc-14 (SUSE Linux) 14.2.0,-O3 -march=native -fopenmp -fno-math-errno -fno-trapping-math -fno-signed-zeros  -ffp-contract=fast -fstrict-aliasing -fPIC -include /capstor/scratch/cscs/lhulsbergen/HPCAgent-Bench-ext/hpcagent_bench/envs/vecmath.h -Wall -Wextra,variants/fuse_stencil_through_transient_cfused.c,,,d0174da387ae1fd1d379c2cbcaad87095f3b504f34e6995d59286fc836392782,hand,4689874651,18535760172,71086,0,30,"4689874651,,cycles,1433621152,100.00,, | 18535760172,,instructions,1433621152,100.00,3.95,insn per cycle | 71086,,branch-misses,1433621152,100.00,, | 0,,page-faults,1433621152,100.00,,",,debug/5009993,nid006559,2026-10-09T10:37:20+0200,26a4f0cfc1540cead109dfc8d736f1c45263e390
fuse_stencil_through_transient,hand,c,3,4,M,ok,47683289,47331604,47576077 47698665 47519406 47601196 47541390 47586061 47968033 47375123 47833156 47846692 49813288 47701257 47546605 47841861 47512047 47732647 47356435 47837029 47331604 47957793 47667914 47444241 47569356 47725928 47998079 47816517 49533713 47508046 47618156 47735527,1.13,/usr/bin/gcc-14,gcc-14 (SUSE Linux) 14.2.0,-O3 -march=native -fopenmp -fno-math-errno -fno-trapping-math -fno-signed-zeros  -ffp-contract=fast -fstrict-aliasing -fPIC -include /capstor/scratch/cscs/lhulsbergen/HPCAgent-Bench-ext/hpcagent_bench/envs/vecmath.h -Wall -Wextra,variants/fuse_stencil_through_transient_hand.c,,,0acd59d853882c06a478f9ee6e2a500bb2a28e35da4585617d89fe21518ec8f4,hand,4676518711,18537756165,75750,0,30,"4676518711,,cycles,1429821984,100.00,, | 18537756165,,instructions,1429821984,100.00,3.96,insn per cycle | 75750,,branch-misses,1429821984,100.00,, | 0,,page-faults,1429821984,100.00,,",,debug/5009993,nid006559,2026-10-09T10:37:35+0200,26a4f0cfc1540cead109dfc8d736f1c45263e390
fuse_stencil_through_transient,agent,c,3,5,M,ok,52508197,47321844,57192230 47536109 57319106 47404306 57416703 47389235 57303458 47412081 57312450 47547501 57288131 47321844 57805171 47538190 57208550 47574444 57160678 47855716 57378208 47458576 57510523 47505647 57689718 47491855 57611417 47462736 57803443 47477968 57644983 47570541,9.64,/usr/bin/gcc-14,gcc-14 (SUSE Linux) 14.2.0,-O3 -march=native -fopenmp -fno-math-errno -fno-trapping-math -fno-signed-zeros  -ffp-contract=fast -fstrict-aliasing -fPIC -include /capstor/scratch/cscs/lhulsbergen/HPCAgent-Bench-ext/hpcagent_bench/envs/vecmath.h -Wall -Wextra,variants/fuse_stencil_through_transient_agent.c,,,19dae12d481d043351db72315919d27e67b03c6f55fe694cb4850053c1d21faf,hand,5145091158,18537540584,74347,0,30,"5145091158,,cycles,1572881184,100.00,, | 18537540584,,instructions,1572881184,100.00,3.60,insn per cycle | 74347,,branch-misses,1572881184,100.00,, | 0,,page-faults,1572881184,100.00,,",,debug/5009993,nid006559,2026-10-09T10:37:50+0200,26a4f0cfc1540cead109dfc8d736f1c45263e390
fuse_stencil_through_transient,c,c,record,1,M,ok,121831414,118299283,122131325 118934112 133042959 126166914 131390210 118897985 123115967 118299283 121531504 119860227,4.26,/usr/bin/gcc-14,gcc-14 (SUSE Linux) 14.2.0,-O3 -march=native -fopenmp -fno-math-errno -fno-trapping-math -fno-signed-zeros  -ffp-contract=fast -fstrict-aliasing -fPIC -include /capstor/scratch/cscs/lhulsbergen/HPCAgent-Bench-ext/hpcagent_bench/envs/vecmath.h -Wall -Wextra,,,,9346c0469d98cdeb626f7a631fdfba3950bdc495ae2dbe417a7664329906165c,autogen,,,,,10,,,debug/5009993,nid006559,2026-10-09T10:38:03+0200,26a4f0cfc1540cead109dfc8d736f1c45263e390
fuse_stencil_through_transient,cstatic,c,record,2,M,ok,92274496,91710081,91790079 93106390 91916891 91710081 93010169 92406188 92997978 92142804 93299377 91855805,0.67,/usr/bin/gcc-14,gcc-14 (SUSE Linux) 14.2.0,-O3 -march=native -fopenmp -fno-math-errno -fno-trapping-math -fno-signed-zeros  -ffp-contract=fast -fstrict-aliasing -fPIC -include /capstor/scratch/cscs/lhulsbergen/HPCAgent-Bench-ext/hpcagent_bench/envs/vecmath.h -Wall -Wextra,variants/fuse_stencil_through_transient_cstatic.c,,,7494d0524ba0617d9ac0610684455e23636c205fabeb27a3f94fe2be2a5273cb,hand,,,,,10,,,debug/5009993,nid006559,2026-10-09T10:38:15+0200,26a4f0cfc1540cead109dfc8d736f1c45263e390
fuse_stencil_through_transient,cfused,c,record,3,M,ok,46270836,45787363,46355697 45960510 46474062 46729542 46444974 46017116 46185975 45787363 47346803 45854849,1.02,/usr/bin/gcc-14,gcc-14 (SUSE Linux) 14.2.0,-O3 -march=native -fopenmp -fno-math-errno -fno-trapping-math -fno-signed-zeros  -ffp-contract=fast -fstrict-aliasing -fPIC -include /capstor/scratch/cscs/lhulsbergen/HPCAgent-Bench-ext/hpcagent_bench/envs/vecmath.h -Wall -Wextra,variants/fuse_stencil_through_transient_cfused.c,,,d0174da387ae1fd1d379c2cbcaad87095f3b504f34e6995d59286fc836392782,hand,,,,,10,,,debug/5009993,nid006559,2026-10-09T10:38:27+0200,26a4f0cfc1540cead109dfc8d736f1c45263e390
fuse_stencil_through_transient,hand,c,record,4,M,ok,47375298,46517549,46517549 47527886 46845250 48423794 46550284 47692040 46870497 47222711 47992831 47721991,1.35,/usr/bin/gcc-14,gcc-14 (SUSE Linux) 14.2.0,-O3 -march=native -fopenmp -fno-math-errno -fno-trapping-math -fno-signed-zeros  -ffp-contract=fast -fstrict-aliasing -fPIC -include /capstor/scratch/cscs/lhulsbergen/HPCAgent-Bench-ext/hpcagent_bench/envs/vecmath.h -Wall -Wextra,variants/fuse_stencil_through_transient_hand.c,,,0acd59d853882c06a478f9ee6e2a500bb2a28e35da4585617d89fe21518ec8f4,hand,,,,,10,,,debug/5009993,nid006559,2026-10-09T10:38:38+0200,26a4f0cfc1540cead109dfc8d736f1c45263e390
fuse_stencil_through_transient,agent,c,record,5,M,ok,54760671,53260285,54690737 53260285 54941898 53643345 54929322 53284381 55089030 53634451 54830605 54942890,1.41,/usr/bin/gcc-14,gcc-14 (SUSE Linux) 14.2.0,-O3 -march=native -fopenmp -fno-math-errno -fno-trapping-math -fno-signed-zeros  -ffp-contract=fast -fstrict-aliasing -fPIC -include /capstor/scratch/cscs/lhulsbergen/HPCAgent-Bench-ext/hpcagent_bench/envs/vecmath.h -Wall -Wextra,variants/fuse_stencil_through_transient_agent.c,,,19dae12d481d043351db72315919d27e67b03c6f55fe694cb4850053c1d21faf,hand,,,,,10,,,debug/5009993,nid006559,2026-10-09T10:38:50+0200,26a4f0cfc1540cead109dfc8d736f1c45263e390
