kernel,label,representation,round,position,preset,status,time_ns_median,time_ns_min,time_ns_all,rsd_pct,compiler_resolved,compiler_version,flags,override,bin_prefix,cell_env,source_sha256,provenance,perf_cycles,perf_instructions,perf_branch_misses,perf_gated_reps,perf_raw,notes,slurm_job,node,timestamp,commit_hash
tsvc_2_s316,c,c,1,1,M,ok,274221385,273699866,274270311 274894996 273699866 274860565 274193674 273995632 274754681 273895987 274897973 274211818 274127084 274377956 273944818 274737498 274005584 274678491 273956465 274047823 274825975 273898099 274689402 274055119 274125100 274682907 273802550 274726554 274500384 274230953 274694971 273800310,0.14,/usr/bin/gcc-14,gcc-14 (SUSE Linux) 14.2.0,-O3 -march=native -fopenmp -fno-math-errno -fno-trapping-math -fno-signed-zeros  -ffp-contract=fast -fstrict-aliasing -fPIC -include /capstor/scratch/cscs/lhulsbergen/HPCAgent-Bench-ext/hpcagent_bench/envs/vecmath.h -Wall -Wextra,,,,d0b4cc331993677715f61db8fdc0819ae55f617bd62fdb70151e50c634958565,autogen,27003260903,30044492791,123267,30,"27003260903,,cycles,8221971392,100.00,, | 30044492791,,instructions,8221971392,100.00,1.11,insn per cycle | 123267,,branch-misses,8221971392,100.00,,",,debug/4998574,nid006556,2026-10-07T15:39:48+0200,26a4f0cfc1540cead109dfc8d736f1c45263e390
tsvc_2_s316,cpp,cpp,1,2,M,ok,79625732,79065173,79139987 79893756 79402476 79804191 79425898 79633444 79532583 79839422 79623620 79746560 79354476 79750785 79281262 79634020 79218001 79803646 79305294 79627845 79065173 79514568 79561031 79761151 79172275 79673763 80009145 79938042 79308364 79641920 79506500 79753052,0.32,/users/lhulsbergen/bin/g++,g++ (SUSE Linux) 13.3.1 20250313 [revision 4ef1d8c84faeebffeb0cc01ee22e891b41e5c4e0],-O3 -march=native -fopenmp -fno-math-errno -fno-trapping-math -fno-signed-zeros  -ffp-contract=fast -fstrict-aliasing -fPIC -include /capstor/scratch/cscs/lhulsbergen/HPCAgent-Bench-ext/hpcagent_bench/envs/vecmath.h -Wall -Wextra,,,,284967cc902ce286c04b3b8bc5e32cfb6371e452b582e4aff791a8f8bd8b1676,autogen,7831772326,36015600031,80895,30,"7831772326,,cycles,2385123648,100.00,, | 36015600031,,instructions,2385123648,100.00,4.60,insn per cycle | 80895,,branch-misses,2385123648,100.00,,",,debug/4998574,nid006556,2026-10-07T15:40:02+0200,26a4f0cfc1540cead109dfc8d736f1c45263e390
tsvc_2_s316,cpp14,cpp,1,3,M,ok,274166732,273697354,274157244 274043424 274133821 274574768 273882181 274420692 273846566 274402997 274710635 273902596 274456755 273876229 274406196 274381269 273726890 274407060 273747561 274380949 274176220 273697354 274469554 273763912 274625453 273896484 273792584 274491377 273822278 275038594 273842406 274180987,0.13,/capstor/scratch/cscs/lhulsbergen/bachelorThesisArtifacts-extracted/extractedMatrix/followup/bin_gxx14/g++,g++ (SUSE Linux) 14.2.0,-O3 -march=native -fopenmp -fno-math-errno -fno-trapping-math -fno-signed-zeros  -ffp-contract=fast -fstrict-aliasing -fPIC -include /capstor/scratch/cscs/lhulsbergen/HPCAgent-Bench-ext/hpcagent_bench/envs/vecmath.h -Wall -Wextra,,bin_gxx14,,284967cc902ce286c04b3b8bc5e32cfb6371e452b582e4aff791a8f8bd8b1676,autogen,26992322906,30045714982,126026,30,"26992322906,,cycles,8218611744,100.00,, | 30045714982,,instructions,8218611744,100.00,1.11,insn per cycle | 126026,,branch-misses,8218611744,100.00,,",,debug/4998574,nid006556,2026-10-07T15:40:23+0200,26a4f0cfc1540cead109dfc8d736f1c45263e390
tsvc_2_s316,fortran,fortran,1,4,M,ok,79687214,79248875,79596257 80013139 79281323 79634656 79249036 80008180 79507716 186364985 79446310 79930134 80881273 79811930 79767740 80064915 79686846 79818394 79423847 79697534 79659231 79768348 79440293 79687582 79486532 79925975 79667551 79645184 79248875 79772124 79596833 80504005,23.38,/users/lhulsbergen/bin/gfortran,GNU Fortran (SUSE Linux) 13.3.1 20250313 [revision 4ef1d8c84faeebffeb0cc01ee22e891b41e5c4e0],-O3 -march=native -fopenmp -fno-math-errno -fno-trapping-math -fno-signed-zeros  -ffp-contract=fast -fstrict-aliasing -fPIC -ftree-parallelize-loops=1 -Wall -Wextra,,,,f1f253d6f7375ca831eed0d962fff73c1e3f681eeed0cca7781d968c3b55068a,autogen,7844364783,36016738661,83053,30,"7844364783,,cycles,2389126464,100.00,, | 36016738661,,instructions,2389126464,100.00,4.59,insn per cycle | 83053,,branch-misses,2389126464,100.00,,",,debug/4998574,nid006556,2026-10-07T15:40:37+0200,26a4f0cfc1540cead109dfc8d736f1c45263e390
tsvc_2_s316,fortran14,fortran,1,5,M,ok,274165916,273847014,274474835 273960226 273999297 274879718 274224090 274619950 273961826 273999457 274463186 274126365 274677772 273885445 273899205 274233273 276317849 274974051 273872773 274093694 274010497 273956290 274685803 274042176 274760490 273904740 287165994 274595279 273960514 274356502 273847014 274205467,0.87,/capstor/scratch/cscs/lhulsbergen/bachelorThesisArtifacts-extracted/extractedMatrix/followup/bin14/gfortran,GNU Fortran (SUSE Linux) 14.2.0,-O3 -march=native -fopenmp -fno-math-errno -fno-trapping-math -fno-signed-zeros  -ffp-contract=fast -fstrict-aliasing -fPIC -ftree-parallelize-loops=1 -Wall -Wextra,,bin14,,f1f253d6f7375ca831eed0d962fff73c1e3f681eeed0cca7781d968c3b55068a,autogen,27013312452,36051361551,131733,30,"27013312452,,cycles,8225559552,100.00,, | 36051361551,,instructions,8225559552,100.00,1.33,insn per cycle | 131733,,branch-misses,8225559552,100.00,,",,debug/4998574,nid006556,2026-10-07T15:40:58+0200,26a4f0cfc1540cead109dfc8d736f1c45263e390
tsvc_2_s316,numba,numba,1,6,M,ok,122451696,122183960,122364406 122372950 123051360 122679787 122393973 122289143 122586923 122453328 122318804 122280405 123338132 123276982 122362643 122458032 122946177 122450064 122400081 122315284 122927393 122729255 122487982 122183960 123057309 122506062 122354706 122437168 122899650 122464879 122366706 122411185,0.25,numba,numba 0.67.0,@nb.njit as written in the numba file,,,,299bd389b1ec6ae8d8c802b88566b514e6e1dbe3f3661700b80b2cb745d4424b,autogen,12060184891,42019589394,63822,30,"12060184891,,cycles,3673623968,100.00,, | 42019589394,,instructions,3673623968,100.00,3.48,insn per cycle | 63822,,branch-misses,3673623968,100.00,,",,debug/4998574,nid006556,2026-10-07T15:41:12+0200,26a4f0cfc1540cead109dfc8d736f1c45263e390
tsvc_2_s316,numba,numba,2,1,M,ok,122413009,122215831,122533997 122356882 122285173 122390929 122516589 122364179 122273014 122462319 122633130 122305876 122236662 122606283 122435089 122381842 122561836 122453424 122449648 122349714 122551276 122466960 122371859 122239510 135666486 122566028 122252726 122215831 122844739 122492494 122373458 122326867,1.97,numba,numba 0.67.0,@nb.njit as written in the numba file,,,,299bd389b1ec6ae8d8c802b88566b514e6e1dbe3f3661700b80b2cb745d4424b,autogen,12068095972,42025662175,76573,30,"12068095972,,cycles,3675497120,100.00,, | 42025662175,,instructions,3675497120,100.00,3.48,insn per cycle | 76573,,branch-misses,3675497120,100.00,,",,debug/4998574,nid006556,2026-10-07T15:41:27+0200,26a4f0cfc1540cead109dfc8d736f1c45263e390
tsvc_2_s316,fortran14,fortran,2,2,M,ok,274209508,273734147,273756481 274007418 274310800 274154742 274782818 273883486 274094456 274162358 277195383 274623078 274014042 274569833 274114903 274025753 274816065 273819359 274822049 274320592 273927836 274890366 273985915 274736676 273849919 274395182 274256658 273861471 274638759 273734147 274536906 274264402,0.23,/capstor/scratch/cscs/lhulsbergen/bachelorThesisArtifacts-extracted/extractedMatrix/followup/bin14/gfortran,GNU Fortran (SUSE Linux) 14.2.0,-O3 -march=native -fopenmp -fno-math-errno -fno-trapping-math -fno-signed-zeros  -ffp-contract=fast -fstrict-aliasing -fPIC -ftree-parallelize-loops=1 -Wall -Wextra,,bin14,,f1f253d6f7375ca831eed0d962fff73c1e3f681eeed0cca7781d968c3b55068a,autogen,27004513792,36046832684,131326,30,"27004513792,,cycles,8221208288,100.00,, | 36046832684,,instructions,8221208288,100.00,1.33,insn per cycle | 131326,,branch-misses,8221208288,100.00,,",,debug/4998574,nid006556,2026-10-07T15:41:46+0200,26a4f0cfc1540cead109dfc8d736f1c45263e390
tsvc_2_s316,fortran,fortran,2,3,M,ok,79672476,79171788,79586335 79649821 79171788 79699388 79798169 89668135 79531265 79748890 80000306 79691580 79482019 79592223 92526446 79895382 79474435 79742715 79490018 80071088 79584959 79592191 79972147 79998770 79802137 79989011 79618206 79599999 79640541 79983411 79312904 79653373,3.64,/users/lhulsbergen/bin/gfortran,GNU Fortran (SUSE Linux) 13.3.1 20250313 [revision 4ef1d8c84faeebffeb0cc01ee22e891b41e5c4e0],-O3 -march=native -fopenmp -fno-math-errno -fno-trapping-math -fno-signed-zeros  -ffp-contract=fast -fstrict-aliasing -fPIC -ftree-parallelize-loops=1 -Wall -Wextra,,,,f1f253d6f7375ca831eed0d962fff73c1e3f681eeed0cca7781d968c3b55068a,autogen,7867158105,36027977456,107289,30,"7867158105,,cycles,2397217248,100.00,, | 36027977456,,instructions,2397217248,100.00,4.58,insn per cycle | 107289,,branch-misses,2397217248,100.00,,",,debug/4998574,nid006556,2026-10-07T15:41:58+0200,26a4f0cfc1540cead109dfc8d736f1c45263e390
tsvc_2_s316,cpp14,cpp,2,4,M,ok,274340072,273776339,274364175 275554442 273803200 274722404 273814400 274446317 274524842 274070648 274717636 273896957 274574568 274370095 274079342 274539483 275361474 274657336 274130696 274025548 274294115 274155175 274457277 274210886 274820499 273887823 273787027 274315970 274368672 274697334 273776339 274031244,0.16,/capstor/scratch/cscs/lhulsbergen/bachelorThesisArtifacts-extracted/extractedMatrix/followup/bin_gxx14/g++,g++ (SUSE Linux) 14.2.0,-O3 -march=native -fopenmp -fno-math-errno -fno-trapping-math -fno-signed-zeros  -ffp-contract=fast -fstrict-aliasing -fPIC -include /capstor/scratch/cscs/lhulsbergen/HPCAgent-Bench-ext/hpcagent_bench/envs/vecmath.h -Wall -Wextra,,bin_gxx14,,284967cc902ce286c04b3b8bc5e32cfb6371e452b582e4aff791a8f8bd8b1676,autogen,27006754395,30045906979,127706,30,"27006754395,,cycles,8221394464,100.00,, | 30045906979,,instructions,8221394464,100.00,1.11,insn per cycle | 127706,,branch-misses,8221394464,100.00,,",,debug/4998574,nid006556,2026-10-07T15:42:18+0200,26a4f0cfc1540cead109dfc8d736f1c45263e390
tsvc_2_s316,cpp,cpp,2,5,M,ok,79398736,79190632,91752962 79819444 79710551 79297796 79337731 79390914 79519709 79400704 79396769 79255301 79522110 79521469 79311940 79351202 79263653 79740662 79499613 79421696 79267589 79498206 79608570 79223206 79268069 79340003 79588731 79538717 79190632 79239814 79396288 79702968,2.82,/users/lhulsbergen/bin/g++,g++ (SUSE Linux) 13.3.1 20250313 [revision 4ef1d8c84faeebffeb0cc01ee22e891b41e5c4e0],-O3 -march=native -fopenmp -fno-math-errno -fno-trapping-math -fno-signed-zeros  -ffp-contract=fast -fstrict-aliasing -fPIC -include /capstor/scratch/cscs/lhulsbergen/HPCAgent-Bench-ext/hpcagent_bench/envs/vecmath.h -Wall -Wextra,,,,284967cc902ce286c04b3b8bc5e32cfb6371e452b582e4aff791a8f8bd8b1676,autogen,7833176706,36022983630,93991,30,"7833176706,,cycles,2386130912,100.00,, | 36022983630,,instructions,2386130912,100.00,4.60,insn per cycle | 93991,,branch-misses,2386130912,100.00,,",,debug/4998574,nid006556,2026-10-07T15:42:30+0200,26a4f0cfc1540cead109dfc8d736f1c45263e390
tsvc_2_s316,c,c,2,6,M,ok,274189030,273766388,274167591 274357633 274025899 276424769 273963213 274346914 274210469 273929966 275806548 273949965 274529980 274051658 274017100 275246598 274034315 274707029 273766388 274093609 275247654 274112393 274705462 273804754 274249637 274993614 273951598 274857137 273874576 274433151 277946353 273869552,0.33,/usr/bin/gcc-14,gcc-14 (SUSE Linux) 14.2.0,-O3 -march=native -fopenmp -fno-math-errno -fno-trapping-math -fno-signed-zeros  -ffp-contract=fast -fstrict-aliasing -fPIC -include /capstor/scratch/cscs/lhulsbergen/HPCAgent-Bench-ext/hpcagent_bench/envs/vecmath.h -Wall -Wextra,,,,d0b4cc331993677715f61db8fdc0819ae55f617bd62fdb70151e50c634958565,autogen,27013038035,30048200598,129384,30,"27013038035,,cycles,8224735744,100.00,, | 30048200598,,instructions,8224735744,100.00,1.11,insn per cycle | 129384,,branch-misses,8224735744,100.00,,",,debug/4998574,nid006556,2026-10-07T15:42:49+0200,26a4f0cfc1540cead109dfc8d736f1c45263e390
tsvc_2_s316,c,c,3,1,M,ok,274396159,273778675,274588025 274164071 274195622 274391264 273887408 274687287 273955342 274379649 274201030 274030539 275607546 275754966 274504220 273778675 273852817 274662744 283819995 274938415 274117289 274096617 274401055 299804524 277326372 275025005 274904112 274014892 274255780 274516348 274008908 274768948,1.78,/usr/bin/gcc-14,gcc-14 (SUSE Linux) 14.2.0,-O3 -march=native -fopenmp -fno-math-errno -fno-trapping-math -fno-signed-zeros  -ffp-contract=fast -fstrict-aliasing -fPIC -include /capstor/scratch/cscs/lhulsbergen/HPCAgent-Bench-ext/hpcagent_bench/envs/vecmath.h -Wall -Wextra,,,,d0b4cc331993677715f61db8fdc0819ae55f617bd62fdb70151e50c634958565,autogen,27082460703,30081287511,151237,30,"27082460703,,cycles,8247675264,100.00,, | 30081287511,,instructions,8247675264,100.00,1.11,insn per cycle | 151237,,branch-misses,8247675264,100.00,,",,debug/4998574,nid006556,2026-10-07T15:43:08+0200,26a4f0cfc1540cead109dfc8d736f1c45263e390
tsvc_2_s316,cpp,cpp,3,2,M,ok,79688204,79377254,83001073 79961839 79778042 79479939 79915253 79803545 79739323 79474531 79699964 79581632 79939509 79483203 79705500 79407941 80031890 79631262 79554848 79423492 79722875 79676445 79723515 79446148 79578560 79504161 79795641 79377254 79491042 79626366 80572705 80180845,0.82,/users/lhulsbergen/bin/g++,g++ (SUSE Linux) 13.3.1 20250313 [revision 4ef1d8c84faeebffeb0cc01ee22e891b41e5c4e0],-O3 -march=native -fopenmp -fno-math-errno -fno-trapping-math -fno-signed-zeros  -ffp-contract=fast -fstrict-aliasing -fPIC -include /capstor/scratch/cscs/lhulsbergen/HPCAgent-Bench-ext/hpcagent_bench/envs/vecmath.h -Wall -Wextra,,,,284967cc902ce286c04b3b8bc5e32cfb6371e452b582e4aff791a8f8bd8b1676,autogen,7845924351,36015896285,79556,30,"7845924351,,cycles,2390127328,100.00,, | 36015896285,,instructions,2390127328,100.00,4.59,insn per cycle | 79556,,branch-misses,2390127328,100.00,,",,debug/4998574,nid006556,2026-10-07T15:43:20+0200,26a4f0cfc1540cead109dfc8d736f1c45263e390
tsvc_2_s316,cpp14,cpp,3,3,M,ok,274335857,273829537,274058810 274018490 274564841 396452396 275342449 276970943 274909215 273974523 273973276 274314129 273829537 274681190 283512916 274230228 274331986 273965437 274790851 273962556 274883071 274339729 273953437 274782532 274032570 274903679 274206837 276409425 274306866 273913214 274936255 275039227,7.98,/capstor/scratch/cscs/lhulsbergen/bachelorThesisArtifacts-extracted/extractedMatrix/followup/bin_gxx14/g++,g++ (SUSE Linux) 14.2.0,-O3 -march=native -fopenmp -fno-math-errno -fno-trapping-math -fno-signed-zeros  -ffp-contract=fast -fstrict-aliasing -fPIC -include /capstor/scratch/cscs/lhulsbergen/HPCAgent-Bench-ext/hpcagent_bench/envs/vecmath.h -Wall -Wextra,,bin_gxx14,,284967cc902ce286c04b3b8bc5e32cfb6371e452b582e4aff791a8f8bd8b1676,autogen,27267988609,30170151130,201085,30,"27267988609,,cycles,8306515040,100.00,, | 30170151130,,instructions,8306515040,100.00,1.11,insn per cycle | 201085,,branch-misses,8306515040,100.00,,",,debug/4998574,nid006556,2026-10-07T15:43:40+0200,26a4f0cfc1540cead109dfc8d736f1c45263e390
tsvc_2_s316,fortran,fortran,3,4,M,ok,79840615,79579648,79945237 79760442 79673373 79649630 79755355 79926869 79777593 79579648 79695293 79903926 79914230 79646046 79741211 79587104 80066481 79840343 79707387 79746587 79845112 80201356 80058769 79949204 79914229 80093488 80239307 79789785 79840888 79885590 80012402 79780698,0.21,/users/lhulsbergen/bin/gfortran,GNU Fortran (SUSE Linux) 13.3.1 20250313 [revision 4ef1d8c84faeebffeb0cc01ee22e891b41e5c4e0],-O3 -march=native -fopenmp -fno-math-errno -fno-trapping-math -fno-signed-zeros  -ffp-contract=fast -fstrict-aliasing -fPIC -ftree-parallelize-loops=1 -Wall -Wextra,,,,f1f253d6f7375ca831eed0d962fff73c1e3f681eeed0cca7781d968c3b55068a,autogen,7861984924,36015598758,75682,30,"7861984924,,cycles,2394603584,100.00,, | 36015598758,,instructions,2394603584,100.00,4.58,insn per cycle | 75682,,branch-misses,2394603584,100.00,,",,debug/4998574,nid006556,2026-10-07T15:43:52+0200,26a4f0cfc1540cead109dfc8d736f1c45263e390
tsvc_2_s316,fortran14,fortran,3,5,M,ok,274129735,273684037,274367056 273804897 274604840 273951996 273784354 274378479 273684037 274803458 283775565 274151031 274122424 273755330 274843649 273949181 274540298 274137047 273784450 275168087 273941629 274701157 274004508 273920350 274609929 273898686 275060346 273998235 273836801 274644071 273868544 276403057,0.66,/capstor/scratch/cscs/lhulsbergen/bachelorThesisArtifacts-extracted/extractedMatrix/followup/bin14/gfortran,GNU Fortran (SUSE Linux) 14.2.0,-O3 -march=native -fopenmp -fno-math-errno -fno-trapping-math -fno-signed-zeros  -ffp-contract=fast -fstrict-aliasing -fPIC -ftree-parallelize-loops=1 -Wall -Wextra,,bin14,,f1f253d6f7375ca831eed0d962fff73c1e3f681eeed0cca7781d968c3b55068a,autogen,27012321488,36052096863,127080,30,"27012321488,,cycles,8224854496,100.00,, | 36052096863,,instructions,8224854496,100.00,1.33,insn per cycle | 127080,,branch-misses,8224854496,100.00,,",,debug/4998574,nid006556,2026-10-07T15:44:12+0200,26a4f0cfc1540cead109dfc8d736f1c45263e390
tsvc_2_s316,numba,numba,3,6,M,ok,122452081,122251129,123085180 122444848 122324949 122557709 122595819 122330452 122324660 122553999 122474802 122287512 122379381 122563663 122602031 122251129 122276760 122849223 122663052 122459315 122307447 122884486 122460306 122320088 122290680 123380694 122384117 122289208 122415188 122619502 122384310 122535569,0.21,numba,numba 0.67.0,@nb.njit as written in the numba file,,,,299bd389b1ec6ae8d8c802b88566b514e6e1dbe3f3661700b80b2cb745d4424b,autogen,12060588416,42020130004,61689,30,"12060588416,,cycles,3673137568,100.00,, | 42020130004,,instructions,3673137568,100.00,3.48,insn per cycle | 61689,,branch-misses,3673137568,100.00,,",,debug/4998574,nid006556,2026-10-07T15:44:25+0200,26a4f0cfc1540cead109dfc8d736f1c45263e390
tsvc_2_s316,c,c,record,1,M,ok,279843500,279319806,279319806 280205378 289688060 279460889 279902507 279336573 280204002 279784494 279952617 279723025,1.12,/usr/bin/gcc-14,gcc-14 (SUSE Linux) 14.2.0,-O3 -march=native -fopenmp -fno-math-errno -fno-trapping-math -fno-signed-zeros  -ffp-contract=fast -fstrict-aliasing -fPIC -include /capstor/scratch/cscs/lhulsbergen/HPCAgent-Bench-ext/hpcagent_bench/envs/vecmath.h -Wall -Wextra,,,,d0b4cc331993677715f61db8fdc0819ae55f617bd62fdb70151e50c634958565,autogen,,,,10,,,debug/4998574,nid006556,2026-10-07T15:44:37+0200,26a4f0cfc1540cead109dfc8d736f1c45263e390
tsvc_2_s316,cpp,cpp,record,2,M,ok,82477351,81034388,105380484 107877398 106029391 82334637 82196849 81526213 104123978 81034388 82618403 82336300,13.5,/users/lhulsbergen/bin/g++,g++ (SUSE Linux) 13.3.1 20250313 [revision 4ef1d8c84faeebffeb0cc01ee22e891b41e5c4e0],-O3 -march=native -fopenmp -fno-math-errno -fno-trapping-math -fno-signed-zeros  -ffp-contract=fast -fstrict-aliasing -fPIC -include /capstor/scratch/cscs/lhulsbergen/HPCAgent-Bench-ext/hpcagent_bench/envs/vecmath.h -Wall -Wextra,,,,284967cc902ce286c04b3b8bc5e32cfb6371e452b582e4aff791a8f8bd8b1676,autogen,,,,10,,,debug/4998574,nid006556,2026-10-07T15:44:46+0200,26a4f0cfc1540cead109dfc8d736f1c45263e390
tsvc_2_s316,cpp14,cpp,record,3,M,ok,279726496,279177762,279177762 279855756 280448378 279339005 280553527 279333725 280075398 280165411 279471385 279597236,0.18,/capstor/scratch/cscs/lhulsbergen/bachelorThesisArtifacts-extracted/extractedMatrix/followup/bin_gxx14/g++,g++ (SUSE Linux) 14.2.0,-O3 -march=native -fopenmp -fno-math-errno -fno-trapping-math -fno-signed-zeros  -ffp-contract=fast -fstrict-aliasing -fPIC -include /capstor/scratch/cscs/lhulsbergen/HPCAgent-Bench-ext/hpcagent_bench/envs/vecmath.h -Wall -Wextra,,bin_gxx14,,284967cc902ce286c04b3b8bc5e32cfb6371e452b582e4aff791a8f8bd8b1676,autogen,,,,10,,,debug/4998574,nid006556,2026-10-07T15:44:59+0200,26a4f0cfc1540cead109dfc8d736f1c45263e390
tsvc_2_s316,fortran,fortran,record,4,M,ok,89812277,81396746,83257232 101996876 113280879 102822066 96311132 96886442 81396746 82421514 83313422 82772446,12.24,/users/lhulsbergen/bin/gfortran,GNU Fortran (SUSE Linux) 13.3.1 20250313 [revision 4ef1d8c84faeebffeb0cc01ee22e891b41e5c4e0],-O3 -march=native -fopenmp -fno-math-errno -fno-trapping-math -fno-signed-zeros  -ffp-contract=fast -fstrict-aliasing -fPIC -ftree-parallelize-loops=1 -Wall -Wextra,,,,f1f253d6f7375ca831eed0d962fff73c1e3f681eeed0cca7781d968c3b55068a,autogen,,,,10,,,debug/4998574,nid006556,2026-10-07T15:45:07+0200,26a4f0cfc1540cead109dfc8d736f1c45263e390
tsvc_2_s316,fortran14,fortran,record,5,M,ok,279865580,279118403,279304926 280071078 280343486 279746896 279118403 279861581 279869580 280267616 280325854 279534839,0.15,/capstor/scratch/cscs/lhulsbergen/bachelorThesisArtifacts-extracted/extractedMatrix/followup/bin14/gfortran,GNU Fortran (SUSE Linux) 14.2.0,-O3 -march=native -fopenmp -fno-math-errno -fno-trapping-math -fno-signed-zeros  -ffp-contract=fast -fstrict-aliasing -fPIC -ftree-parallelize-loops=1 -Wall -Wextra,,bin14,,f1f253d6f7375ca831eed0d962fff73c1e3f681eeed0cca7781d968c3b55068a,autogen,,,,10,,,debug/4998574,nid006556,2026-10-07T15:45:19+0200,26a4f0cfc1540cead109dfc8d736f1c45263e390
tsvc_2_s316,numba,numba,record,6,M,ok,126054501,125243166,126690961 127256575 125243166 126023238 126303934 125941161 126085764 125477974 125598003 126615188,0.49,numba,numba 0.67.0,@nb.njit as written in the numba file,,,,299bd389b1ec6ae8d8c802b88566b514e6e1dbe3f3661700b80b2cb745d4424b,autogen,,,,10,,,debug/4998574,nid006556,2026-10-07T15:45:28+0200,26a4f0cfc1540cead109dfc8d736f1c45263e390
