kernel,label,representation,round,position,preset,status,time_ns_median,time_ns_min,time_ns_all,rsd_pct,compiler_resolved,compiler_version,flags,override,bin_prefix,source_sha256,provenance,perf_cycles,perf_instructions,perf_branch_misses,perf_gated_reps,perf_raw,notes,slurm_job,node,timestamp,commit_hash
triangle_count,c,c,1,1,M,ok,46877709,46760306,46877773 46823887 46840590 46793840 46821167 46778512 47002793 46876109 46877645 47014089 47084998 47211427 47172355 47025736 47133125 46920204 46787600 46860334 47180835 46908332 46871309 46845742 46760306 46830414 46876205 46874862 46888940 46912236 46975338 46966410,0.27,/usr/bin/gcc-14,gcc-14 (SUSE Linux) 14.2.0,-O3 -march=native -fopenmp -fno-math-errno -fno-trapping-math -fno-signed-zeros  -ffp-contract=fast -fstrict-aliasing -fPIC -include /capstor/scratch/cscs/lhulsbergen/HPCAgent-Bench-ext/hpcagent_bench/envs/vecmath.h -Wall -Wextra,,,47caf48afda29ebe7ac43f5b2ab44e8e83a10960c7a151dce967444c2940427e,autogen,4574652381,12585655116,75541129,30,"4574652381,,cycles,1407380736,100.00,, | 12585655116,,instructions,1407380736,100.00,2.75,insn per cycle | 75541129,,branch-misses,1407380736,100.00,,",,debug/4998101,nid006562,2026-10-07T14:41:39+0200,26a4f0cfc1540cead109dfc8d736f1c45263e390
triangle_count,cshift,c,1,2,M,ok,30444526,30209590,30410959 30343665 30578058 30726405 30783875 30803266 30808739 30625256 30414127 30548875 30515564 30482637 30540363 30667207 30410799 31733668 30469997 30331538 30401551 30392240 30419055 30475661 30578697 30365553 30312243 30333074 30209590 30296307 30368113 30382608,0.91,/usr/bin/gcc-14,gcc-14 (SUSE Linux) 14.2.0,-O3 -march=native -fopenmp -fno-math-errno -fno-trapping-math -fno-signed-zeros  -ffp-contract=fast -fstrict-aliasing -fPIC -include /capstor/scratch/cscs/lhulsbergen/HPCAgent-Bench-ext/hpcagent_bench/envs/vecmath.h -Wall -Wextra,variants/triangle_count_cshift.c variants/triangle_count_cshift_fp32.c,,4d70c40df61f040e00d56d285b8bf9acbe1e971d9dd33ef7fd6cb6f59564c9e9,hand,2969354091,7646055396,80250103,30,"2969354091,,cycles,913746048,100.00,, | 7646055396,,instructions,913746048,100.00,2.57,insn per cycle | 80250103,,branch-misses,913746048,100.00,,",,debug/4998101,nid006562,2026-10-07T14:41:45+0200,26a4f0cfc1540cead109dfc8d736f1c45263e390
triangle_count,numba,numba,1,3,M,ok,32554760,32402029,32450028 32462220 32551400 32402029 32741538 32659653 32475531 32476043 32504202 32439180 32497354 32765377 32681380 32738146 32645542 32568999 32593543 32650373 32505514 32615782 32489418 32943611 32628518 32662149 32602471 32432492 32523753 32558120 32517610 32479179,0.37,numba,numba 0.67.0,@nb.njit as written in the numba file,,,bb32988217abc626168f90527deb53a60943107085b8b7898654894622d63048,autogen,3174109801,8770038441,81258109,30,"3174109801,,cycles,976628672,100.00,, | 8770038441,,instructions,976628672,100.00,2.76,insn per cycle | 81258109,,branch-misses,976628672,100.00,,",,debug/4998101,nid006562,2026-10-07T14:41:51+0200,26a4f0cfc1540cead109dfc8d736f1c45263e390
triangle_count,numba,numba,2,1,M,ok,32522889,32371886,32692867 32631301 32710499 32496906 32538121 32638085 32529225 32538985 32371886 32571623 32488970 32695620 35337132 32559688 32461099 32372718 32416749 32490378 32422861 32448651 32721475 32538409 32516553 32590568 32444043 32456971 32470507 32421581 32443052 32645509,1.6,numba,numba 0.67.0,@nb.njit as written in the numba file,,,bb32988217abc626168f90527deb53a60943107085b8b7898654894622d63048,autogen,3172051636,8770160745,81236296,30,"3172051636,,cycles,975849152,100.00,, | 8770160745,,instructions,975849152,100.00,2.76,insn per cycle | 81236296,,branch-misses,975849152,100.00,,",,debug/4998101,nid006562,2026-10-07T14:41:55+0200,26a4f0cfc1540cead109dfc8d736f1c45263e390
triangle_count,cshift,c,2,2,M,ok,30436334,30308659,30532140 30382320 30310323 30369872 30481357 30477997 30417679 30523500 30308659 30448334 30339570 30363025 30379984 30381968 30329810 30392145 30442318 30493484 30481517 30430350 30422607 30391664 30376496 30473965 30547627 30473549 30547402 30478861 30674439 30544747,0.27,/usr/bin/gcc-14,gcc-14 (SUSE Linux) 14.2.0,-O3 -march=native -fopenmp -fno-math-errno -fno-trapping-math -fno-signed-zeros  -ffp-contract=fast -fstrict-aliasing -fPIC -include /capstor/scratch/cscs/lhulsbergen/HPCAgent-Bench-ext/hpcagent_bench/envs/vecmath.h -Wall -Wextra,variants/triangle_count_cshift.c variants/triangle_count_cshift_fp32.c,,4d70c40df61f040e00d56d285b8bf9acbe1e971d9dd33ef7fd6cb6f59564c9e9,hand,2967446615,7644120231,80361599,30,"2967446615,,cycles,913051488,100.00,, | 7644120231,,instructions,913051488,100.00,2.58,insn per cycle | 80361599,,branch-misses,913051488,100.00,,",,debug/4998101,nid006562,2026-10-07T14:42:00+0200,26a4f0cfc1540cead109dfc8d736f1c45263e390
triangle_count,c,c,2,3,M,ok,46959977,46816910,46955849 47101157 46887467 46913515 46916171 46816910 46863724 46882444 46924970 46881260 46964105 46871980 46982792 47029735 47220161 47049479 47347293 46954537 47014600 46971977 46901003 46974185 46921930 47554870 52422068 54454417 46819630 46841933 48113635 46991976,3.52,/usr/bin/gcc-14,gcc-14 (SUSE Linux) 14.2.0,-O3 -march=native -fopenmp -fno-math-errno -fno-trapping-math -fno-signed-zeros  -ffp-contract=fast -fstrict-aliasing -fPIC -include /capstor/scratch/cscs/lhulsbergen/HPCAgent-Bench-ext/hpcagent_bench/envs/vecmath.h -Wall -Wextra,,,47caf48afda29ebe7ac43f5b2ab44e8e83a10960c7a151dce967444c2940427e,autogen,4587703020,12593445559,75584656,30,"4587703020,,cycles,1412075584,100.00,, | 12593445559,,instructions,1412075584,100.00,2.75,insn per cycle | 75584656,,branch-misses,1412075584,100.00,,",,debug/4998101,nid006562,2026-10-07T14:42:05+0200,26a4f0cfc1540cead109dfc8d736f1c45263e390
triangle_count,c,c,3,1,M,ok,46963673,46769839,46972904 47084068 46975465 46939626 46814989 46974888 46882348 46779471 46791022 47052326 46860365 46829198 46984488 47156739 47329277 47248863 47023591 47119492 46964969 46866060 46818158 47228065 46933354 47031398 46810446 46971561 46769839 46962377 46852173 46822702,0.31,/usr/bin/gcc-14,gcc-14 (SUSE Linux) 14.2.0,-O3 -march=native -fopenmp -fno-math-errno -fno-trapping-math -fno-signed-zeros  -ffp-contract=fast -fstrict-aliasing -fPIC -include /capstor/scratch/cscs/lhulsbergen/HPCAgent-Bench-ext/hpcagent_bench/envs/vecmath.h -Wall -Wextra,,,47caf48afda29ebe7ac43f5b2ab44e8e83a10960c7a151dce967444c2940427e,autogen,4575994927,12585801422,75525178,30,"4575994927,,cycles,1408133216,100.00,, | 12585801422,,instructions,1408133216,100.00,2.75,insn per cycle | 75525178,,branch-misses,1408133216,100.00,,",,debug/4998101,nid006562,2026-10-07T14:42:10+0200,26a4f0cfc1540cead109dfc8d736f1c45263e390
triangle_count,cshift,c,3,2,M,ok,30476172,30364272,30408335 30551082 30457837 30501260 30495116 30403887 30471308 30465517 30388367 30436173 30366960 30364272 30399023 30482476 30380144 30455917 30585704 30482924 30484748 30444653 30615784 30449293 30601256 42435296 31691684 30626311 30514155 30481037 30435821 30567050,7.08,/usr/bin/gcc-14,gcc-14 (SUSE Linux) 14.2.0,-O3 -march=native -fopenmp -fno-math-errno -fno-trapping-math -fno-signed-zeros  -ffp-contract=fast -fstrict-aliasing -fPIC -include /capstor/scratch/cscs/lhulsbergen/HPCAgent-Bench-ext/hpcagent_bench/envs/vecmath.h -Wall -Wextra,variants/triangle_count_cshift.c variants/triangle_count_cshift_fp32.c,,4d70c40df61f040e00d56d285b8bf9acbe1e971d9dd33ef7fd6cb6f59564c9e9,hand,2982173297,7651504942,80572850,30,"2982173297,,cycles,918279744,100.00,, | 7651504942,,instructions,918279744,100.00,2.57,insn per cycle | 80572850,,branch-misses,918279744,100.00,,",,debug/4998101,nid006562,2026-10-07T14:42:14+0200,26a4f0cfc1540cead109dfc8d736f1c45263e390
triangle_count,numba,numba,3,3,M,ok,32642180,32497833,32580167 32728481 32622405 32573575 32579175 32497833 32555687 32668004 32511209 32637764 32506473 32611173 32525288 32696354 32673891 32632613 32698051 32642948 32715810 32703779 32940219 32721698 32664676 32643300 32671396 32767008 32645060 32501065 32590406 32641412,0.28,numba,numba 0.67.0,@nb.njit as written in the numba file,,,bb32988217abc626168f90527deb53a60943107085b8b7898654894622d63048,autogen,3180927939,8770336068,81296222,30,"3180927939,,cycles,978797984,100.00,, | 8770336068,,instructions,978797984,100.00,2.76,insn per cycle | 81296222,,branch-misses,978797984,100.00,,",,debug/4998101,nid006562,2026-10-07T14:42:19+0200,26a4f0cfc1540cead109dfc8d736f1c45263e390
triangle_count,c,c,record,1,M,ok,47759358,47548182,47881674 47771534 47869867 48461559 47600916 47714608 47806765 48113763 47829101 47675889 47551029 47771630 47866603 47722320 47640755 47641586 47958985 47644946 47747183 47846188 48213247 47782702 47687761 47745711 47639283 47986887 47728336 47644114 47548182 47867787,0.41,/usr/bin/gcc-14,gcc-14 (SUSE Linux) 14.2.0,-O3 -march=native -fopenmp -fno-math-errno -fno-trapping-math -fno-signed-zeros  -ffp-contract=fast -fstrict-aliasing -fPIC -include /capstor/scratch/cscs/lhulsbergen/HPCAgent-Bench-ext/hpcagent_bench/envs/vecmath.h -Wall -Wextra,,,47caf48afda29ebe7ac43f5b2ab44e8e83a10960c7a151dce967444c2940427e,autogen,,,,30,,,debug/4998101,nid006562,2026-10-07T14:42:24+0200,26a4f0cfc1540cead109dfc8d736f1c45263e390
triangle_count,cshift,c,record,2,M,ok,30954189,30823009,30973980 30901246 31013979 31023514 30982011 31505963 30879583 30915229 30940989 31201908 30913310 31208180 31238099 30884767 30901630 30901438 30926013 30855455 31239252 30965084 30931485 30823009 30969020 31167574 31008762 31343823 30943294 30966684 30936157 30923230,0.52,/usr/bin/gcc-14,gcc-14 (SUSE Linux) 14.2.0,-O3 -march=native -fopenmp -fno-math-errno -fno-trapping-math -fno-signed-zeros  -ffp-contract=fast -fstrict-aliasing -fPIC -include /capstor/scratch/cscs/lhulsbergen/HPCAgent-Bench-ext/hpcagent_bench/envs/vecmath.h -Wall -Wextra,variants/triangle_count_cshift.c variants/triangle_count_cshift_fp32.c,,4d70c40df61f040e00d56d285b8bf9acbe1e971d9dd33ef7fd6cb6f59564c9e9,hand,,,,30,,,debug/4998101,nid006562,2026-10-07T14:42:29+0200,26a4f0cfc1540cead109dfc8d736f1c45263e390
triangle_count,numba,numba,record,3,M,ok,33203425,32990362,33126933 33282831 33182002 33234897 33082166 33584677 33225265 33261392 33128725 33144659 33180691 33116820 33278191 33114101 33042999 33075414 32990362 33219569 33550598 33173235 39998000 38957939 33280911 33369292 47019751 33296046 33147668 33413834 33187282 33082870,8.56,numba,numba 0.67.0,@nb.njit as written in the numba file,,,bb32988217abc626168f90527deb53a60943107085b8b7898654894622d63048,autogen,,,,30,,,debug/4998101,nid006562,2026-10-07T14:42:35+0200,26a4f0cfc1540cead109dfc8d736f1c45263e390
