kernel,array_index,order,status_with,status_without,min_ns_with,min_ns_without,ratio_min_without_over_with,median_ns_with,median_ns_without,rsd_pct_with,rsd_pct_without,flag_in_with_arm,gomp_calls_with,gomp_calls_without,n_reps_with,n_reps_without
argmax_with_index,5,"with,without",ok,ok,71238210,71512634,1.0039,71738947,71760434,0.43,2.92,-ftree-parallelize-loops=72,0,0,30,30
quasi_affine_reduce_odd,6,"without,with",ok,ok,63382184,63391912,1.0002,63809873,63710894,0.73,0.28,-ftree-parallelize-loops=72,0,0,30,30
scan_affine_decay,7,"with,without",ok,ok,146708734,147044755,1.0023,147649633,147761436,0.22,0.19,-ftree-parallelize-loops=72,0,0,30,30
tsvc_2_s311,8,"without,with",ok,ok,136265253,135957506,0.9977,136683560,136441348,1.5,0.28,-ftree-parallelize-loops=72,0,0,30,30
tsvc_2_s3110,9,"with,without",ok,ok,119101053,119011329,0.9992,119910674,120174025,0.34,18.34,-ftree-parallelize-loops=72,0,0,30,30
tsvc_2_s3111,10,"without,with",ok,ok,725033103,727523583,1.0034,726597421,728702362,2.72,0.09,-ftree-parallelize-loops=72,0,0,30,30
tsvc_2_s3112,11,"with,without",ok,ok,80502803,80439623,0.9992,80989861,80997686,2.97,3.06,-ftree-parallelize-loops=72,0,0,30,30
tsvc_2_s316,12,"without,with",ok,ok,80009733,80845261,1.0104,80659186,81338143,0.78,3.45,-ftree-parallelize-loops=72,0,0,30,30
tsvc_2_s318,13,"with,without",ok,ok,79673957,79791522,1.0015,80559289,80255763,0.47,2.81,-ftree-parallelize-loops=72,0,0,30,30
tsvc_2_s319,14,"without,with",ok,ok,74358340,74577632,1.0029,74637948,75282457,0.25,0.51,-ftree-parallelize-loops=72,0,0,30,30
