kernel,representation,preset,status,status_runner,time_ns_median,time_ns_min,time_ns_all,compiler,compiler_version,flags,threads,n_warmup,n_reps,commit_hash,timestamp,notes,slurm_job,provenance,adapter,source,source_sha256,declared_dtypes,graded_config,node
comet_int4_gemm,c,M,build_error,build_error,,,,gcc,gcc-14 (SUSE Linux) 14.2.0 [/usr/bin/gcc-14],-O3 -march=native -fopenmp -fno-math-errno -fno-trapping-math -fno-signed-zeros  -ffp-contract=fast -fstrict-aliasing -fPIC -include /capstor/scratch/cscs/lhulsbergen/HPCAgent-Bench-ext/hpcagent_bench/envs/vecmath.h -Wall -Wextra,1,5,0,26a4f0cfc1540cead109dfc8d736f1c45263e390,2026-10-06T14:33:09+0200,/capstor/scratch/cscs/lhulsbergen/HPCAgent-Bench-ext/hpcagent_bench/benchmarks/scientific_computing/dense_linear_algebra/comet_int4_gemm/cpp_backend/comet_int4_gemm_fp64.c:177:10: fatal error: cblas.h: No such file or directory,normal/4990441,autogen,,hpcagent_bench/benchmarks/scientific_computing/dense_linear_algebra/comet_int4_gemm/cpp_backend/comet_int4_gemm_fp64.c,c83275c6544d7fb4eba90b36bcb2036b1d3b0f12f7ba5b7859ac8390245ec426,codes_left:int4 codes_right:int4 out:int32,seed=0,nid006359
comet_int4_gemm,cpp,M,build_error,build_error,,,,g++,g++ (SUSE Linux) 13.3.1 20250313 [revision 4ef1d8c84faeebffeb0cc01ee22e891b41e5c4e0] [/users/lhulsbergen/bin/g++],-O3 -march=native -fopenmp -fno-math-errno -fno-trapping-math -fno-signed-zeros  -ffp-contract=fast -fstrict-aliasing -fPIC -include /capstor/scratch/cscs/lhulsbergen/HPCAgent-Bench-ext/hpcagent_bench/envs/vecmath.h -Wall -Wextra,1,5,0,26a4f0cfc1540cead109dfc8d736f1c45263e390,2026-10-06T14:33:13+0200,/capstor/scratch/cscs/lhulsbergen/HPCAgent-Bench-ext/hpcagent_bench/benchmarks/scientific_computing/dense_linear_algebra/comet_int4_gemm/cpp_backend/comet_int4_gemm_fp64.cpp:166:10: fatal error: cblas.h: No such file or directory,normal/4990441,autogen,,hpcagent_bench/benchmarks/scientific_computing/dense_linear_algebra/comet_int4_gemm/cpp_backend/comet_int4_gemm_fp64.cpp,03e5bfa63ed36cf78b28ed89e9c48bcb6d33e10e63e66fa7b1f59201c0a4d433,codes_left:int4 codes_right:int4 out:int32,seed=0,nid006359
comet_int4_gemm,fortran,M,ok,ok,360549,358549,361557 360757 361845 360950 377301 363413 361877 360693 359893 358741 360373 359189 359125 360598 360501 370965 361365 359605 361013 360021 358549 358677 358742 358709 358869 358965 455347 372885 362581 360277,gfortran,GNU Fortran (SUSE Linux) 13.3.1 20250313 [revision 4ef1d8c84faeebffeb0cc01ee22e891b41e5c4e0] [/users/lhulsbergen/bin/gfortran],-O3 -march=native -fopenmp -fno-math-errno -fno-trapping-math -fno-signed-zeros  -ffp-contract=fast -fstrict-aliasing -fPIC -ftree-parallelize-loops=1 -Wall -Wextra,1,5,30,26a4f0cfc1540cead109dfc8d736f1c45263e390,2026-10-06T14:33:17+0200,,normal/4990441,autogen,,hpcagent_bench/benchmarks/scientific_computing/dense_linear_algebra/comet_int4_gemm/cpp_backend/comet_int4_gemm_fp64.f90,3fe78aeb1a82db237a2d1a666aaecd8d2e11ef12303e65b7d4f0cdb573d768fc,codes_left:int4 codes_right:int4 out:int32,seed=0,nid006359
comet_int4_gemm,numba,M,ok,ok,157387,155163,158715 161083 160027 157244 158459 156507 156412 157563 157467 176603 158235 157691 251449 161563 157435 158524 159067 156571 155580 156507 157243 155932 156475 156763 157339 155163 155772 155355 155835 170458,numba,numba 0.67.0,@nb.njit as written in the numba file,1,5,30,26a4f0cfc1540cead109dfc8d736f1c45263e390,2026-10-06T14:33:20+0200,,normal/4990441,autogen,,hpcagent_bench/benchmarks/scientific_computing/dense_linear_algebra/comet_int4_gemm/comet_int4_gemm_numba_np.py,4f0802f89f2e1a5c3cb6712880db6eda81093a1de18278a65261129f97725756,codes_left:int4 codes_right:int4 out:int32,seed=0,nid006359
comet_int4_gemm,native,M,build_error,build_error,,,,g++,g++ (SUSE Linux) 13.3.1 20250313 [revision 4ef1d8c84faeebffeb0cc01ee22e891b41e5c4e0] [/users/lhulsbergen/bin/g++],-O3 -march=native -fopenmp -fno-math-errno -fno-trapping-math -fno-signed-zeros  -ffp-contract=fast -fstrict-aliasing -fPIC -include /capstor/scratch/cscs/lhulsbergen/HPCAgent-Bench-ext/hpcagent_bench/envs/vecmath.h -Wall -Wextra,1,5,0,26a4f0cfc1540cead109dfc8d736f1c45263e390,2026-10-06T14:33:23+0200,/capstor/scratch/cscs/lhulsbergen/HPCAgent-Bench-ext/hpcagent_bench/benchmarks/scientific_computing/dense_linear_algebra/comet_int4_gemm/cpp_backend/comet_int4_gemm_fp32.cpp:166:10: fatal error: cblas.h: No such file or directory,normal/4990441,hand,extractedMatrix/adapters/comet_int4_gemm_native.cpp,tests/ports/comet_int4_gemm/comet_int4_gemm_ref.cpp via adapters/comet_int4_gemm_native.cpp,adapter a57607ece182fdd3 original 34a4637a17195dc1,codes_left:int4 codes_right:int4 out:int32,seed=0,nid006359
quatrex_rgf,c,M,ok,ok,7480508,7425741,7520650 7484972 7536842 7473803 7505834 7482060 7549161 7479468 7491308 7481548 7500331 7473356 7553353 7477707 7485835 7450988 7502603 7599592 7499531 7461644 7456716 7445645 7466252 7439917 7456333 7441709 7486827 7475020 7458125 7425741,gcc,gcc-14 (SUSE Linux) 14.2.0 [/usr/bin/gcc-14],-O3 -march=native -fopenmp -fno-math-errno -fno-trapping-math -fno-signed-zeros  -ffp-contract=fast -fstrict-aliasing -fPIC -include /capstor/scratch/cscs/lhulsbergen/HPCAgent-Bench-ext/hpcagent_bench/envs/vecmath.h -Wall -Wextra,1,5,30,26a4f0cfc1540cead109dfc8d736f1c45263e390,2026-10-06T14:33:40+0200,,normal/4990441,autogen,,hpcagent_bench/benchmarks/scientific_computing/sparse_linear_algebra/quatrex_rgf/cpp_backend/quatrex_rgf_fp64.c,900ad4172759a18b04d0bc5ea00900a86fc32a869c43292c0923cc4c4801b0d3,a_diag:complex128 a_lower:complex128 a_upper:complex128 sigma_lesser_diag:complex128 sigma_lesser_upper:complex128 sigma_greater_diag:complex128 sigma_greater_upper:complex128 x_lesser_diag:complex128 x_lesser_lower:complex128 x_lesser_upper:complex128 x_greater_diag:complex128 x_greater_lower:complex128 x_greater_upper:complex128 x_retarded_diag:complex128,,nid006360
quatrex_rgf,cpp,M,ok,ok,7506602,7449964,7505802 7584744 7549801 7507402 7497579 7481900 7657670 7513195 7521162 7480139 7524906 7520811 7471595 7453612 7608424 7471180 7532810 7574025 7544041 7523882 7503882 7467565 7485163 7586281 7501898 7457069 7449964 7519627 7453484 7461868,g++,g++ (SUSE Linux) 13.3.1 20250313 [revision 4ef1d8c84faeebffeb0cc01ee22e891b41e5c4e0] [/users/lhulsbergen/bin/g++],-O3 -march=native -fopenmp -fno-math-errno -fno-trapping-math -fno-signed-zeros  -ffp-contract=fast -fstrict-aliasing -fPIC -include /capstor/scratch/cscs/lhulsbergen/HPCAgent-Bench-ext/hpcagent_bench/envs/vecmath.h -Wall -Wextra,1,5,30,26a4f0cfc1540cead109dfc8d736f1c45263e390,2026-10-06T14:33:49+0200,,normal/4990441,autogen,,hpcagent_bench/benchmarks/scientific_computing/sparse_linear_algebra/quatrex_rgf/cpp_backend/quatrex_rgf_fp64.cpp,efdcfe76626bae86c9ddcf3428529d538b885b46a6b72dbf808469b1abc4fb19,a_diag:complex128 a_lower:complex128 a_upper:complex128 sigma_lesser_diag:complex128 sigma_lesser_upper:complex128 sigma_greater_diag:complex128 sigma_greater_upper:complex128 x_lesser_diag:complex128 x_lesser_lower:complex128 x_lesser_upper:complex128 x_greater_diag:complex128 x_greater_lower:complex128 x_greater_upper:complex128 x_retarded_diag:complex128,,nid006360
quatrex_rgf,fortran,M,ok,ok,6528842,6497515,6699109 6568137 6569001 6556585 6534378 6582185 6529738 6550698 6518379 6576361 6530027 6562377 6512299 6520907 6515179 6497708 6497515 6607240 6507723 6552714 6520235 6505708 6527883 6521291 6634983 6527947 6514443 6510316 6534506 6499627,gfortran,GNU Fortran (SUSE Linux) 13.3.1 20250313 [revision 4ef1d8c84faeebffeb0cc01ee22e891b41e5c4e0] [/users/lhulsbergen/bin/gfortran],-O3 -march=native -fopenmp -fno-math-errno -fno-trapping-math -fno-signed-zeros  -ffp-contract=fast -fstrict-aliasing -fPIC -ftree-parallelize-loops=1 -Wall -Wextra,1,5,30,26a4f0cfc1540cead109dfc8d736f1c45263e390,2026-10-06T14:34:01+0200,,normal/4990441,autogen,,hpcagent_bench/benchmarks/scientific_computing/sparse_linear_algebra/quatrex_rgf/cpp_backend/quatrex_rgf_fp64.f90,ed898b4a3a00473a166ef67e1d3a01d581e71c32da51b747761015c9ceabf77b,a_diag:complex128 a_lower:complex128 a_upper:complex128 sigma_lesser_diag:complex128 sigma_lesser_upper:complex128 sigma_greater_diag:complex128 sigma_greater_upper:complex128 x_lesser_diag:complex128 x_lesser_lower:complex128 x_lesser_upper:complex128 x_greater_diag:complex128 x_greater_lower:complex128 x_greater_upper:complex128 x_retarded_diag:complex128,,nid006360
quatrex_rgf,numba_hand,M,ok,ok,4322243,4300213,4360371 4347987 4333395 4320948 4321555 4322932 4315892 4312244 4353011 4344819 4320308 4304117 4330131 4311796 4304021 4331156 4344147 4338484 4314612 4304949 4344371 4432881 4310548 4422001 4313460 4314036 4347187 4300213 4323828 4307797,numba,numba 0.67.0,@nb.njit as written in the numba file,1,5,30,26a4f0cfc1540cead109dfc8d736f1c45263e390,2026-10-06T14:34:31+0200,,normal/4990441,hand,,hpcagent_bench/benchmarks/scientific_computing/sparse_linear_algebra/quatrex_rgf/quatrex_rgf_numba_np.py,c01c08aff44402c6390d2e3f25a09d91d90852969b7ade241b7b3fe21fe487be,a_diag:complex128 a_lower:complex128 a_upper:complex128 sigma_lesser_diag:complex128 sigma_lesser_upper:complex128 sigma_greater_diag:complex128 sigma_greater_upper:complex128 x_lesser_diag:complex128 x_lesser_lower:complex128 x_lesser_upper:complex128 x_greater_diag:complex128 x_greater_lower:complex128 x_greater_upper:complex128 x_retarded_diag:complex128,,nid006360
quatrex_rgf,native,M,unsupported,unsupported,,,,,,,1,5,0,26a4f0cfc1540cead109dfc8d736f1c45263e390,2026-10-06T14:34:31+0200,"upstream extraction is Python (quatrex_rgf_reference.py), not a C-ABI function",normal/4990441,hand,,,,a_diag:complex128 a_lower:complex128 a_upper:complex128 sigma_lesser_diag:complex128 sigma_lesser_upper:complex128 sigma_greater_diag:complex128 sigma_greater_upper:complex128 x_lesser_diag:complex128 x_lesser_lower:complex128 x_lesser_upper:complex128 x_greater_diag:complex128 x_greater_lower:complex128 x_greater_upper:complex128 x_retarded_diag:complex128,,nid006360
spgemm_hash,c,M,ok,ok,263383091,262765576,263697193 263179546 263377012 263846500 263476015 262818566 263370196 262955809 263674953 263532718 263167162 263228280 263569805 263967167 264922112 263389171 263508751 263285559 262938465 263638698 263274038 263700008 263445777 263747527 262788551 263360563 262875460 263512078 262765576 263182010,gcc,gcc-14 (SUSE Linux) 14.2.0 [/usr/bin/gcc-14],-O3 -march=native -fopenmp -fno-math-errno -fno-trapping-math -fno-signed-zeros  -ffp-contract=fast -fstrict-aliasing -fPIC -include /capstor/scratch/cscs/lhulsbergen/HPCAgent-Bench-ext/hpcagent_bench/envs/vecmath.h -Wall -Wextra,1,5,30,26a4f0cfc1540cead109dfc8d736f1c45263e390,2026-10-06T14:33:19+0200,,normal/4990441,autogen,,hpcagent_bench/benchmarks/scientific_computing/sparse_linear_algebra/spgemm_hash/cpp_backend/spgemm_hash_fp64.c,0cd7b2db99500ed70426bb5a4fd67d4fc6baa18e75f3f1e2bbdec1615969ffa0,A_indptr:int64 A_indices:int64 B_indptr:int64 B_indices:int64 C_indptr:int64 C_indices:int64,,nid006364
spgemm_hash,cpp,M,ok,ok,264308180,263604972,264541004 265619176 264397873 263846691 264402257 264340755 264074108 263684265 264094300 264192952 263986047 263604972 264423696 264405873 264191577 264298229 264318131 264828675 264210008 263844195 264364338 265708389 264670375 264290901 265374864 264101787 264498221 264085244 264822019 264202615,g++,g++ (SUSE Linux) 13.3.1 20250313 [revision 4ef1d8c84faeebffeb0cc01ee22e891b41e5c4e0] [/users/lhulsbergen/bin/g++],-O3 -march=native -fopenmp -fno-math-errno -fno-trapping-math -fno-signed-zeros  -ffp-contract=fast -fstrict-aliasing -fPIC -include /capstor/scratch/cscs/lhulsbergen/HPCAgent-Bench-ext/hpcagent_bench/envs/vecmath.h -Wall -Wextra,1,5,30,26a4f0cfc1540cead109dfc8d736f1c45263e390,2026-10-06T14:33:33+0200,,normal/4990441,autogen,,hpcagent_bench/benchmarks/scientific_computing/sparse_linear_algebra/spgemm_hash/cpp_backend/spgemm_hash_fp64.cpp,88e2a4a3e0529781853d71a9c4e72890a12e68ff8f79ccd4bbbba2932755aac2,A_indptr:int64 A_indices:int64 B_indptr:int64 B_indices:int64 C_indptr:int64 C_indices:int64,,nid006364
spgemm_hash,fortran,M,ok,ok,182812475,182389065,182921079 182736158 183127889 183012212 182767804 182836571 183983892 183098641 183792123 182816826 183102673 182693855 182717085 183062483 183113297 182579042 182967542 182620001 182512997 183356905 182551300 182808124 182545604 182389065 182913367 183443206 182594306 182611393 182525893 182403721,gfortran,GNU Fortran (SUSE Linux) 13.3.1 20250313 [revision 4ef1d8c84faeebffeb0cc01ee22e891b41e5c4e0] [/users/lhulsbergen/bin/gfortran],-O3 -march=native -fopenmp -fno-math-errno -fno-trapping-math -fno-signed-zeros  -ffp-contract=fast -fstrict-aliasing -fPIC -ftree-parallelize-loops=1 -Wall -Wextra,1,5,30,26a4f0cfc1540cead109dfc8d736f1c45263e390,2026-10-06T14:33:44+0200,,normal/4990441,autogen,,hpcagent_bench/benchmarks/scientific_computing/sparse_linear_algebra/spgemm_hash/cpp_backend/spgemm_hash_fp64.f90,13bcff56ccf6a02f15b93b008fda28cf460474e2bb2569f650ce781a71c28902,A_indptr:int64 A_indices:int64 B_indptr:int64 B_indices:int64 C_indptr:int64 C_indices:int64,,nid006364
spgemm_hash,numba,M,ok,ok,154702167,153983648,157202068 155808194 155552971 155632873 155448431 155518892 155156761 156049051 155032476 155114714 155092763 154248695 154721351 154595148 154504878 155361874 154726470 154689448 154639337 154593963 154599883 154714887 154584331 154667561 153983648 154445360 154317396 154533485 154493039 154522254,numba,numba 0.67.0,@nb.njit as written in the numba file,1,5,30,26a4f0cfc1540cead109dfc8d736f1c45263e390,2026-10-06T14:33:54+0200,,normal/4990441,autogen,,hpcagent_bench/benchmarks/scientific_computing/sparse_linear_algebra/spgemm_hash/spgemm_hash_numba_np.py,627a19e0ffb7e2458a82def8079ac03c0b7730f4b9db943e0484e8823175e53a,A_indptr:int64 A_indices:int64 B_indptr:int64 B_indices:int64 C_indptr:int64 C_indices:int64,,nid006364
spgemm_hash,native,M,unsupported,unsupported,,,,,,,1,5,0,26a4f0cfc1540cead109dfc8d736f1c45263e390,2026-10-06T14:33:54+0200,upstream extraction is CUDA (spgemm_hash_reference.cu),normal/4990441,hand,,,,A_indptr:int64 A_indices:int64 B_indptr:int64 B_indices:int64 C_indptr:int64 C_indices:int64,,nid006364
warpx_boris_push,c,M,ok,ok,3387779,3029855,3250551 3958913 3237752 3777223 3207897 3810278 3207512 3779239 3204761 3753160 3177914 3703721 3167962 3652683 3123100 3642603 3057566 3594061 3057054 3562573 3215960 3558702 3056062 3544270 3051646 3526703 3044671 3528271 3029855 3525007,gcc,gcc-14 (SUSE Linux) 14.2.0 [/usr/bin/gcc-14],-O3 -march=native -fopenmp -fno-math-errno -fno-trapping-math -fno-signed-zeros  -ffp-contract=fast -fstrict-aliasing -fPIC -include /capstor/scratch/cscs/lhulsbergen/HPCAgent-Bench-ext/hpcagent_bench/envs/vecmath.h -Wall -Wextra,1,5,30,26a4f0cfc1540cead109dfc8d736f1c45263e390,2026-10-06T14:33:09+0200,,normal/4990441,autogen,,hpcagent_bench/benchmarks/scientific_computing/n_body_methods/boris_push/cpp_backend/warpx_boris_push_fp64.c,4df974435c75288a90875d015642d399433ff68ac20053697d56492c3f34d02a,Bx:float64 By:float64 Bz:float64 Ex:float64 Ey:float64 Ez:float64 ux:float64 uy:float64 uz:float64,momentum_push_type=0 dt=1e-13,nid006380
warpx_boris_push,cpp,M,ok,ok,3286726,3016959,3221848 3657835 3170874 3553134 3203705 3498288 3158810 3475632 3136635 3479281 3114396 3465361 3102236 3461873 3117884 3437329 3058333 3423730 3116283 3456913 3051742 3380020 3049469 3404179 3058302 3391955 3059485 3352788 3016959 3351604,g++,g++ (SUSE Linux) 13.3.1 20250313 [revision 4ef1d8c84faeebffeb0cc01ee22e891b41e5c4e0] [/users/lhulsbergen/bin/g++],-O3 -march=native -fopenmp -fno-math-errno -fno-trapping-math -fno-signed-zeros  -ffp-contract=fast -fstrict-aliasing -fPIC -include /capstor/scratch/cscs/lhulsbergen/HPCAgent-Bench-ext/hpcagent_bench/envs/vecmath.h -Wall -Wextra,1,5,30,26a4f0cfc1540cead109dfc8d736f1c45263e390,2026-10-06T14:33:13+0200,,normal/4990441,autogen,,hpcagent_bench/benchmarks/scientific_computing/n_body_methods/boris_push/cpp_backend/warpx_boris_push_fp64.cpp,735afa550f3e31aa2ec22c92beb17c0c53b165bdc6ee9837feb49b72927654c2,Bx:float64 By:float64 Bz:float64 Ex:float64 Ey:float64 Ez:float64 ux:float64 uy:float64 uz:float64,momentum_push_type=0 dt=1e-13,nid006380
warpx_boris_push,fortran,M,ok,ok,3620651,3379923,3614604 3963489 3648523 3852420 3592429 3838340 3641739 3823525 3552526 3794342 3544590 3769895 3518703 3758055 3551214 3697993 3484176 3654890 3424883 3683433 3439346 3637419 3442482 3590252 3405683 3734440 3379923 3598668 3550606 3626699,gfortran,GNU Fortran (SUSE Linux) 13.3.1 20250313 [revision 4ef1d8c84faeebffeb0cc01ee22e891b41e5c4e0] [/users/lhulsbergen/bin/gfortran],-O3 -march=native -fopenmp -fno-math-errno -fno-trapping-math -fno-signed-zeros  -ffp-contract=fast -fstrict-aliasing -fPIC -ftree-parallelize-loops=1 -Wall -Wextra,1,5,30,26a4f0cfc1540cead109dfc8d736f1c45263e390,2026-10-06T14:33:16+0200,,normal/4990441,autogen,,hpcagent_bench/benchmarks/scientific_computing/n_body_methods/boris_push/cpp_backend/warpx_boris_push_fp64.f90,49cae026e972751d3bb8b813ec2ed04052b4ed6ee72110ad6420e1c756b4fb94,Bx:float64 By:float64 Bz:float64 Ex:float64 Ey:float64 Ez:float64 ux:float64 uy:float64 uz:float64,momentum_push_type=0 dt=1e-13,nid006380
warpx_boris_push,numba,M,ok,ok,2172122,2042654,2087389 2194202 2093628 2252568 2067966 2206233 2075357 2202137 2106748 2205721 2049919 2188218 2107740 2257944 2065501 2177466 2060126 2189946 2332981 2194841 2093565 2175514 2042654 2247159 2091773 2168730 2076541 2189145 2116092 2183738,numba,numba 0.67.0,@nb.njit as written in the numba file,1,5,30,26a4f0cfc1540cead109dfc8d736f1c45263e390,2026-10-06T14:33:19+0200,,normal/4990441,autogen,,hpcagent_bench/benchmarks/scientific_computing/n_body_methods/boris_push/warpx_boris_push_numba_np.py,5b74c30bace6d710183e355bd050380658c32cc052c5c19ccd91f467eb126d52,Bx:float64 By:float64 Bz:float64 Ex:float64 Ey:float64 Ez:float64 ux:float64 uy:float64 uz:float64,momentum_push_type=0 dt=1e-13,nid006380
warpx_boris_push,native,M,ok,ok,3864340,3834724,3839685 3967937 3865060 3904899 3863364 3873316 3851588 3870851 3859876 3971616 3850244 3870595 3903106 3904643 3846085 3846661 3849253 3846245 3866148 3907171 3840516 3900642 3859940 3872932 3834724 3892035 3863620 3851941 3836613 3867204,g++,g++ (SUSE Linux) 13.3.1 20250313 [revision 4ef1d8c84faeebffeb0cc01ee22e891b41e5c4e0] [/users/lhulsbergen/bin/g++],-O3 -march=native -fopenmp -fno-math-errno -fno-trapping-math -fno-signed-zeros  -ffp-contract=fast -fstrict-aliasing -fPIC -include /capstor/scratch/cscs/lhulsbergen/HPCAgent-Bench-ext/hpcagent_bench/envs/vecmath.h -Wall -Wextra,1,5,30,26a4f0cfc1540cead109dfc8d736f1c45263e390,2026-10-06T14:33:22+0200,,normal/4990441,hand,extractedMatrix/adapters/warpx_boris_push_native.cpp,hpcagent_bench/benchmarks/scientific_computing/n_body_methods/boris_push/warpx_boris_push_reference.cpp via adapters/warpx_boris_push_native.cpp,adapter 51402566bb7e24e7 original dc8b04054e7c1164,Bx:float64 By:float64 Bz:float64 Ex:float64 Ey:float64 Ez:float64 ux:float64 uy:float64 uz:float64,momentum_push_type=0 dt=1e-13,nid006380
warpx_esirkepov_deposition,c,M,ok,ok,2738840,2680810,2791303 2769607 2759143 2724425 2729928 2788295 2722665 2746823 2737000 2740680 2713993 2742696 2832837 2693417 2696585 3142523 2722216 2703817 2777127 2725481 2736872 2719656 2886883 2784807 2753543 2683498 2791398 2709833 2680810 2771591,gcc,gcc-14 (SUSE Linux) 14.2.0 [/usr/bin/gcc-14],-O3 -march=native -fopenmp -fno-math-errno -fno-trapping-math -fno-signed-zeros  -ffp-contract=fast -fstrict-aliasing -fPIC -include /capstor/scratch/cscs/lhulsbergen/HPCAgent-Bench-ext/hpcagent_bench/envs/vecmath.h -Wall -Wextra,1,5,30,26a4f0cfc1540cead109dfc8d736f1c45263e390,2026-10-06T14:34:58+0200,,normal/4990441,autogen,,hpcagent_bench/benchmarks/scientific_computing/n_body_methods/esirkepov_deposition/cpp_backend/warpx_esirkepov_deposition_fp64.c,c5f15acdea3e5f52cb808bdd5ab8fb7039234cbd7bf3dfbd039503bed1a688c6,Jx:float64 Jy:float64 Jz:float64 ion_lev:int32 reduced_particle_shape_mask:int32 uxp:float64 uyp:float64 uzp:float64 wp:float64 xp:float64 yp:float64 zp:float64 dinv:float64 xyzmin:float64 lo:int32,geom=3 n_rz_azimuthal_modes=1 do_ionization=0 enable_reduced_shape=0,nid006405
warpx_esirkepov_deposition,cpp,M,ok,ok,2716585,2587598,2736937 2748136 2697770 2769640 2640524 2826150 2602700 2750152 2600845 2882788 2593133 2758952 2606189 2718089 2587598 2827877 2681611 2819750 2611084 2787431 2634092 2755528 2587629 2739145 2654828 2769960 2598477 2715081 2668619 2734505,g++,g++ (SUSE Linux) 13.3.1 20250313 [revision 4ef1d8c84faeebffeb0cc01ee22e891b41e5c4e0] [/users/lhulsbergen/bin/g++],-O3 -march=native -fopenmp -fno-math-errno -fno-trapping-math -fno-signed-zeros  -ffp-contract=fast -fstrict-aliasing -fPIC -include /capstor/scratch/cscs/lhulsbergen/HPCAgent-Bench-ext/hpcagent_bench/envs/vecmath.h -Wall -Wextra,1,5,30,26a4f0cfc1540cead109dfc8d736f1c45263e390,2026-10-06T14:35:24+0200,,normal/4990441,autogen,,hpcagent_bench/benchmarks/scientific_computing/n_body_methods/esirkepov_deposition/cpp_backend/warpx_esirkepov_deposition_fp64.cpp,e1fa1f19a7e163496ddc3f5988235b0d4b728949caeb4e8c626a669a1ae7e4fc,Jx:float64 Jy:float64 Jz:float64 ion_lev:int32 reduced_particle_shape_mask:int32 uxp:float64 uyp:float64 uzp:float64 wp:float64 xp:float64 yp:float64 zp:float64 dinv:float64 xyzmin:float64 lo:int32,geom=3 n_rz_azimuthal_modes=1 do_ionization=0 enable_reduced_shape=0,nid006405
warpx_esirkepov_deposition,fortran,M,ok,ok,2931346,2901635,2939970 2956418 2945026 2916291 2932163 2923011 3017247 2922307 2905315 2918083 2930530 2948258 2901635 2970081 2918818 3062526 2911491 2961505 2937858 2964929 2918563 2936354 2933826 2919427 2959265 2913827 2932962 2922883 2930210 2916035,gfortran,GNU Fortran (SUSE Linux) 13.3.1 20250313 [revision 4ef1d8c84faeebffeb0cc01ee22e891b41e5c4e0] [/users/lhulsbergen/bin/gfortran],-O3 -march=native -fopenmp -fno-math-errno -fno-trapping-math -fno-signed-zeros  -ffp-contract=fast -fstrict-aliasing -fPIC -ftree-parallelize-loops=1 -Wall -Wextra,1,5,30,26a4f0cfc1540cead109dfc8d736f1c45263e390,2026-10-06T14:35:48+0200,,normal/4990441,autogen,,hpcagent_bench/benchmarks/scientific_computing/n_body_methods/esirkepov_deposition/cpp_backend/warpx_esirkepov_deposition_fp64.f90,20108e3825dcaab3de1e97c626ebc6df72d7d7c4098f24f58986a197fe6e9a76,Jx:float64 Jy:float64 Jz:float64 ion_lev:int32 reduced_particle_shape_mask:int32 uxp:float64 uyp:float64 uzp:float64 wp:float64 xp:float64 yp:float64 zp:float64 dinv:float64 xyzmin:float64 lo:int32,geom=3 n_rz_azimuthal_modes=1 do_ionization=0 enable_reduced_shape=0,nid006405
warpx_esirkepov_deposition,numba_hand,M,ok,ok,4433506,4387347,5403828 7192731 7083454 7014720 6524655 4423186 4393876 4389748 4390868 4440626 4405523 4417683 4436402 4435634 4413075 4393587 4492465 4389972 4431378 4435762 4417107 4397716 4404691 4463890 4465202 4387347 4491953 4486769 4473809 4407476,numba,numba 0.67.0,@nb.njit as written in the numba file,1,5,30,26a4f0cfc1540cead109dfc8d736f1c45263e390,2026-10-06T14:35:54+0200,,normal/4990441,hand,,hpcagent_bench/benchmarks/scientific_computing/n_body_methods/esirkepov_deposition/warpx_esirkepov_deposition_numba_np.py,7c2b893cfb1e7b7bd220193246684363709ce03d54eca7765aee9dcf4d85db56,Jx:float64 Jy:float64 Jz:float64 ion_lev:int32 reduced_particle_shape_mask:int32 uxp:float64 uyp:float64 uzp:float64 wp:float64 xp:float64 yp:float64 zp:float64 dinv:float64 xyzmin:float64 lo:int32,geom=3 n_rz_azimuthal_modes=1 do_ionization=0 enable_reduced_shape=0,nid006405
warpx_esirkepov_deposition,native,M,unsupported,unsupported,,,,,,,1,5,0,26a4f0cfc1540cead109dfc8d736f1c45263e390,2026-10-06T14:35:54+0200,"warpx_esirkepov_deposition_original needs the grid extents n1, n2, ncomp, m1, m2, which the harness ABI does not pass; an adapter would have to compute them from ncells/depos_order/n_rz_azimuthal_modes (arithmetic)",normal/4990441,hand,,,,Jx:float64 Jy:float64 Jz:float64 ion_lev:int32 reduced_particle_shape_mask:int32 uxp:float64 uyp:float64 uzp:float64 wp:float64 xp:float64 yp:float64 zp:float64 dinv:float64 xyzmin:float64 lo:int32,geom=3 n_rz_azimuthal_modes=1 do_ionization=0 enable_reduced_shape=0,nid006405
warpx_field_gather,c,M,ok,ok,11525755,11336434,11688870 11733861 11648712 11588585 11591498 11687942 12173911 11664135 11545355 11576810 11419535 11619625 11436686 11493037 11487884 11552235 11563018 11549451 11336434 11489740 11361265 11539499 11369105 11512011 11437263 11391631 11468462 11506252 11443630 11412303,gcc,gcc-14 (SUSE Linux) 14.2.0 [/usr/bin/gcc-14],-O3 -march=native -fopenmp -fno-math-errno -fno-trapping-math -fno-signed-zeros  -ffp-contract=fast -fstrict-aliasing -fPIC -include /capstor/scratch/cscs/lhulsbergen/HPCAgent-Bench-ext/hpcagent_bench/envs/vecmath.h -Wall -Wextra,1,5,30,26a4f0cfc1540cead109dfc8d736f1c45263e390,2026-10-06T14:34:32+0200,,normal/4990441,autogen,,hpcagent_bench/benchmarks/scientific_computing/n_body_methods/field_gather/cpp_backend/warpx_field_gather_fp64.c,a9cd07ab2ad515099d21a524146fdbe1477ea56572ebbae5d8942a9b071081a7,Bxp:float64 Byp:float64 Bzp:float64 Exp:float64 Eyp:float64 Ezp:float64 bx_arr:float64 bx_type:int32 by_arr:float64 by_type:int32 bz_arr:float64 bz_type:int32 dinv:float64 ex_arr:float64 ex_type:int32 ey_arr:float64 ey_type:int32 ez_arr:float64 ez_type:int32 lo:int32 xp:float64 xyzmin:float64 yp:float64 zp:float64,geom=3 galerkin_interpolation=1 n_rz_azimuthal_modes=1,nid006411
warpx_field_gather,cpp,M,ok,ok,11854995,11638634,12103355 12173241 12004766 12060893 11954688 12070396 11903394 12141274 11907906 11926272 11987423 11994911 11840580 11875906 11858084 11773829 11794565 11656554 11708264 11731751 11638634 11786533 11870627 11831812 11776806 11815364 11767047 11851907 11643690 11757158,g++,g++ (SUSE Linux) 13.3.1 20250313 [revision 4ef1d8c84faeebffeb0cc01ee22e891b41e5c4e0] [/users/lhulsbergen/bin/g++],-O3 -march=native -fopenmp -fno-math-errno -fno-trapping-math -fno-signed-zeros  -ffp-contract=fast -fstrict-aliasing -fPIC -include /capstor/scratch/cscs/lhulsbergen/HPCAgent-Bench-ext/hpcagent_bench/envs/vecmath.h -Wall -Wextra,1,5,30,26a4f0cfc1540cead109dfc8d736f1c45263e390,2026-10-06T14:35:07+0200,,normal/4990441,autogen,,hpcagent_bench/benchmarks/scientific_computing/n_body_methods/field_gather/cpp_backend/warpx_field_gather_fp64.cpp,ecfc884ae77c78575a2dd39a90f7d4e8a6744d52719c0e0acf7332576f34d587,Bxp:float64 Byp:float64 Bzp:float64 Exp:float64 Eyp:float64 Ezp:float64 bx_arr:float64 bx_type:int32 by_arr:float64 by_type:int32 bz_arr:float64 bz_type:int32 dinv:float64 ex_arr:float64 ex_type:int32 ey_arr:float64 ey_type:int32 ez_arr:float64 ez_type:int32 lo:int32 xp:float64 xyzmin:float64 yp:float64 zp:float64,geom=3 galerkin_interpolation=1 n_rz_azimuthal_modes=1,nid006411
warpx_field_gather,fortran,M,ok,ok,12609435,12308853,12748102 12673193 12578348 12707720 12585259 12753382 12637770 12800741 12893762 12732487 12612907 12632651 12605963 12671849 12577196 12642890 12874467 12500974 12622635 12518285 12502830 12449520 12629162 12495054 12426641 12582892 12406289 12391218 12360499 12308853,gfortran,GNU Fortran (SUSE Linux) 13.3.1 20250313 [revision 4ef1d8c84faeebffeb0cc01ee22e891b41e5c4e0] [/users/lhulsbergen/bin/gfortran],-O3 -march=native -fopenmp -fno-math-errno -fno-trapping-math -fno-signed-zeros  -ffp-contract=fast -fstrict-aliasing -fPIC -ftree-parallelize-loops=1 -Wall -Wextra,1,5,30,26a4f0cfc1540cead109dfc8d736f1c45263e390,2026-10-06T14:35:40+0200,,normal/4990441,autogen,,hpcagent_bench/benchmarks/scientific_computing/n_body_methods/field_gather/cpp_backend/warpx_field_gather_fp64.f90,65f9a50f18a586428aa4e08dd5cf448af0aa0b440f378125fccb89c27e435af8,Bxp:float64 Byp:float64 Bzp:float64 Exp:float64 Eyp:float64 Ezp:float64 bx_arr:float64 bx_type:int32 by_arr:float64 by_type:int32 bz_arr:float64 bz_type:int32 dinv:float64 ex_arr:float64 ex_type:int32 ey_arr:float64 ey_type:int32 ez_arr:float64 ez_type:int32 lo:int32 xp:float64 xyzmin:float64 yp:float64 zp:float64,geom=3 galerkin_interpolation=1 n_rz_azimuthal_modes=1,nid006411
warpx_field_gather,numba,M,build_error,incorrect,,,,numba,numba 0.67.0,@nb.njit as written in the numba file,1,5,0,26a4f0cfc1540cead109dfc8d736f1c45263e390,2026-10-06T14:36:00+0200,"numba compile failure at the first call (reclassified from the runner's 'incorrect', no output was produced): numba.core.errors.TypingError: Failed in nopython mode pipeline (step: nopython frontend) Failed in nopython mode pipeline (step: nopython frontend) Failed in nopython mode pipeline (step: native parfor lowering) Failed in full_parfor_gufunc mode pipeline (step: nopython frontend)",normal/4990441,autogen,,hpcagent_bench/benchmarks/scientific_computing/n_body_methods/field_gather/warpx_field_gather_numba_np.py,43555889e7428c62a728b6873f0c4e1a6a66450fc1a874f8b832d53402b43675,Bxp:float64 Byp:float64 Bzp:float64 Exp:float64 Eyp:float64 Ezp:float64 bx_arr:float64 bx_type:int32 by_arr:float64 by_type:int32 bz_arr:float64 bz_type:int32 dinv:float64 ex_arr:float64 ex_type:int32 ey_arr:float64 ey_type:int32 ez_arr:float64 ez_type:int32 lo:int32 xp:float64 xyzmin:float64 yp:float64 zp:float64,geom=3 galerkin_interpolation=1 n_rz_azimuthal_modes=1,nid006411
warpx_field_gather,native,M,unsupported,unsupported,,,,,,,1,5,0,26a4f0cfc1540cead109dfc8d736f1c45263e390,2026-10-06T14:36:00+0200,"warpx_field_gather_original needs the grid extents n0, n1, n2, ncomp (arithmetic from ncells/depos_order) and geom/galerkin_interpolation/n_rz_azimuthal_modes, which the harness ABI does not pass",normal/4990441,hand,,,,Bxp:float64 Byp:float64 Bzp:float64 Exp:float64 Eyp:float64 Ezp:float64 bx_arr:float64 bx_type:int32 by_arr:float64 by_type:int32 bz_arr:float64 bz_type:int32 dinv:float64 ex_arr:float64 ex_type:int32 ey_arr:float64 ey_type:int32 ez_arr:float64 ez_type:int32 lo:int32 xp:float64 xyzmin:float64 yp:float64 zp:float64,geom=3 galerkin_interpolation=1 n_rz_azimuthal_modes=1,nid006411
triangle_count,c,M,ok,ok,46112293,45912027,46072374 46178771 46028312 46159220 46313679 46361102 46103798 46210386 46077975 46255633 46058071 46064823 46167924 46222066 46126613 46013912 46024152 46024856 45912027 46036439 45988153 46015993 46037047 46120789 46034519 46309807 46268433 46183572 46126228 46163348,gcc,gcc-14 (SUSE Linux) 14.2.0 [/usr/bin/gcc-14],-O3 -march=native -fopenmp -fno-math-errno -fno-trapping-math -fno-signed-zeros  -ffp-contract=fast -fstrict-aliasing -fPIC -include /capstor/scratch/cscs/lhulsbergen/HPCAgent-Bench-ext/hpcagent_bench/envs/vecmath.h -Wall -Wextra,1,5,30,26a4f0cfc1540cead109dfc8d736f1c45263e390,2026-10-06T14:33:09+0200,,normal/4990441,autogen,,hpcagent_bench/benchmarks/scientific_computing/graph_traversal/triangle_count/cpp_backend/triangle_count_fp64.c,47caf48afda29ebe7ac43f5b2ab44e8e83a10960c7a151dce967444c2940427e,colidx:int64 esrc:int64 rowptr:int64 total:int64,,nid006416
triangle_count,cpp,M,ok,ok,47738471,47567691,47774246 47737255 47689064 47638890 47839908 47908098 48188442 47661289 47884899 47658441 47640073 47567691 47729670 47620138 47600587 47782949 47783493 47758086 47939937 47996351 47839236 47655721 47747431 47734311 47739687 47713255 47795333 47797285 47677544 47709736,g++,g++ (SUSE Linux) 13.3.1 20250313 [revision 4ef1d8c84faeebffeb0cc01ee22e891b41e5c4e0] [/users/lhulsbergen/bin/g++],-O3 -march=native -fopenmp -fno-math-errno -fno-trapping-math -fno-signed-zeros  -ffp-contract=fast -fstrict-aliasing -fPIC -include /capstor/scratch/cscs/lhulsbergen/HPCAgent-Bench-ext/hpcagent_bench/envs/vecmath.h -Wall -Wextra,1,5,30,26a4f0cfc1540cead109dfc8d736f1c45263e390,2026-10-06T14:33:14+0200,,normal/4990441,autogen,,hpcagent_bench/benchmarks/scientific_computing/graph_traversal/triangle_count/cpp_backend/triangle_count_fp64.cpp,6ac7a5055aa82f05ec9ed1aeaf889da89292e2c0bc03d0dd7270b63632f62a14,colidx:int64 esrc:int64 rowptr:int64 total:int64,,nid006416
triangle_count,fortran,M,ok,ok,47526397,47271124,47543244 47682185 47671112 47667656 47802437 47429167 47588363 47421936 47490957 47561035 47579627 47451440 47527085 47497134 47460175 47525709 47302387 47380496 47271124 47444943 47596491 47542156 47480686 47660585 47790245 47478927 48555471 47610731 47348114 47499853,gfortran,GNU Fortran (SUSE Linux) 13.3.1 20250313 [revision 4ef1d8c84faeebffeb0cc01ee22e891b41e5c4e0] [/users/lhulsbergen/bin/gfortran],-O3 -march=native -fopenmp -fno-math-errno -fno-trapping-math -fno-signed-zeros  -ffp-contract=fast -fstrict-aliasing -fPIC -ftree-parallelize-loops=1 -Wall -Wextra,1,5,30,26a4f0cfc1540cead109dfc8d736f1c45263e390,2026-10-06T14:33:19+0200,,normal/4990441,autogen,,hpcagent_bench/benchmarks/scientific_computing/graph_traversal/triangle_count/cpp_backend/triangle_count_fp64.f90,3ebecf2937af020bf0902346c103d1db1bcec9d1c26deb79f5c1fbcc135ed0a4,colidx:int64 esrc:int64 rowptr:int64 total:int64,,nid006416
triangle_count,numba,M,ok,ok,32037689,31904813,32210436 31963595 32039305 32094568 32144486 31920269 32005610 32035849 31961867 32025129 33187688 32292897 32279810 31945259 31989226 32166278 31973579 31948875 32079560 32049961 31987498 32223779 32329600 32048360 31907212 32181925 32036073 31941100 32040040 31904813,numba,numba 0.67.0,@nb.njit as written in the numba file,1,5,30,26a4f0cfc1540cead109dfc8d736f1c45263e390,2026-10-06T14:33:23+0200,,normal/4990441,autogen,,hpcagent_bench/benchmarks/scientific_computing/graph_traversal/triangle_count/triangle_count_numba_np.py,bb32988217abc626168f90527deb53a60943107085b8b7898654894622d63048,colidx:int64 esrc:int64 rowptr:int64 total:int64,,nid006416
triangle_count,native,M,unsupported,unsupported,,,,,,,1,5,0,26a4f0cfc1540cead109dfc8d736f1c45263e390,2026-10-06T14:33:23+0200,upstream extraction is CUDA (triangle_count_reference.cu),normal/4990441,hand,,,,colidx:int64 esrc:int64 rowptr:int64 total:int64,,nid006416
nfa_frontier,c,M,ok,ok,9643318153,9580391160,9691491025 9595021423 9675653675 9585479240 9718179012 9590170501 9684940742 9598662935 9733431161 9584596013 9691383338 9602913247 9682792252 9594328112 9700840960 9580391160 9696945852 9607008919 9688131533 9610982631 9705126031 9596857781 9687634843 9598130232 9677699218 9595746007 9702150657 9584667215 9691567627 9599311746,gcc,gcc-14 (SUSE Linux) 14.2.0 [/usr/bin/gcc-14],-O3 -march=native -fopenmp -fno-math-errno -fno-trapping-math -fno-signed-zeros  -ffp-contract=fast -fstrict-aliasing -fPIC -include /capstor/scratch/cscs/lhulsbergen/HPCAgent-Bench-ext/hpcagent_bench/envs/vecmath.h -Wall -Wextra,1,5,30,26a4f0cfc1540cead109dfc8d736f1c45263e390,2026-10-06T14:39:15+0200,,normal/4990441,autogen,,hpcagent_bench/benchmarks/scientific_computing/finite_state_machine/nfa_frontier/cpp_backend/nfa_frontier_fp64.c,9db4f21f9cf8c582c6e87cf7b731fa0d3fb47309ca58a38b7f525b6443a1d0b9,comp_ptr:int64 row_ptr:int64 col_idx:int64 symbol_cols:uint8 is_report:uint8 start_ptr:int64 start_idx:int64 start_sod:uint8 stream:int64 activation_counts:int64 report_counts:int64,,nid006431
nfa_frontier,cpp,M,ok,ok,9265467917,9203394680,9304018871 9209657355 9289703630 9221735125 9302335015 9203603117 9296438044 9221933652 9286896814 9223446184 9297178216 9205188596 9284897621 9252290457 9285540740 9207621716 9296403438 9248007379 9282721845 9224106445 9310385718 9207585233 9297481543 9213953435 9278645378 9226124223 9291004711 9203394680 9282983331 9218490411,g++,g++ (SUSE Linux) 13.3.1 20250313 [revision 4ef1d8c84faeebffeb0cc01ee22e891b41e5c4e0] [/users/lhulsbergen/bin/g++],-O3 -march=native -fopenmp -fno-math-errno -fno-trapping-math -fno-signed-zeros  -ffp-contract=fast -fstrict-aliasing -fPIC -include /capstor/scratch/cscs/lhulsbergen/HPCAgent-Bench-ext/hpcagent_bench/envs/vecmath.h -Wall -Wextra,1,5,30,26a4f0cfc1540cead109dfc8d736f1c45263e390,2026-10-06T14:45:11+0200,,normal/4990441,autogen,,hpcagent_bench/benchmarks/scientific_computing/finite_state_machine/nfa_frontier/cpp_backend/nfa_frontier_fp64.cpp,17cd88d5b7513061841cc3b620eb7bee074104755e9c8ea05c4f7bcf4e681bc0,comp_ptr:int64 row_ptr:int64 col_idx:int64 symbol_cols:uint8 is_report:uint8 start_ptr:int64 start_idx:int64 start_sod:uint8 stream:int64 activation_counts:int64 report_counts:int64,,nid006431
nfa_frontier,fortran,M,ok,ok,9530484079,9481686439,9536954212 9509472253 9481686439 9535122752 9512609820 9525886405 9530130765 9557118546 9528098958 9546881203 9530837393 9532347622 9523029544 9552213023 9507640115 9524867889 9535452743 9502079727 9512520842 9535146479 9521134297 9535005023 9537012719 9552498875 9518732084 9549943011 9542441271 9502947251 9501339214 9531146688,gfortran,GNU Fortran (SUSE Linux) 13.3.1 20250313 [revision 4ef1d8c84faeebffeb0cc01ee22e891b41e5c4e0] [/users/lhulsbergen/bin/gfortran],-O3 -march=native -fopenmp -fno-math-errno -fno-trapping-math -fno-signed-zeros  -ffp-contract=fast -fstrict-aliasing -fPIC -ftree-parallelize-loops=1 -Wall -Wextra,1,5,30,26a4f0cfc1540cead109dfc8d736f1c45263e390,2026-10-06T14:51:17+0200,,normal/4990441,autogen,,hpcagent_bench/benchmarks/scientific_computing/finite_state_machine/nfa_frontier/cpp_backend/nfa_frontier_fp64.f90,fe13cbc82371af619faf8129acf8e234c35e26dc8ba850d697d985a3290c1323,comp_ptr:int64 row_ptr:int64 col_idx:int64 symbol_cols:uint8 is_report:uint8 start_ptr:int64 start_idx:int64 start_sod:uint8 stream:int64 activation_counts:int64 report_counts:int64,,nid006431
nfa_frontier,numba,M,ok,ok,10182220182,10133498880,10201756969 10218956480 10181713922 10211725732 10170801883 10215658049 10166886443 10173387666 10170182701 10189644850 10149643638 10222458753 10133498880 10180852768 10174032802 10182726443 10167168508 10188804982 10145674397 10194227708 10174339216 10191683717 10183537045 10197685441 10179426118 10214625250 10161810680 10186996879 10147186608 10209956978,numba,numba 0.67.0,@nb.njit as written in the numba file,1,5,30,26a4f0cfc1540cead109dfc8d736f1c45263e390,2026-10-06T14:57:48+0200,,normal/4990441,autogen,,hpcagent_bench/benchmarks/scientific_computing/finite_state_machine/nfa_frontier/nfa_frontier_numba_np.py,718f36714143eb09ccafe70db4ff673daf432db56b3c3a6147224964b3add643,comp_ptr:int64 row_ptr:int64 col_idx:int64 symbol_cols:uint8 is_report:uint8 start_ptr:int64 start_idx:int64 start_sod:uint8 stream:int64 activation_counts:int64 report_counts:int64,,nid006431
nfa_frontier,native,M,unsupported,unsupported,,,,,,,1,5,0,26a4f0cfc1540cead109dfc8d736f1c45263e390,2026-10-06T14:57:48+0200,"nfa_frontier_reference.cpp is an excerpt of VASim's Automata class methods, not a function with the harness ABI",normal/4990441,hand,,,,comp_ptr:int64 row_ptr:int64 col_idx:int64 symbol_cols:uint8 is_report:uint8 start_ptr:int64 start_idx:int64 start_sod:uint8 stream:int64 activation_counts:int64 report_counts:int64,,nid006431
