kernel,cell,status,validated,failure,min_ms,median_ms,n,series_ms,node,slurm_job,implementation,emit_tree_reductions,explicit_copy,speedup_vs_c,speedup_vs_cpp
argmax_with_index,c,ok,True,,71.02801199653186,71.87294199684402,30,71.7247 72.2134 71.6327 71.9307 71.7510 78.8977 71.8845 72.4007 71.8614 71.8056 71.4719 72.0190 71.9623 72.0925 71.6497 71.0280 71.9459 72.2211 71.8463 72.0161 71.9594 71.9189 71.7888 71.9441 71.8236 71.7858 71.5614 71.3950 71.6142 73.0201,nid005340,4992604,,,,1.0,1.0170588048830698
argmax_with_index,canon_legacy,ok,True,,71.86650502262637,72.04321850440465,30,72.0367 72.1018 72.0843 72.1608 72.0169 72.1797 71.8665 72.3012 71.8812 72.1271 71.9847 72.2343 72.0395 72.1806 71.9605 72.3930 71.9757 72.3071 71.9082 72.2051 71.9729 72.0496 71.9153 72.1596 71.9516 72.0333 72.0423 72.2537 71.8836 72.0441,nid005415,4992662,legacy,True,True,0.9883326310938522,1.0051924046072531
argmax_with_index,canon_new,ok,True,,70.94163399597164,71.82186048885342,30,70.9416 71.9347 72.0018 71.6740 72.1083 71.4468 71.8187 71.3477 71.6705 71.9213 72.0323 70.9524 71.8250 71.7463 70.9510 185.3224 72.1965 71.7384 71.9005 72.0259 71.7891 71.7815 90.8387 71.9217 71.6975 71.8498 72.0070 71.0743 71.0869 72.0046,nid005340,4992604,experimental_readable,True,True,1.0012175924868763,1.0182971680426067
argmax_with_index,canon_old,ok,True,,71.7719150125049,72.13401602348313,30,72.1451 72.1967 71.9568 72.0205 72.1661 72.0910 72.0883 71.8943 72.1570 71.7719 80.9318 73.3138 71.9993 71.8358 72.1436 72.2437 72.1657 71.8240 72.1380 72.0204 72.1452 72.0042 72.2088 71.9135 72.1300 71.8570 72.6570 72.2036 72.1815 71.9160,nid005415,4992662,legacy,False,False,0.9896351795010147,1.006517172933544
argmax_with_index,cpp,ok,True,,72.23966499441303,72.39719700010028,30,72.3006 72.3740 72.4579 72.4962 72.6596 72.2469 72.3960 72.3575 73.0289 72.9745 72.3664 72.3435 72.5075 72.7579 72.4605 72.3048 72.2939 72.4044 72.5619 73.0451 72.5449 72.2990 72.4269 72.3932 72.3984 72.2397 72.3088 72.2536 72.2870 72.7397,nid005610,4992725,,,,0.9832273170428617,1.0
compact_threshold_pack,c,ok,True,,101.66480101179332,102.5205514888512,30,102.7662 102.0645 102.2522 102.1943 102.8971 102.2352 102.3233 102.8558 102.6547 102.8019 102.7362 102.5932 102.9781 102.3583 103.4626 102.5539 102.4996 102.2787 102.6374 102.5415 101.9181 101.6648 101.9258 102.5794 101.8900 101.8692 101.9451 103.0952 102.9741 102.1860,nid006028,4992662,,,,1.0,0.9990196898079882
compact_threshold_pack,canon_legacy,ok,True,,231.0584109800402,231.54607700416818,30,231.7579 231.3103 231.5552 231.4544 231.6765 231.6431 232.0786 231.1838 231.5369 231.3507 232.3679 231.8763 231.7457 231.4289 231.7610 231.4604 426.3319 231.6399 231.3843 231.4632 231.3780 231.6608 231.2439 233.3292 231.0584 231.5286 231.2685 231.5646 231.3241 244.2359,nid006028,4992662,legacy,True,True,0.4399961056625441,0.4395647729957176
compact_threshold_pack,canon_new,ok,True,,231.5422850078903,231.95675300667062,30,231.9643 232.2365 231.6375 231.9492 231.7355 231.8182 232.1130 232.2708 232.1814 231.5423 232.0527 231.8224 232.4350 231.7522 233.9991 232.1102 231.8781 232.3544 231.8379 231.6856 232.1506 540.5993 231.6998 231.7359 231.9804 232.0527 232.0977 231.6484 231.9287 231.6954,nid005363,4992604,experimental_readable,True,True,0.4390766075765766,0.4386461763030953
compact_threshold_pack,canon_old,ok,True,,231.24560501310043,231.5166854968993,30,231.4333 231.2701 231.3625 243.1802 231.5743 231.2890 231.4136 231.4828 231.9736 231.4616 231.4891 231.4444 231.7793 231.7798 231.2849 231.2456 231.6958 231.5813 231.4955 231.2833 231.3546 232.1269 231.8337 231.5555 232.1927 231.5905 231.6019 231.5378 231.6257 231.3932,nid006028,4992662,legacy,False,False,0.4396399274530378,0.43920894395134025
compact_threshold_pack,cpp,ok,True,,101.5651379711926,102.35528848716058,30,101.7976 102.6231 102.7782 102.0199 102.0404 102.7618 102.5764 102.3147 102.3789 102.3914 102.1540 102.2455 101.7559 102.3237 101.5651 102.4170 102.2845 102.8678 103.1400 102.6392 102.9108 103.3404 102.5418 102.3317 102.1866 103.0113 102.7821 102.1868 101.7929 102.1439,nid005643,4992725,,,,1.0009812721430948,1.0
ext_break_capture,c,ok,True,,57.391140959225595,57.6263174880296,30,57.7002 57.7453 57.5482 57.7932 57.5681 57.8142 57.6464 57.6996 57.5991 57.6095 57.8158 57.5933 57.4787 57.6038 57.7228 57.6660 57.3911 57.6067 57.4699 57.7241 57.4603 57.6663 57.4344 57.6431 57.4556 102.9210 57.4036 57.8238 57.4129 57.7228,nid005364,4992604,,,,1.0,1.0077071486148677
ext_break_capture,canon_legacy,ok,True,,57.44606803636998,57.627551519544795,30,57.8511 57.7203 57.7252 57.5816 57.6380 57.5026 57.7485 57.6808 57.6328 57.5699 57.6307 57.5346 57.6747 57.6260 57.6291 57.4461 57.6118 57.5657 57.6964 57.5960 57.6696 57.4739 57.6475 57.5533 57.5595 64.3999 57.6312 57.5204 57.5568 57.5403,nid005364,4992604,legacy,True,True,0.999043849665923,1.0067436290880678
ext_break_capture,canon_new,ok,True,,57.49665998155251,57.6816959946882,30,57.7004 57.7552 57.7228 57.7788 57.6979 57.7783 57.5728 66.6412 57.6402 57.6068 57.5924 57.6588 57.5935 57.4967 57.6559 57.7702 57.5746 57.7767 57.6994 57.6836 57.6125 57.6619 57.6471 57.7237 57.6690 57.6879 57.5781 57.7609 57.7075 57.6798,nid005364,4992604,experimental_readable,True,True,0.9981647799652924,1.0058577842666117
ext_break_capture,canon_old,ok,True,,57.359895028639585,57.597008999437094,30,57.7463 57.8902 57.8161 57.7073 57.7772 57.6892 57.5734 57.6488 57.8127 57.6581 57.5464 57.5969 57.5320 57.7968 57.4945 57.5081 57.5753 57.5971 57.4723 57.3802 57.4761 57.6021 57.3599 57.6464 57.5425 57.4688 57.4842 57.4727 57.7916 57.6812,nid005364,4992604,legacy,False,False,1.0005447347937162,1.0082560817605948
ext_break_capture,cpp,ok,True,,57.833463011775166,58.06979248882271,30,58.2505 60.3393 58.0451 58.3181 57.9862 58.2707 57.9062 58.1853 58.2094 58.4948 57.8795 58.3481 57.9532 58.3097 57.8335 58.0729 58.0815 58.1266 57.8746 58.1177 58.0539 58.2616 57.9303 58.0352 58.0583 58.0667 57.8922 57.9406 58.1351 57.9501,nid005645,4992725,,,,0.9923517972205899,1.0
ext_war_unit,c,ok,True,,61.87574099749327,62.05938450875692,30,62.5464 62.0576 62.0516 61.8895 61.9509 62.1398 62.4001 62.3546 62.0171 62.0642 62.1960 61.8796 62.1708 61.8855 62.0370 62.1850 62.0612 62.0448 61.9778 61.9327 62.1706 62.0139 62.1002 61.8757 62.0884 62.0888 62.1182 62.1040 61.9362 62.0292,nid006400,4992662,,,,1.0,1.0013581577860848
ext_war_unit,canon_legacy,ok,True,,62.163346010493115,62.38380400463939,30,62.9817 62.7256 62.6097 62.3927 62.2032 62.2038 62.4341 62.4360 62.4710 62.3351 62.4374 62.1633 62.3852 62.2994 62.6330 62.3217 62.5071 62.2693 62.3663 62.1906 62.3089 62.2719 62.4486 62.2328 62.5944 62.2533 62.5504 62.3013 62.3824 62.4426,nid005368,4992604,legacy,True,True,0.9953733987718213,0.9967252729034249
ext_war_unit,canon_new,ok,True,,62.01582998619415,62.41055499413051,30,62.3391 62.2314 62.4175 62.4806 62.3159 62.1809 62.2453 62.0158 62.4036 62.0891 62.5068 62.1562 62.5891 62.4544 62.5317 62.1075 62.2041 62.4950 62.4764 62.2719 62.2262 62.4016 62.2830 63.4038 62.4410 62.6270 62.5394 62.7647 62.5731 62.6384,nid005368,4992604,experimental_readable,True,True,0.997741076935807,0.9990961667479441
ext_war_unit,canon_old,ok,True,,61.83775799581781,62.33102400437929,30,62.3970 62.2608 62.2090 61.8378 62.4763 62.4254 62.0561 62.3314 62.1571 62.8525 62.1368 62.4539 62.1457 62.6917 62.0552 62.5316 62.1425 62.7530 62.1916 62.4521 62.3119 62.4126 62.1894 62.5351 62.2017 62.5307 62.3306 62.4804 62.2519 62.4952,nid006400,4992662,legacy,False,False,1.0006142363970898,1.0019732284131198
ext_war_unit,cpp,ok,True,,61.95977801689878,62.38557302276604,30,62.3684 62.6263 62.6927 62.8864 62.3004 62.4027 61.9598 62.6423 62.2041 62.7067 62.1480 62.3224 62.2124 62.7086 62.3505 62.4533 62.0219 62.4973 62.3067 62.4333 62.1323 62.4961 62.2546 62.4784 62.2086 62.5998 62.1239 62.5520 62.2038 62.6342,nid005653,4992725,,,,0.9986436843046372,1.0
fuse_diamond,c,ok,True,,174.33243698906153,176.23971350258216,30,177.5949 174.6784 177.1268 174.9501 177.1838 174.9076 177.4465 174.9813 177.3359 174.6302 177.2929 175.3910 177.7121 174.5090 177.0884 174.8240 177.2874 174.3324 177.2955 174.8449 177.3652 174.7100 177.5924 174.9707 177.4905 175.1554 177.6851 175.3566 177.7979 174.7988,nid006410,4992662,,,,1.0,0.9583712755466666
fuse_diamond,canon_legacy,ok,True,,29.126628000085475,29.40159749960003,30,29.3338 29.2550 29.2339 29.2901 29.3019 29.1266 29.2003 29.2042 29.4019 29.5880 29.3746 29.3640 29.2881 29.5743 29.6218 29.3332 29.3803 29.7856 29.3276 29.5403 29.4249 29.6710 29.4832 29.4013 29.4128 29.6064 29.5620 29.5905 29.5589 29.7128,nid006016,4992604,legacy,True,True,5.9853285106861644,5.736166919352129
fuse_diamond,canon_new,ok,True,,30.067691000112973,30.332307999742625,30,30.1278 30.2471 30.2566 30.2072 30.2110 30.2374 30.0677 30.3858 30.4089 30.2364 30.4406 30.2923 30.2664 30.2267 30.3331 30.4053 30.3316 30.4190 30.4735 30.3668 30.4872 30.3764 30.4301 30.3148 30.5560 30.1931 30.4291 30.3640 30.3747 30.2721,nid006016,4992604,experimental_readable,True,True,5.79799882167229,5.5566355263441425
fuse_diamond,canon_old,ok,True,,30.34789999946952,30.541414496838115,30,30.5155 30.4317 30.5137 30.3479 30.4055 30.4609 30.4953 30.5621 30.5003 30.4924 30.5504 30.4334 30.5425 30.4575 30.5273 30.5647 30.6827 30.5058 30.6537 30.5663 30.7913 30.5142 30.7032 30.6092 30.5404 30.5469 30.8632 30.6484 30.8135 30.5719,nid006410,4992662,legacy,False,False,5.744464592018192,5.505329858385135
fuse_diamond,cpp,ok,True,,167.07520000636578,171.35833500651643,30,171.8964 167.8106 171.1439 167.1833 172.6532 168.4120 171.7529 167.1785 172.3333 197.2332 172.4402 167.8486 172.1093 167.0752 171.5727 168.4485 172.0195 167.1271 172.5995 167.2924 171.8249 167.3864 172.3053 167.6057 171.9593 167.5425 172.0392 167.5072 172.3389 167.4070,nid005656,4992725,,,,1.0434369492445272,1.0
fuse_move_ifs,c,ok,True,,65.39640499977395,65.88714351528324,30,65.5343 65.6641 65.8487 65.3964 66.0217 65.5179 65.4000 65.6601 65.6717 65.6244 66.1948 65.6136 66.3874 66.0565 65.7023 65.9474 65.8462 66.1041 65.6344 65.9563 66.3277 66.2172 65.9130 66.1024 66.1775 66.0854 66.3682 65.6484 66.1677 65.8613,nid006426,4992662,,,,1.0,1.0312083057200012
fuse_move_ifs,canon_legacy,ok,True,,70.6730069941841,70.96015202114359,30,70.9306 71.2289 70.8518 71.2090 70.8702 70.9381 70.7347 71.1471 71.0012 70.7413 70.9007 71.6316 71.7528 70.9468 71.3605 70.8376 71.1170 70.6730 71.0461 70.9904 70.8371 70.9044 70.7903 70.9735 70.8009 71.0547 71.6251 71.9030 70.7178 71.1315,nid006020,4992604,legacy,True,True,0.9253378026656714,0.9542160277055359
fuse_move_ifs,canon_new,ok,True,,70.71784097934142,71.21329999063164,30,71.6483 71.7446 71.9112 70.8793 72.3822 72.4056 70.7178 71.0433 70.9713 71.3924 70.8273 71.3749 71.1282 71.2126 70.9085 71.0078 71.2140 70.8961 71.0291 71.7874 73.5706 70.9697 70.8597 71.0286 71.6391 72.1842 71.5658 71.3297 71.1165 71.3248,nid006020,4992604,experimental_readable,True,True,0.9247511532327182,0.9536110699377286
fuse_move_ifs,canon_old,ok,True,,70.93427499057725,71.23493799008429,30,71.0830 72.5215 71.1775 71.0346 70.9343 71.1196 71.3107 71.2969 70.9967 71.1098 71.8979 71.2321 71.2851 71.4480 71.3679 71.1278 71.2687 71.2288 71.0968 71.2378 71.0985 71.1398 71.0848 72.2188 71.8774 71.3943 71.3422 71.4832 71.1685 72.1987,nid006426,4992662,legacy,False,False,0.9219295609698,0.9507014205608522
fuse_move_ifs,cpp,ok,True,,67.43731599999592,67.75038101477548,30,67.8652 67.6185 67.8919 67.6116 67.7390 67.4860 67.7387 67.7799 67.6982 67.9035 67.8820 67.7304 67.8470 67.7091 68.0766 67.6755 67.7793 67.4373 67.8362 67.8022 67.8377 67.6126 67.8337 67.6627 68.0089 67.7127 67.5473 67.7618 68.0714 67.7265,nid005819,4992725,,,,0.9697361769228465,1.0
fuse_stencil_through_transient,c,ok,True,,111.47505400003865,112.57410899270326,30,112.2043 111.6165 112.1951 111.4751 112.1251 112.0983 112.0404 113.5295 113.2104 112.7075 113.1024 112.3593 112.7055 112.5336 112.8266 112.4071 112.9845 112.4521 113.2087 112.4788 113.0866 112.6190 113.3959 112.4855 112.7849 112.6147 113.3264 112.1786 113.1722 112.1578,nid006530,4992662,,,,1.0,1.0030248111320272
fuse_stencil_through_transient,canon_legacy,ok,True,,51.67603102745488,55.66977450507693,30,58.1633 51.7754 58.0121 51.6847 58.0724 51.8168 58.1251 51.6866 60.4782 53.3274 58.1762 51.7723 58.1509 51.7810 58.0125 51.6760 58.1730 51.9632 58.2237 52.1559 58.2827 51.9258 58.2418 51.9345 58.2723 51.9066 58.2418 51.7814 58.2375 52.0836,nid006326,4992604,legacy,True,True,2.1571907087990803,2.163715803268961
fuse_stencil_through_transient,canon_new,ok,True,,47.47049402794801,51.59906249900814,30,55.6524 47.5122 55.4613 47.5393 55.4468 47.7875 55.3412 47.6597 55.6166 47.8321 55.5415 47.5830 55.5860 47.7295 55.4046 47.6611 55.6190 47.6990 55.6179 47.6869 55.6337 47.6914 55.5972 47.8569 55.5905 47.6484 55.6821 47.5651 55.6310 47.4705,nid006326,4992604,experimental_readable,True,True,2.3483019564618033,2.3554051263610702
fuse_stencil_through_transient,canon_old,ok,True,,54.07135299174115,55.31605001306161,30,55.6367 54.1064 55.3780 54.1229 55.3919 54.3741 55.2851 54.3246 55.3558 54.2060 55.5364 54.1800 55.5127 54.2231 55.3470 54.2400 55.5943 54.1910 55.6815 66.0019 55.5880 54.2595 55.5475 54.1279 55.4036 54.2977 55.6012 54.1504 55.5143 54.0714,nid006530,4992662,legacy,False,False,2.0616287152471537,2.06786475273514
fuse_stencil_through_transient,cpp,ok,True,,111.8122449843213,112.47481551254168,30,112.2984 111.8122 112.9666 112.2523 112.2036 111.8872 112.5141 112.1244 325.5108 113.1932 113.7540 112.1708 113.3389 113.3242 113.4512 112.2462 113.2422 112.3803 113.5683 112.4355 113.4991 112.1633 113.5502 112.0672 113.3251 112.1513 113.3130 111.9899 113.3256 112.2049,nid005824,4992725,,,,0.9969843107583617,1.0
quasi_affine_reduce_odd,c,ok,True,,62.984054966364056,63.523127464577556,30,63.6260 62.9841 63.9250 63.3338 63.8618 63.0768 63.8764 63.3217 63.6816 63.1707 63.7549 63.4202 63.7680 63.1027 63.7555 63.3940 63.6430 63.1582 64.0033 63.3499 64.0451 63.0502 63.8530 63.2018 63.6468 63.0563 63.8246 63.3032 63.7277 63.2381,nid006333,4992604,,,,1.0,1.012339186216781
quasi_affine_reduce_odd,canon_legacy,ok,True,,64.37065300997347,64.71155802137218,30,64.7825 64.9162 64.7805 64.7099 64.8383 64.4889 64.8354 64.4305 64.9544 64.6398 64.7913 64.7012 64.6556 68.6593 64.8663 64.3971 64.9505 64.3798 64.8105 64.7356 64.6957 64.4990 64.5869 64.3763 64.9156 64.4457 64.7647 64.3707 64.7132 64.4698,nid006333,4992604,legacy,True,True,0.9784591583466681,0.9905325481070224
quasi_affine_reduce_odd,canon_new,ok,True,,64.27244795486331,64.5632884989027,30,64.7812 64.5517 64.7862 64.4634 64.7975 64.6895 64.7535 64.4047 64.7945 64.3892 64.8281 64.4391 64.8640 65.0245 64.4940 64.3522 64.7189 64.5389 64.7843 64.2986 64.5749 64.7967 64.4047 64.4343 64.4473 64.4156 64.5874 64.2724 64.6062 64.4711,nid006333,4992604,experimental_readable,True,True,0.9799541945344286,0.9920460318247045
quasi_affine_reduce_odd,canon_old,ok,True,,63.995881006121635,64.53266798052937,30,64.7574 64.6295 64.8344 64.1839 64.6151 64.2557 64.6399 64.1646 64.5942 64.0320 64.6596 64.0849 64.6765 63.9959 64.9240 64.1643 64.5343 64.1652 64.6728 64.0213 64.6790 64.1374 64.9649 64.0463 64.5310 64.1346 64.6423 64.2283 64.6953 64.0341,nid006333,4992604,legacy,False,False,0.9841892005571298,0.996333294375349
quasi_affine_reduce_odd,cpp,ok,True,,63.76122694928199,64.05181100126356,30,64.2764 64.0584 64.1489 64.0208 65.9450 64.0815 64.0848 64.0816 63.9492 63.8379 64.1512 64.2129 63.9721 63.7612 64.0323 63.8616 64.0852 63.9359 64.2433 63.8726 64.0590 63.8909 64.2469 64.1175 63.9438 63.8597 64.0452 64.1889 63.9914 63.8920,nid005829,4992725,,,,0.9878112134897259,1.0
scan_affine_decay,c,ok,True,,107.27479099296033,107.48184050316922,30,107.5413 107.4920 107.3503 107.3008 107.7541 107.5800 107.6458 107.5396 107.4474 107.3583 108.4843 107.5702 107.4330 107.4147 107.5639 107.5569 107.3861 107.4716 107.4318 107.5212 107.4272 107.2748 107.5906 107.4333 107.6095 107.6528 107.4026 107.4322 107.4695 107.5014,nid005415,4992662,,,,1.0,1.0059831672199842
scan_affine_decay,canon_legacy,ok,True,,105.83170404424891,106.04662550031208,30,106.1611 106.0545 106.0847 105.9227 106.5289 106.0479 106.1277 105.9350 105.8894 106.0647 106.0704 105.9669 106.1294 105.8317 106.0855 106.0454 106.1924 105.9348 106.2661 105.8791 105.9992 105.9719 105.8698 105.9996 105.8671 106.1413 106.1396 105.8434 106.0484 105.8424,nid006530,4992604,legacy,True,True,1.0136356771512256,1.0197004289077634
scan_affine_decay,canon_new,ok,True,,105.70149996783584,106.10219245427288,30,105.9691 106.3259 106.2040 106.2048 105.9189 105.7015 106.1412 106.0477 106.1032 106.0021 106.1142 105.9996 105.9699 106.0566 106.1757 106.2079 106.1942 106.2751 106.0374 105.9116 106.1455 105.8511 106.1717 105.9693 106.3728 106.2622 106.2047 106.0818 106.1012 105.8741,nid006530,4992604,experimental_readable,True,True,1.0148842828682965,1.0209565052416312
scan_affine_decay,canon_old,ok,True,,105.7206149562262,105.94340800889768,30,105.8661 105.9089 106.0114 105.8985 105.7206 106.0734 106.0445 106.1549 106.0274 105.8675 105.9635 105.7729 106.1612 105.9233 106.2466 105.9936 118.8372 106.0588 106.0713 105.7294 106.0962 105.9161 105.8967 105.8920 105.8462 105.9654 105.8668 106.0985 105.8336 105.7489,nid006530,4992604,legacy,False,False,1.0147007850585965,1.0207719095338514
scan_affine_decay,cpp,ok,True,,107.91663400596008,108.27038451679982,30,108.3546 109.3685 108.2040 108.0094 108.2539 108.1967 108.1386 108.2600 108.2981 108.7373 108.2522 108.1177 108.3200 108.0150 108.2519 108.2822 108.5132 108.3572 108.5742 108.3386 108.2807 107.9166 107.9864 108.3815 108.2267 108.1082 108.2998 108.7044 108.2865 108.2500,nid005849,4992725,,,,0.9940524181567385,1.0
scatter_accum_dup,c,ok,True,,332.32729899464175,332.76631000626367,30,332.4775 332.9208 332.8320 332.4445 332.5172 332.8252 333.0424 333.0424 332.7478 332.7527 332.6548 332.5154 332.5561 332.3273 332.7852 333.2195 435.8836 332.4752 334.4508 332.8854 332.5360 332.4909 332.6949 332.7007 333.2993 332.9127 332.9801 332.5278 332.7799 332.8022,nid006028,4992662,,,,1.0,1.03792936067782
scatter_accum_dup,canon_legacy,ok,True,,491.8760620057583,492.822790009086,30,493.1633 492.9936 493.0154 492.3992 492.6426 509.1512 595.6670 492.0397 493.1594 492.5458 492.7863 492.7820 492.8243 492.1099 492.3373 492.5695 492.8213 493.7544 504.1913 492.5832 494.5505 491.8761 493.8009 492.2799 492.0754 494.3985 492.9860 495.1473 492.9019 492.1996,nid006028,4992662,legacy,True,True,0.6756321859605993,0.7012584828274429
scatter_accum_dup,canon_new,ok,True,,506.93306798348203,507.601354009239,30,507.7505 508.3983 508.0915 507.5498 507.9196 741.2316 507.2789 507.6469 507.6560 507.9279 507.3166 507.1911 507.7904 507.0822 507.5558 507.7330 506.9774 507.8151 508.3011 507.9002 507.2675 507.3524 507.5303 506.9331 507.3093 507.5158 519.0166 508.5226 507.2439 507.4423,nid006532,4992604,experimental_readable,True,True,0.6555644521605175,0.6804295927140712
scatter_accum_dup,canon_old,ok,True,,508.6698679951951,509.446313517401,30,508.8083 509.3615 509.5958 511.0759 509.2107 508.9289 509.5127 509.0921 509.4127 510.4596 509.2982 509.0957 544.2202 508.6699 509.5850 520.0593 509.0442 509.2983 510.0192 510.3590 509.4731 510.0985 508.8470 509.8225 509.4195 509.6256 509.9944 509.3436 509.1512 547.3997,nid006532,4992604,legacy,False,False,0.6533260959695394,0.6781063371038001
scatter_accum_dup,cpp,ok,True,,344.93226098129526,345.7889234996401,30,388.8112 345.9621 345.8238 345.6876 346.0162 345.4367 346.1513 348.0733 345.8035 345.5013 345.8649 345.5688 345.5085 346.0961 344.9323 346.0803 345.6283 346.1778 345.5816 345.7743 345.4568 345.4210 345.8341 391.4996 345.8534 345.5262 345.6787 345.4853 345.5466 347.1902,nid005860,4992725,,,,0.9634567032066129,1.0
segment_reduce_ragged,c,ok,True,,38.49175199866295,38.724239537259564,30,38.8068 39.0119 38.6954 38.7431 38.5964 38.6681 39.0322 38.4918 38.8004 38.7263 38.6064 39.1932 38.5674 38.6260 38.8707 38.9696 38.6871 38.7626 38.6970 38.9601 38.5733 38.7119 38.8214 38.8827 38.6715 38.8068 38.6686 38.8406 38.7221 38.7139,nid006534,4992604,,,,1.0,1.0179080443203232
segment_reduce_ragged,canon_legacy,ok,True,,38.666524982545525,38.796184497186914,30,38.7877 38.6694 38.8152 39.0125 38.7443 38.9693 38.6842 38.7415 38.8017 38.6859 38.6981 38.7829 38.8711 38.7964 38.6665 38.8594 38.7799 38.7597 38.8042 38.7960 38.7163 38.8860 38.7267 38.7987 39.0107 38.8010 38.9549 38.7244 38.8128 39.0013,nid006534,4992604,legacy,True,True,0.9954799924751068,1.013307092300346
segment_reduce_ragged,canon_new,ok,True,,38.60371100017801,38.82848797366023,30,38.8255 38.8912 38.8453 38.7377 38.7675 38.9607 38.7048 39.1957 38.6037 38.8374 38.7938 38.8745 39.0215 38.7937 38.6530 38.8315 38.8720 38.7482 38.7037 38.9196 38.8581 38.6962 38.6599 38.7626 38.8642 38.7115 38.9224 38.8517 38.9015 38.7935,nid006534,4992604,experimental_readable,True,True,0.9970997865590036,1.014955893728487
segment_reduce_ragged,canon_old,ok,True,,38.897024001926184,39.16538500925526,30,39.1414 49.1920 38.9115 39.0848 38.8970 39.0826 39.0942 39.5547 39.5771 39.3434 39.1076 39.0766 39.0524 39.1382 39.0858 39.1648 39.1575 39.2429 39.1932 39.2279 39.1039 39.2042 39.2316 39.1888 39.5682 39.1478 39.2972 39.4387 39.1660 39.1714,nid006400,4992662,legacy,False,False,0.989580899473359,1.0073023580796732
segment_reduce_ragged,cpp,ok,True,,39.181063999421895,39.34024350019172,30,39.3139 39.2145 39.2418 39.6220 39.4824 40.7198 39.2334 39.2747 39.3066 39.2275 39.4148 39.2907 39.2467 39.3421 39.2667 39.1811 39.3383 39.2353 39.4558 39.4278 39.6524 39.3446 39.6131 39.3202 39.5363 39.3919 39.5353 39.3093 39.5757 39.3884,nid005878,4992725,,,,0.9824070116939878,1.0
tsvc_2_s115,c,ok,True,,52.555660004145466,52.97890800284222,30,53.1312 53.1675 53.0193 52.8978 53.2878 52.6624 52.8120 53.0418 53.0617 53.2831 52.9085 53.1110 52.9433 52.6353 52.8740 52.8765 53.0405 52.9847 52.5557 52.9913 53.1457 53.2227 52.8756 52.9731 53.1899 52.8490 52.9140 53.0494 52.7685 52.9495,nid005340,4992604,,,,1.0,1.009686644604195
tsvc_2_s115,canon_legacy,ok,True,,56.17326399078593,56.64510450151283,30,56.4824 56.8483 56.8483 56.8435 56.8385 56.7825 56.9000 56.7093 56.5861 56.4640 56.8405 56.4172 56.7852 56.7370 56.8085 56.7862 56.1733 56.6479 56.3483 56.4976 56.6239 56.8096 56.6355 56.2665 56.6423 56.4217 56.4487 56.5659 56.6022 56.6972,nid005340,4992604,legacy,True,True,0.9355991849212492,0.9446620017175558
tsvc_2_s115,canon_new,ok,True,,56.515588992624544,56.85220250597922,30,57.0507 56.9940 57.0009 56.8368 56.9088 56.8053 56.9658 57.1803 56.6342 56.8792 56.9153 57.0511 56.7276 56.7627 56.8298 57.8986 56.5156 57.1766 56.9629 56.8340 56.5311 56.8676 56.6644 68.5429 56.7999 56.8705 56.6555 56.5290 56.5914 56.6306,nid005340,4992604,experimental_readable,True,True,0.9299320937981225,0.9389400154967797
tsvc_2_s115,canon_old,ok,True,,56.40768900047988,56.76842350658262,30,56.4077 56.8939 57.2776 56.7908 56.9480 56.8615 57.0057 56.9320 56.7105 56.9348 56.9847 56.6982 56.8064 56.7605 56.7473 56.5132 56.7293 56.6585 58.5386 56.5991 56.6243 56.7226 56.6265 56.5559 56.7763 56.4810 57.0473 56.7924 56.7319 56.7764,nid005340,4992604,legacy,False,False,0.9317109233760376,0.9407360759646276
tsvc_2_s115,cpp,ok,True,,53.064748004544526,53.48919999960344,30,53.8966 54.0125 53.5697 53.8061 53.7072 53.9654 53.6090 53.8637 53.4742 53.8940 53.7681 53.4981 53.3099 53.4317 53.3963 53.4909 53.2709 53.6003 53.2713 53.3943 53.3085 53.0647 53.2890 53.5545 53.4064 53.4875 53.1277 53.5662 53.2084 53.4392,nid005610,4992725,,,,0.9904062862909391,1.0
tsvc_2_s119,c,ok,True,,69.74031601566821,70.19625350949354,30,70.0842 69.7890 70.2690 73.2609 70.1843 69.8197 70.2910 69.7684 70.2082 69.8973 70.5935 70.5730 70.3602 69.7403 70.3423 69.8885 70.6606 69.8986 70.4835 70.1258 70.4846 70.1302 70.3805 70.0909 70.4695 70.1778 70.4807 70.1752 70.5313 70.0989,nid005363,4992604,,,,1.0,0.9993836851556512
tsvc_2_s119,canon_legacy,ok,True,,56.11965199932456,56.322764488868415,30,56.3348 58.0877 56.3654 56.2554 56.2769 56.4131 56.4380 56.3377 56.2634 56.2201 56.1197 56.4558 56.3534 56.3279 56.3176 56.6977 56.2961 56.4563 56.2543 56.3783 56.3749 56.9078 56.2847 56.2702 56.3353 56.1980 56.3122 56.2570 56.1649 56.3137,nid005363,4992604,legacy,True,True,1.2427075637694187,1.2419416646506831
tsvc_2_s119,canon_new,ok,True,,55.45839399565011,56.285069993464276,30,55.9347 57.1528 55.8901 56.9603 55.8324 57.7016 55.7665 56.9837 55.7174 56.8162 55.8305 56.9538 55.7933 56.6354 55.8149 56.7905 55.9180 57.0132 55.5740 56.7706 55.4584 57.3338 55.5013 56.7327 55.6487 56.9783 55.7262 56.7704 55.6270 56.8542,nid005363,4992604,experimental_readable,True,True,1.2575249838850058,1.256749952570298
tsvc_2_s119,canon_old,ok,True,,56.16102600470185,56.40895350370556,30,56.3034 56.3138 56.4689 56.5395 56.6750 56.1818 56.2710 56.4226 56.1940 56.5073 56.2971 56.5310 56.4673 56.4385 56.3492 56.3101 56.3406 56.3746 56.7233 56.4447 56.4511 56.4641 56.4834 56.3466 56.3020 56.3736 56.5350 56.4508 56.1610 56.3954,nid005363,4992604,legacy,False,False,1.2417920571791101,1.2410267223006763
tsvc_2_s119,cpp,ok,True,,69.69733402365819,69.97513349051587,30,69.8254 69.8210 69.6973 69.8025 69.8414 69.9611 69.9107 69.9802 70.1623 70.0711 69.9026 70.1697 70.0510 70.4245 70.1034 70.6230 70.0152 69.9625 70.0860 69.9144 70.0014 69.9445 69.9989 69.9053 70.1914 69.9339 70.0031 69.9340 70.0565 69.9701,nid005643,4992725,,,,1.0006166949225839,1.0
tsvc_2_s1232,c,ok,True,,37.69975301111117,41.71522299293429,30,37.6998 44.5505 37.7911 39.6381 38.9630 39.2979 39.1439 43.2823 43.2610 43.0266 39.0075 42.1512 41.7668 41.7073 42.2452 44.1901 41.7232 42.4564 39.1389 40.6051 42.0236 40.1493 38.7918 44.0876 43.3671 42.5424 41.0632 40.2830 38.8865 44.6420,nid005364,4992604,,,,1.0,1.078089397439842
tsvc_2_s1232,canon_legacy,ok,True,,6.971327995415777,7.882417994551361,30,7.8316 7.8696 7.8450 7.7608 7.9568 7.4976 7.8302 6.9713 7.9244 7.8824 7.9204 7.9092 7.8758 7.9035 7.8973 7.8716 7.8996 7.8838 7.8893 7.8553 7.9205 7.8294 7.8824 7.9304 7.9129 7.9140 7.9385 7.7865 7.8599 7.8237,nid005364,4992604,legacy,True,True,5.407829474657033,5.8301236197904185
tsvc_2_s1232,canon_new,ok,True,,7.832423958461732,7.918838033219799,30,7.9096 7.8571 8.1609 7.9305 7.8986 7.8822 7.9264 7.8324 7.8488 7.9798 7.9903 7.8685 8.1492 7.8764 7.9113 7.9764 7.8622 7.9099 7.9345 7.8636 7.8808 7.9587 8.0118 8.0438 7.9422 7.8521 7.9363 7.9292 7.9271 7.8487,nid005364,4992604,experimental_readable,True,True,4.813293204127743,5.189160370139365
tsvc_2_s1232,canon_old,ok,True,,7.762597990222275,7.856050971895456,30,7.7626 7.8144 7.8052 7.8343 7.7970 7.8341 7.9884 7.8051 7.9580 7.9289 8.0121 7.8304 7.8528 7.8573 7.8991 7.8206 7.8512 7.8535 7.9126 7.9964 7.9336 7.8548 7.9129 7.7907 7.8198 8.5156 7.8912 7.8982 7.9403 7.9084,nid005364,4992604,legacy,False,False,4.856589644162633,5.23583780308787
tsvc_2_s1232,cpp,ok,True,,40.64370400737971,43.167302501387894,30,44.1368 41.3817 44.4384 41.2866 43.2584 41.7030 44.7182 41.5772 44.1717 41.0008 43.1836 40.7161 44.7856 40.6437 44.5972 41.4117 44.3384 41.3043 44.2719 41.6221 44.5691 43.2873 42.7798 41.3265 43.8343 43.1510 44.5855 41.5808 44.1170 42.7927,nid005645,4992725,,,,0.9275668626133582,1.0
tsvc_2_s1244,c,ok,True,,52.584602002752945,52.81465900770854,30,52.9671 52.5846 52.9155 52.8433 52.9026 52.8466 52.7668 52.7810 52.8467 52.6185 53.0264 52.6932 54.2257 52.7672 52.7846 52.6633 53.1657 52.7186 52.8205 52.6663 53.1134 53.0454 52.9523 52.8928 52.9078 52.8089 52.7518 52.7685 52.6652 52.6377,nid005368,4992604,,,,1.0,0.999946429396697
tsvc_2_s1244,canon_legacy,ok,True,,52.920265996363014,53.70410050090868,30,53.2429 54.1579 53.3438 54.2156 53.5909 54.0057 52.9746 54.3217 52.9939 54.0501 53.0482 54.0750 53.2920 53.9116 52.9959 53.9886 53.0893 54.0382 52.9203 53.8173 53.0462 54.0825 53.1725 54.0282 53.0887 53.8992 53.4699 54.0108 53.1954 53.9683,nid005368,4992604,legacy,True,True,0.9936571748593792,0.9936039440450456
tsvc_2_s1244,canon_new,ok,True,,52.83406699891202,53.30059750122018,30,53.4532 53.3751 53.0422 53.5432 52.9997 53.4416 54.0531 53.3093 52.9003 53.4845 52.9663 53.3994 52.8341 53.3111 52.9317 53.2773 53.3705 53.1889 52.9719 53.2919 52.9914 65.8149 52.9701 53.4902 53.1884 53.3858 52.9344 53.3345 53.0592 53.3995,nid005368,4992604,experimental_readable,True,True,0.9952783306239852,0.9952250129633592
tsvc_2_s1244,canon_old,ok,True,,52.449881011852995,53.03189500409644,30,53.5513 52.7588 53.3345 52.9346 53.4050 52.7214 53.1292 52.6145 53.2282 52.7445 53.4279 52.9272 53.2881 52.6228 53.5018 52.6545 53.3053 52.5906 53.2021 52.7761 53.2691 52.6044 53.4336 52.6584 53.2393 52.7345 53.4354 52.4912 53.3276 52.4499,nid005368,4992604,legacy,False,False,1.0025685661873953,1.0025148579844518
tsvc_2_s1244,cpp,ok,True,,52.58178501389921,52.79042001347989,30,52.9570 53.1586 52.6796 52.6738 52.8700 52.5818 52.7818 52.8120 52.7990 52.6441 52.7442 53.9432 52.9594 52.7024 52.7029 52.7518 52.7759 53.0180 53.8392 52.7039 52.7585 52.6136 52.7644 52.9214 52.7037 53.4078 52.8392 62.5149 52.8769 52.8780,nid005653,4992725,,,,1.0000535734732663,1.0
tsvc_2_s152,c,ok,True,,64.98637099866755,65.43461500405101,30,65.4324 65.4301 65.7943 65.4115 65.3726 65.2969 65.2801 65.6820 65.6835 65.2583 65.3176 65.2525 64.9864 65.3982 65.4274 65.7511 65.5010 65.2793 65.3633 65.4925 65.4368 65.9181 65.5585 65.7947 65.3026 65.6178 65.5844 65.7162 65.5901 65.5465,nid006410,4992662,,,,1.0,0.9803477253735942
tsvc_2_s152,canon_legacy,ok,True,,50.720199000352295,51.065837000351166,30,51.1501 50.9531 50.8868 51.2474 51.8982 51.0899 51.2332 50.9227 51.1140 51.2319 51.0047 50.7202 50.9251 51.1676 50.9141 51.3254 51.0255 51.0418 51.0370 51.0311 51.0337 51.5068 51.2084 51.2044 51.2252 50.9292 51.2385 50.9971 51.0389 51.5134,nid006016,4992604,legacy,True,True,1.2812720036492002,1.256092094362361
tsvc_2_s152,canon_new,ok,True,,52.96406599518377,53.298184502637014,30,53.1374 53.4274 52.9967 53.2803 53.0011 53.3160 53.3458 53.3379 53.1702 53.2277 53.4016 53.2651 53.3347 53.2651 54.2444 53.2120 53.1695 53.2300 53.5109 53.6854 53.3276 53.4134 53.4074 53.6596 53.1572 53.2497 52.9641 53.3366 53.1479 53.8859,nid006410,4992662,experimental_readable,True,True,1.2269898425958652,1.2028767012453607
tsvc_2_s152,canon_old,ok,True,,51.015197999731754,51.477697500104114,30,54.6225 51.2306 52.0566 51.2073 51.6767 51.0152 51.8021 51.1507 51.8837 51.2599 51.6177 51.4020 51.6395 51.2747 51.8875 51.2695 51.5492 51.4062 51.6431 51.3103 51.7361 51.2035 51.5893 51.2451 51.9446 51.1933 51.7706 51.1051 51.6216 51.3382,nid006016,4992604,legacy,False,False,1.2738629574467055,1.2488286527705574
tsvc_2_s152,cpp,ok,True,,63.70924098882824,64.14805850363337,30,63.9122 64.3811 63.9267 63.7658 63.8472 64.0065 64.1681 63.8153 63.8553 63.9861 63.8734 63.7092 64.2454 63.8880 64.4711 64.8039 64.1411 64.0442 64.2024 63.9232 64.3598 64.0931 64.2313 64.2151 64.9663 64.1550 64.4127 64.4079 64.2392 64.5633,nid005656,4992725,,,,1.020046228616399,1.0
tsvc_2_s2233,c,ok,True,,419.45446701720357,424.88435650011525,30,422.1832 423.0090 427.8335 424.3320 423.7673 425.0833 426.6989 426.6043 424.9333 426.2484 425.6040 426.7856 421.3898 472.3213 423.0725 425.6507 423.1575 432.1296 427.3763 424.2002 424.3845 423.0905 426.3509 428.9327 425.5965 419.4545 424.8354 422.4072 422.7450 421.4651,nid006020,4992604,,,,1.0,1.019384602129484
tsvc_2_s2233,canon_legacy,ok,True,,36.348877009004354,36.640553997131065,30,36.7118 36.7220 41.6402 36.6962 36.8509 36.5584 36.6952 41.4935 36.5678 36.3831 36.4509 41.4611 36.6285 36.6334 36.6535 41.4684 36.5898 41.4301 36.5823 41.4438 36.3489 39.8317 36.6063 36.4424 36.5126 36.6477 41.5444 36.3959 36.4918 36.5612,nid006020,4992604,legacy,True,True,11.539681594930599,11.763373731349256
tsvc_2_s2233,canon_new,ok,True,,36.435398971661925,36.59177903318778,30,41.5162 36.6173 36.5950 36.6434 36.6032 36.5661 36.6333 46.1862 36.5828 36.4354 36.5782 36.5597 36.5781 36.5678 41.5141 36.4701 36.7180 36.5100 36.6105 36.5923 36.5913 36.5756 36.5117 36.7098 36.5485 36.4659 36.6538 37.0548 41.6096 36.5232,nid006020,4992604,experimental_readable,True,True,11.512278686544352,11.73543962848675
tsvc_2_s2233,canon_old,ok,True,,36.34823701577261,36.57936700619757,30,36.6047 36.7416 36.5320 36.5833 41.5874 36.5818 41.4929 36.4383 41.5560 36.7137 36.5137 36.5299 36.5014 39.9902 36.3482 36.5620 41.8014 36.5685 36.5700 36.4459 36.4531 36.7708 36.5766 41.4991 36.5770 41.8399 36.4953 41.6657 36.8396 36.4130,nid006020,4992604,legacy,False,False,11.53988477722288,11.763580852249433
tsvc_2_s2233,cpp,ok,True,,427.58542497176677,430.3290860261768,30,516.7561 429.3323 428.7655 430.1267 429.9445 431.1812 434.0482 429.8991 429.8309 434.0714 428.7813 429.7059 427.5854 434.8281 428.1419 431.0489 429.1173 430.2786 429.7114 671.0756 431.0378 429.2154 432.2426 431.8953 429.0140 430.3795 432.3833 433.0267 430.4639 430.6594,nid005819,4992725,,,,0.9809840151705356,1.0
tsvc_2_s2275,c,ok,True,,702.1553539962042,729.1959630092606,30,953.9660 708.9958 953.0400 703.2586 954.7767 709.5314 945.2574 702.1554 952.5986 709.3864 739.3590 703.1318 943.5577 703.7420 944.0306 703.1408 958.3932 719.0329 945.1201 703.4163 1005.5823 703.2567 944.5284 710.9677 944.5189 703.2650 975.2927 710.8282 945.2453 707.7413,nid006326,4992604,,,,1.0,0.987187962114562
tsvc_2_s2275,canon_legacy,ok,True,,73.20548899588175,73.96268349839374,30,74.2397 73.6965 74.3584 73.8066 74.0736 74.4823 74.2348 73.6049 74.1741 73.5654 74.1375 73.6302 73.9137 73.4544 74.1821 75.9189 73.9729 73.5624 74.0776 73.6443 73.9919 73.5470 73.9525 73.3797 74.2441 73.5528 74.2870 73.2055 74.1682 73.5061,nid006326,4992604,legacy,True,True,9.591567020824144,9.468679500772627
tsvc_2_s2275,canon_new,ok,True,,74.02932399418205,74.31072999315802,30,74.7539 74.1843 74.4821 74.1836 74.6257 74.1621 74.3818 74.1490 74.2952 74.1103 74.2515 74.0293 74.2812 74.1065 74.3572 74.3263 74.4529 74.3720 74.5441 74.2494 74.5989 74.1737 74.3823 74.2083 74.4593 74.0571 74.4224 74.3706 74.3356 74.1386,nid006326,4992604,experimental_readable,True,True,9.484827310477487,9.36330734363881
tsvc_2_s2275,canon_old,ok,True,,73.92959701246582,74.21888399403542,30,74.1978 74.4028 74.3486 74.4462 74.1295 74.2410 74.1527 74.3518 74.1241 74.2982 74.1948 74.3897 74.1196 74.1511 73.9296 74.4367 74.1695 74.2376 74.0690 74.6644 74.0809 74.5694 74.2002 74.5592 74.1418 74.3763 74.0923 74.4403 74.1580 74.4121,nid006326,4992604,legacy,False,False,9.497621823608867,9.375937932983225
tsvc_2_s2275,cpp,ok,True,,693.1593129993416,854.001124505885,30,927.8911 695.4492 929.3604 696.6819 930.6549 693.4690 928.2580 693.7864 931.1690 693.1593 883.6942 694.1406 928.0753 693.9689 931.6759 694.8815 929.2737 707.1935 930.1824 694.4835 930.7885 824.3080 928.5276 693.6950 929.0440 693.7637 930.2444 695.7632 927.5819 707.8334,nid005824,4992725,,,,1.0129783165690094,1.0
tsvc_2_s231,c,ok,True,,536.8700069957413,723.5292569966987,30,767.4128 538.1518 767.3442 681.8340 804.0056 674.9102 768.0634 647.2507 770.1150 538.4287 768.9322 668.9993 770.4762 538.9262 770.1332 573.6934 769.2141 550.8662 767.6162 537.6344 771.7797 654.7583 768.9008 561.7453 765.2245 679.9985 765.4428 536.8700 819.5521 554.0497,nid006333,4992604,,,,1.0,1.3167349652465548
tsvc_2_s231,canon_legacy,ok,True,,66.31737796124071,66.74970200401731,30,66.5767 66.8359 66.5349 66.9182 66.5233 66.3174 66.7471 66.6091 66.8278 66.5045 66.9469 66.3892 66.8344 66.4725 66.7523 66.7248 66.7857 66.9489 66.8709 66.5040 66.8886 66.5931 67.2007 66.6655 67.0026 66.7383 67.0141 66.5930 66.8949 66.8508,nid006333,4992604,legacy,True,True,8.095464921871848,10.659581722555629
tsvc_2_s231,canon_new,ok,True,,67.05207796767354,67.42165100877173,30,69.2877 68.2794 67.3038 67.5171 67.0521 67.3899 67.3728 67.5175 67.1402 67.4515 67.1383 67.5903 67.2865 67.4106 67.3286 67.5879 67.3942 67.4568 67.3241 67.3461 67.5266 67.3379 67.4019 67.6161 67.5919 67.3229 67.4327 67.4602 67.4347 71.5486,nid006333,4992604,experimental_readable,True,True,8.00676165852118,10.542783034170332
tsvc_2_s231,canon_old,ok,True,,66.48499995935708,67.15830898610875,30,67.2399 66.4850 66.7799 66.6243 66.9844 66.8888 66.9629 66.9220 67.2748 66.9115 66.9129 67.9846 67.2467 67.1072 67.0425 67.4599 67.2509 67.1984 67.5161 67.0431 67.3792 67.0356 67.3358 67.0869 67.3448 71.0133 67.5221 67.1183 67.2980 67.4595,nid006333,4992604,legacy,False,False,8.075054633735956,10.632706782516346
tsvc_2_s231,cpp,ok,True,,706.915510003455,731.7093210003804,30,709.3662 950.0522 711.2745 945.8064 708.3425 944.7247 707.1977 944.0262 710.5950 745.7393 708.3867 943.8156 711.0921 944.1603 707.8497 942.3110 717.6794 942.9999 708.9983 943.7299 708.5047 942.6517 709.1965 945.0769 708.6495 944.6379 707.8979 944.0464 706.9155 943.8566,nid005829,4992725,,,,0.759454276216287,1.0
tsvc_2_s233,c,ok,True,,620.816562033724,719.3528099742252,30,714.8928 716.7869 730.6481 728.0125 719.1037 710.4111 733.1437 718.6604 720.7110 712.4629 728.3950 720.5147 719.3594 714.5302 730.7924 719.2827 720.4959 714.6227 731.3678 719.3463 729.8997 713.8906 759.5811 720.9314 717.8483 712.6467 728.6574 620.8166 718.5230 725.2370,nid006530,4992604,,,,1.0,0.9565790336890336
tsvc_2_s233,canon_legacy,ok,True,,403.2229649601504,404.8347369825933,30,404.6769 404.8582 403.6648 403.9068 403.2230 404.5063 510.5501 405.4029 404.4564 404.5333 405.5122 404.4537 403.4342 406.0315 404.6290 420.8329 403.8553 406.8508 405.2560 406.0353 405.3319 403.3249 404.0175 405.3523 403.3585 404.8972 404.8356 404.8339 405.8644 404.8401,nid006530,4992604,legacy,True,True,1.5396359235022188,1.4727834439366756
tsvc_2_s233,canon_new,ok,True,,401.23775199754164,406.7401000065729,30,406.2738 407.8940 401.2378 406.4529 406.5889 406.8913 478.9786 409.7497 406.2623 409.8286 403.0756 408.4072 405.5417 410.1057 417.5500 409.7836 405.6666 409.3086 402.6360 410.6278 405.8171 410.4385 401.6321 411.8265 406.1981 428.1792 403.5137 408.8489 405.8608 405.8546,nid006530,4992604,experimental_readable,True,True,1.5472536144543243,1.480070367386582
tsvc_2_s233,canon_old,ok,True,,403.64317601779476,408.11667751404457,30,407.1432 407.4583 408.6371 409.8176 408.2503 406.3690 407.4877 595.6748 403.6432 405.3608 422.3331 408.1092 408.7844 407.2815 408.3608 421.5581 404.7817 409.3357 407.5079 406.5472 407.9723 408.1241 407.4749 408.5098 409.6084 407.5252 489.2086 408.6488 410.3213 406.2240,nid006530,4992604,legacy,False,False,1.5380330918968765,1.471250208828471
tsvc_2_s233,cpp,ok,True,,593.8601070083678,728.7545680010226,30,593.8601 725.0015 733.1490 724.4258 725.0897 728.5936 731.7904 722.6661 746.6083 735.6576 734.3861 723.5741 702.9347 727.1829 728.9155 731.3474 732.8852 725.8319 742.5382 730.6735 734.1543 727.6007 727.6942 724.3220 739.9413 729.2793 727.0253 725.2886 743.5585 734.0354,nid005849,4992725,,,,1.0453919276732566,1.0
tsvc_2_s235,c,ok,True,,538.3284260169603,642.9815845040139,30,707.9538 592.6628 707.8623 541.4650 707.3865 550.4996 707.9393 542.5809 708.8554 542.6116 707.5952 546.7212 709.4080 541.4028 693.3004 547.5735 705.5964 538.3284 704.8807 547.1069 708.5078 539.5047 732.0160 538.9978 703.8873 540.1061 706.9396 544.3197 706.7762 541.6528,nid006532,4992604,,,,1.0,1.2268651386089313
tsvc_2_s235,canon_legacy,ok,True,,68.15652595832944,68.52865949622355,30,68.4240 68.2012 68.6597 68.1565 68.6241 68.2292 68.9350 68.4952 68.2783 68.4404 68.4514 68.3779 68.2828 68.4496 68.5459 68.5302 68.6029 68.6119 68.5900 68.7863 68.5271 68.3745 68.6933 68.7820 68.5232 68.4463 68.7256 68.5347 68.6636 68.8151,nid006532,4992604,legacy,True,True,7.898413518700933,9.690288196411677
tsvc_2_s235,canon_new,ok,True,,68.58331704279408,69.01116046356037,30,68.8783 68.5833 68.9424 68.6088 69.0162 68.9216 69.0515 68.7963 68.9852 68.8696 69.0061 68.8255 68.9312 69.1194 69.0300 68.8946 68.9766 69.1918 69.1513 69.0007 69.1310 69.1560 69.1698 69.0190 69.3542 69.1199 69.0894 68.9550 69.4486 70.1450,nid006532,4992604,experimental_readable,True,True,7.849262025064468,9.62998594235854
tsvc_2_s235,canon_old,ok,True,,67.9267089581117,68.52373201400042,30,68.4498 67.9267 68.5067 68.0766 68.2368 68.4553 68.4674 68.3924 68.4712 68.3207 68.6306 68.4935 68.7016 68.3782 68.5890 68.5408 68.7070 68.4750 68.7181 68.4326 68.9378 68.3631 68.9199 68.5924 68.8986 68.8061 69.3476 68.6380 68.8080 68.6024,nid006532,4992604,legacy,False,False,7.925136286949082,9.723073429182456
tsvc_2_s235,cpp,ok,True,,660.4563790024258,701.4938959910069,30,700.5957 704.2370 661.5417 702.8203 700.7482 701.6259 701.8814 699.6979 701.7162 700.1670 700.1288 698.9883 701.8191 702.6265 660.4564 703.6480 704.8402 702.1375 702.2104 699.2215 702.5480 699.0008 705.4048 701.3619 702.8305 699.3732 670.3519 702.5166 701.1947 700.4322,nid005860,4992725,,,,0.8150855122787497,1.0
tsvc_2_s252,c,ok,True,,70.11250796495005,70.53758300025947,30,70.1208 70.4645 70.6087 70.1494 70.6092 70.6630 70.7169 70.4232 70.4157 70.5073 70.6211 70.3343 70.5728 70.1125 70.9617 70.6157 70.7353 70.5414 70.5560 70.5485 70.3780 70.4995 70.4060 70.5337 70.4308 70.4094 70.5453 70.3512 70.5627 70.8172,nid006426,4992662,,,,1.0,0.9887911015517034
tsvc_2_s252,canon_legacy,ok,True,,67.86458397982642,68.15239897696301,30,68.0773 67.8646 70.3811 68.1381 67.9910 67.9689 68.0735 68.0646 68.1374 68.1275 67.9466 68.1738 68.0458 68.2290 68.2444 68.1453 68.1909 68.3409 68.1294 68.5345 67.9383 68.2014 68.2349 68.2539 68.4809 68.3496 68.0758 68.2046 68.1595 68.3737,nid006534,4992604,legacy,True,True,1.0331236685366236,1.021543490251465
tsvc_2_s252,canon_new,ok,True,,69.01725300122052,69.6040669863578,30,69.2181 69.7911 69.3874 69.6015 69.2789 69.8309 69.3131 69.7554 69.0909 69.7872 69.2684 69.7983 69.1551 69.7758 69.2011 70.0134 69.4388 70.0290 69.0173 70.0523 69.2978 70.0883 69.6066 69.8078 69.1901 69.9272 69.2854 70.1804 69.4377 69.9968,nid006534,4992604,experimental_readable,True,True,1.0158692923305737,1.0044825165960973
tsvc_2_s252,canon_old,ok,True,,67.86618399200961,68.2884109846782,30,68.2191 67.8662 68.2403 67.9608 68.4120 68.0054 68.1394 68.0654 68.5433 68.1276 68.4397 68.2297 68.3523 68.1583 69.9503 68.2564 68.4224 68.1189 68.6013 68.2474 68.7422 68.1053 68.4809 68.3645 68.5380 68.1311 68.5185 68.3279 68.4012 68.3204,nid006534,4992604,legacy,False,False,1.0330993116277898,1.0215194063567488
tsvc_2_s252,cpp,ok,True,,69.32662398321554,69.67763751163147,30,69.4550 69.9137 70.0199 69.6527 69.6199 69.9886 70.7294 69.3621 69.6150 69.8549 69.5209 69.3266 69.7566 69.7056 69.6275 69.5651 69.7863 69.4746 69.7770 69.3396 70.4083 69.4965 69.5939 69.5555 70.1215 69.7025 69.8549 69.8676 70.0980 69.4808,nid005878,4992725,,,,1.0113359620962472,1.0
tsvc_2_s255,c,ok,True,,78.0025229905732,79.92846999695757,30,79.2615 79.9915 81.3465 79.4970 80.7133 79.4813 78.6195 79.6140 80.0561 79.9705 78.0025 81.6273 79.9494 79.7322 81.1337 79.3898 80.4468 80.3466 79.2497 79.9075 80.2063 79.4665 79.3328 80.7770 80.0556 78.7062 79.9030 79.8502 81.8577 81.7076,nid005340,4992604,,,,1.0,0.9868006447119739
tsvc_2_s255,canon_legacy,ok,True,,65.19350300368387,65.58454499463551,30,65.6290 65.3137 65.1935 65.2531 65.6561 65.3256 65.4248 77.3819 65.4991 68.2598 65.4286 72.5263 66.1315 65.6875 65.2904 65.9033 65.6674 65.5064 65.4348 65.5319 65.8945 65.5314 65.6080 65.5610 65.7600 65.7296 65.6488 65.4786 65.6967 65.5496,nid005340,4992604,legacy,True,True,1.1964769401356685,1.1806842159088877
tsvc_2_s255,canon_new,ok,True,,65.28902500576805,66.03637449734379,30,66.1003 65.5634 66.1552 65.3651 66.3115 65.4581 77.1589 65.3413 66.3356 65.6938 66.1645 65.2890 77.4553 65.4245 66.1288 65.7345 66.0163 65.5990 66.3384 65.4547 66.0565 65.5802 66.1559 65.6288 66.2659 66.2788 66.2939 65.5484 66.5659 65.6149,nid005340,4992604,experimental_readable,True,True,1.1947264181641855,1.1789567996988455
tsvc_2_s255,canon_old,ok,True,,65.17113500740379,65.50645199604332,30,65.4078 65.5941 65.5335 65.5078 65.4269 65.4741 65.4069 65.3827 65.5051 77.1497 65.3413 65.4691 65.8412 65.9479 65.4912 77.4081 65.6052 65.7878 65.2521 65.9089 65.3043 65.8237 65.7438 65.6692 65.1711 65.8585 65.2997 65.5048 65.3419 77.4716,nid005340,4992604,legacy,False,False,1.1968875942042698,1.1810894496085371
tsvc_2_s255,cpp,ok,True,,76.9729399762582,79.44203852093779,30,78.9194 78.4139 76.9729 80.5751 79.6354 78.2878 78.2732 78.6411 80.2598 80.1194 79.3665 79.5275 79.1934 78.3348 80.1754 81.3751 80.2040 78.7882 80.3843 79.1531 79.0076 78.1659 79.2656 81.3382 80.2154 79.5176 80.8480 79.9847 79.5638 77.4819,nid005610,4992725,,,,1.0133759086587126,1.0
tsvc_2_s2710,c,ok,True,,186.15413596853614,188.37693796376698,30,189.1347 186.4926 188.6116 186.5366 188.3676 186.5596 188.9724 186.3178 188.9169 186.3856 188.5390 186.5497 188.3863 186.6394 188.8806 186.1541 188.7315 186.4747 188.4722 186.3991 189.0728 186.6199 188.9251 186.3076 188.4521 299.8132 188.7585 186.2276 188.7756 186.1623,nid005363,4992604,,,,1.0,0.9943786047408298
tsvc_2_s2710,canon_legacy,ok,True,,181.7207530257292,182.10225898656063,30,182.5407 182.1149 182.2504 181.9679 182.3985 181.7208 182.2928 182.0838 182.2770 182.0896 182.2352 182.1667 182.3957 181.7577 183.2908 182.0255 182.0349 181.9094 182.0853 181.8670 182.5382 181.9319 182.1262 181.9026 182.4969 181.8956 182.0510 181.7775 182.3566 182.1356,nid005363,4992604,legacy,True,True,1.0243966793499872,1.0186381407131795
tsvc_2_s2710,canon_new,ok,True,,181.99927703244612,182.3823829763569,30,182.2453 182.3311 182.2454 182.7810 182.3796 182.0676 182.6161 182.5301 182.8039 182.4750 184.1749 182.4461 182.2952 182.3966 520.2496 182.1095 182.4467 182.2937 182.0184 182.3851 182.3322 182.4854 183.0864 182.3443 182.0267 182.1713 182.4495 181.9993 182.4545 182.0694,nid005363,4992604,experimental_readable,True,True,1.0228289859379458,1.0170792599254526
tsvc_2_s2710,canon_old,ok,True,,182.3107899981551,182.81573199783452,30,182.4326 183.1405 182.6055 183.1490 182.3335 184.1103 182.6691 182.9915 182.4410 182.9187 182.8193 183.3300 182.5259 183.2596 182.3969 182.9424 182.7373 182.9226 182.3108 183.1787 182.5029 183.5000 183.1088 183.4078 182.9728 182.7652 182.6476 182.8122 182.7937 182.6831,nid005363,4992604,legacy,False,False,1.021081286359518,1.0153413848571493
tsvc_2_s2710,cpp,ok,True,,185.1076899911277,185.73875847505406,30,185.7774 185.3794 186.1970 185.4155 185.7920 185.2272 185.7523 185.1948 185.7252 185.4091 300.2529 185.3696 186.1883 185.4663 186.0556 186.1871 185.9628 185.9889 186.1044 185.6103 186.4992 185.3668 185.9103 185.2016 197.7196 185.1417 186.3265 185.1077 185.5685 185.2751,nid005643,4992725,,,,1.0056531739846064,1.0
tsvc_2_s275,c,ok,True,,428.48722101189196,447.9692589957267,30,457.6740 432.7310 457.4943 432.6554 457.0085 431.7824 456.7772 432.5409 470.9504 432.3016 458.7446 434.1614 456.7295 433.8577 457.4637 428.4872 457.3049 431.9547 457.9019 433.5889 455.9954 433.0063 458.0545 432.7734 457.0537 434.3636 458.5474 431.9486 455.2537 440.6848,nid005364,4992604,,,,1.0,0.7747585312426971
tsvc_2_s275,canon_legacy,ok,True,,157.28465397842228,170.6462919828482,30,157.9134 170.8225 172.4828 172.1514 173.8281 168.0637 167.7945 171.7363 165.5692 175.5646 172.2348 171.6861 157.2847 168.5274 163.6687 166.6481 161.9106 172.5837 172.8579 176.9390 167.9467 176.2470 167.6608 163.1877 170.5872 160.2197 172.7668 175.9809 170.7053 167.0467,nid005364,4992604,legacy,True,True,2.7242786258771035,2.1106581068804178
tsvc_2_s275,canon_new,ok,True,,147.11301401257515,169.09008350921795,30,165.8678 158.0121 164.8565 175.2278 173.2013 158.7979 166.8112 175.6773 166.3114 175.5207 164.6501 169.1822 161.7340 175.7168 168.9980 180.8298 168.9137 168.4589 186.6117 154.3489 147.1130 256.5282 174.8980 170.0416 176.8461 177.0597 172.6937 177.3950 165.2956 165.6204,nid005364,4992604,experimental_readable,True,True,2.912639808842915,2.256592540338147
tsvc_2_s275,canon_old,ok,True,,154.79868499096483,170.3469894709997,30,180.8598 171.5507 178.3322 166.6906 183.1256 165.6117 160.0483 167.5826 171.4207 170.4276 173.9623 169.8471 166.4782 170.0364 174.6814 171.9926 169.9007 167.0533 176.5737 167.8659 154.7987 180.7968 170.4187 166.0503 170.7070 169.8263 170.2753 165.9920 190.9667 170.6802,nid005364,4992604,legacy,False,False,2.768028817795846,2.144553941312969
tsvc_2_s275,cpp,ok,True,,331.97413000743836,436.18565995711833,30,460.7029 415.5233 456.9985 415.6816 455.9023 511.0752 456.3888 414.7897 459.3034 411.6622 458.2669 414.1454 456.9367 412.7551 459.1229 412.8163 457.2484 416.4690 457.7327 412.2775 460.1414 414.5484 331.9741 415.0324 469.1804 415.3779 456.9346 415.3592 462.0662 415.7669,nid005645,4992725,,,,1.2907247350939397,1.0
tsvc_2_s311,c,ok,True,,81.21495100203902,81.39277000736911,30,81.3994 81.3448 81.3836 81.3458 81.3015 81.4458 81.3458 81.2878 81.3358 81.3548 81.2844 81.4029 81.3756 81.4986 81.4223 81.4463 81.5650 81.3861 81.2150 81.4086 81.4855 81.3713 81.4237 81.3220 81.4105 81.4290 81.2183 81.4013 81.4292 82.0971,nid005368,4992604,,,,1.0,1.0095691495653283
tsvc_2_s311,canon_legacy,ok,True,,46.462502010399476,46.57271900214255,30,46.6450 46.7849 46.6131 46.6520 46.5538 46.6490 46.4751 46.5295 46.6890 46.5468 46.6001 46.7296 46.6390 46.6333 46.5669 46.4625 46.5465 46.5389 46.5230 46.5975 46.5238 46.5304 47.1472 46.6148 46.5586 46.7111 46.5359 46.5385 46.5516 46.5786,nid005368,4992604,legacy,True,True,1.747967661833215,1.7646942258246539
tsvc_2_s311,canon_new,ok,True,,46.07464300352149,46.234382505645044,30,46.1535 46.2522 46.2552 46.2921 46.2516 46.4069 46.1660 46.3444 46.1705 46.4368 46.1433 46.3851 46.0746 46.3977 46.2627 46.1987 46.1581 46.3127 46.1339 46.3159 46.1756 46.2497 46.0794 46.4154 46.1341 46.4078 46.1535 46.2190 46.1809 46.2165,nid005368,4992604,experimental_readable,True,True,1.7626821546036016,1.7795495237771386
tsvc_2_s311,canon_old,ok,True,,45.897999982116744,45.95615800644737,30,45.9898 45.9472 45.9267 46.0798 45.9096 45.9255 45.9849 45.9552 45.9885 45.9432 45.9701 45.9625 45.9084 46.0021 45.9190 45.9561 45.9275 45.9770 45.9008 45.9562 45.9200 46.0001 45.9442 45.9341 45.9915 45.9664 46.0095 46.0110 45.9817 45.8980,nid005368,4992604,legacy,False,False,1.7694660123247816,1.7863982972474823
tsvc_2_s311,cpp,ok,True,,81.99210901511833,82.14018450235017,30,82.0063 82.3111 82.2811 82.0420 82.2301 82.4339 82.1659 83.1211 82.2686 82.1622 82.5300 82.1450 82.3807 82.1309 82.3321 82.0749 82.0563 82.0776 82.1354 82.0359 82.1807 82.0611 82.0924 81.9921 82.0176 82.1882 82.1609 82.1320 82.1039 82.0283,nid005653,4992725,,,,0.9905215511295603,1.0
tsvc_2_s3110,c,ok,True,,101.26449800009141,101.46594899970296,30,101.2730 101.3575 101.7232 101.4149 101.4881 101.4653 101.4807 101.5213 101.4300 101.5493 101.3815 101.4666 101.2970 101.2645 104.1137 101.5726 101.4517 101.4136 101.4890 101.4981 101.3080 101.4262 101.7511 101.9077 101.3718 101.2841 101.5647 101.3395 101.5072 101.5859,nid006016,4992604,,,,1.0,1.0118370605253264
tsvc_2_s3110,canon_legacy,ok,True,,101.29071200026374,101.52724899990062,30,101.4525 101.6496 101.5329 101.8639 101.3790 101.4574 101.4099 101.6343 101.5257 101.6688 101.5284 101.5649 101.3140 101.5760 101.4257 101.7791 101.6982 101.6281 101.2907 101.6511 101.4830 101.6145 101.4480 101.4960 101.4142 101.6784 101.3757 101.5261 101.3464 101.5759,nid006016,4992604,legacy,True,True,0.9997412003563341,1.0115751974546145
tsvc_2_s3110,canon_new,ok,True,,101.24021699994046,101.44987500052594,30,101.3996 101.4376 101.3987 101.5550 101.5609 101.4802 101.4737 101.4622 101.5472 101.2899 101.3625 101.3881 101.4657 101.2989 101.5840 101.3688 101.3686 101.2402 101.7564 101.3742 101.4968 101.4699 101.3253 101.4014 101.3736 101.5599 101.4031 101.9680 101.7406 101.5005,nid006016,4992604,experimental_readable,True,True,1.000239835520611,1.0120797349935111
tsvc_2_s3110,canon_old,ok,True,,101.36151200003951,101.59537799972895,30,101.5714 101.5558 101.5555 101.7703 101.6347 101.6821 101.6972 101.6946 101.7554 101.5844 101.6340 101.4526 101.5079 101.7053 101.5790 101.6684 101.6972 101.4041 101.5871 101.4573 101.6906 101.4400 101.6401 101.5930 101.5978 101.5538 101.6785 101.4598 101.6622 101.3615,nid006016,4992604,legacy,False,False,0.9990428911523334,1.0108686223223007
tsvc_2_s3110,cpp,ok,True,,102.46317199198529,103.61992049729452,30,102.6944 103.5523 102.6963 103.4917 103.3013 103.4186 102.7326 103.6875 102.5057 103.5509 102.6893 103.9375 102.6253 103.5449 102.4632 104.0122 102.7843 165.2670 165.3917 137.2117 165.2276 147.7590 138.8942 162.0698 165.6615 149.2571 160.2227 165.4730 163.2768 103.1044,nid005656,4992725,,,,0.9883014163177806,1.0
tsvc_2_s3111,c,ok,True,,121.75458803540096,121.90240749623626,30,121.8457 121.7971 121.9808 121.9727 121.8609 121.8802 122.0342 121.7656 121.9592 122.1728 122.0768 121.8883 121.9946 121.9354 121.9147 121.7546 121.8863 121.8907 121.8316 121.9169 121.8237 121.8227 122.0641 121.8895 121.7981 122.3256 122.0487 123.5537 121.9141 121.8022,nid006020,4992604,,,,1.0,1.0134481502432706
tsvc_2_s3111,canon_legacy,ok,True,,121.80450500454754,121.98200449347496,30,121.9316 122.0516 121.9824 122.1270 121.9591 121.9659 122.0125 121.9738 121.9151 121.9377 122.0920 121.9816 122.4724 121.8045 122.0464 121.9184 122.0935 121.8761 122.2571 122.8589 122.2161 122.0501 121.9172 121.9603 121.9001 121.9060 121.8998 122.0363 122.0465 122.0349,nid006020,4992604,legacy,True,True,0.9995901878247876,1.0130328268523543
tsvc_2_s3111,canon_new,ok,True,,121.7176279751584,121.96221298654564,30,121.9327 121.9141 121.9370 122.1493 121.8709 134.2389 122.0285 122.0465 121.8608 121.9064 122.2040 121.9487 122.1628 121.8193 122.0862 122.0396 122.2677 121.8266 121.9978 121.8606 121.9460 121.9577 121.7176 121.9020 122.0356 122.1038 121.9261 121.9667 122.1040 122.2951,nid006020,4992604,experimental_readable,True,True,1.0003036541284727,1.013755887958085
tsvc_2_s3111,canon_old,ok,True,,1515.4147380380891,1519.1152445040643,30,1522.2385 1520.3353 1519.0230 1527.3145 1528.5352 1517.6587 1519.9857 1521.2625 1515.4147 1518.5668 1518.4913 1523.2024 1518.4815 1517.9018 1522.1981 1519.2075 1518.7328 1517.5820 1518.6430 1521.1655 1518.7924 1529.5484 1525.3891 1517.0322 1516.8957 1519.8357 1519.5327 1519.8805 1515.9757 1518.4873,nid006020,4992604,legacy,False,False,0.08034407016064055,0.08142454928731671
tsvc_2_s3111,cpp,ok,True,,123.39196202810854,123.75030503608286,30,123.7499 123.9529 132.1941 123.7705 123.7754 123.6292 123.5823 123.7803 123.6886 123.5722 123.6910 123.6769 123.9710 123.7507 123.6857 123.7229 123.9379 123.7103 123.6012 123.6738 123.7641 123.3920 123.6628 123.9004 123.5789 123.7987 123.7592 124.1912 124.2394 124.0179,nid005819,4992725,,,,0.9867303026405028,1.0
tsvc_2_s3112,c,ok,True,,82.72623998345807,82.9352905129781,30,82.8644 82.8997 82.8067 82.8334 82.9779 82.7469 82.9775 82.8709 82.9835 82.9142 82.9698 82.9676 82.9646 83.0860 83.1134 82.9828 82.8392 82.7262 83.0313 82.7711 83.0319 82.8670 82.9564 82.8231 82.9973 82.8956 82.8870 83.1122 83.0335 82.8524,nid006326,4992604,,,,1.0,0.971313805443302
tsvc_2_s3112,canon_legacy,ok,True,,103.41392102418467,103.63629848870914,30,103.6781 103.5160 103.4996 103.6813 103.4648 103.7164 104.2874 103.6674 103.5092 103.5924 103.7981 103.6218 103.7677 103.6342 103.6068 103.6384 103.5434 103.8588 103.6239 103.7653 103.6707 103.4812 103.5994 103.5885 103.6836 103.6623 103.6827 103.6498 103.4139 103.6054,nid006326,4992604,legacy,True,True,0.7999526481943516,0.7770050508921027
tsvc_2_s3112,canon_new,ok,True,,103.48793500452302,103.66357800376136,30,103.6587 103.6023 103.6861 103.5024 103.6575 103.4879 103.6377 103.7339 103.7048 103.5786 103.5731 103.8059 103.7728 103.6660 103.7781 104.0471 103.5432 103.5287 103.6612 103.6468 103.9033 103.9043 103.7036 103.5663 103.6604 103.7871 103.6222 103.7014 103.7044 103.6720,nid006326,4992604,experimental_readable,True,True,0.7993805266270165,0.7764493413153583
tsvc_2_s3112,canon_old,ok,True,,103.41975901974365,103.5910339851398,30,103.4772 103.8267 103.4645 103.7760 103.5060 103.5264 103.5257 103.6158 103.4198 103.6063 103.5382 103.6358 103.6520 103.7718 103.7075 103.5093 103.6008 103.5813 103.6818 103.5780 103.5384 103.6069 103.5602 103.5185 103.5543 103.6256 103.5158 103.6147 103.6404 103.6659,nid006326,4992604,legacy,False,False,0.799907491252856,0.7769611893314163
tsvc_2_s3112,cpp,ok,True,,80.3531389683485,80.6483615306206,30,80.6502 80.6752 80.6465 80.5190 80.7520 80.6016 80.6444 80.3983 80.5251 80.5048 80.5233 81.8084 80.5560 80.3531 80.7647 80.4581 80.6754 80.6368 80.7255 81.3061 80.6664 80.4837 80.9984 80.7185 80.7158 80.7372 80.9316 80.5706 80.6810 80.6340,nid005824,4992725,,,,1.0295333952796086,1.0
tsvc_2_s313,c,ok,True,,81.66196703677997,82.00178202241659,30,81.7869 82.1589 81.7633 82.1814 81.9919 82.2312 81.7593 82.0717 81.8534 82.0538 81.9157 82.1254 81.7661 82.0986 81.7390 82.0079 81.7719 82.0963 81.7009 81.9956 81.8680 82.2802 81.7887 82.1915 82.1785 82.2789 81.6620 82.2833 81.7920 82.0604,nid006333,4992604,,,,1.0,0.9990673013688305
tsvc_2_s313,canon_legacy,ok,True,,80.5787019780837,81.47581250523217,30,81.1246 81.9222 80.8915 81.7727 80.9064 82.2856 80.8789 81.6777 80.8853 81.8181 80.9362 81.5787 80.9740 81.6040 81.3729 81.8376 80.9686 82.0169 80.7674 81.8112 80.7773 81.6742 80.5787 81.8451 81.0241 81.8982 80.9668 82.0663 80.9023 81.8731,nid006333,4992604,legacy,True,True,1.0134435655092944,1.0124983280829762
tsvc_2_s313,canon_new,ok,True,,81.78737200796604,82.1421624859795,30,82.5280 82.2510 82.0199 82.3483 81.8335 81.9530 81.9191 82.0047 82.0742 82.6688 82.1053 82.2340 81.7999 82.3255 81.8538 82.5728 81.9565 82.4649 90.9198 82.0655 81.8879 82.1791 81.7874 81.9136 82.0012 82.2846 82.1952 82.2959 82.2437 82.3626,nid006333,4992604,experimental_readable,True,True,0.9984666951864665,0.9975354266665978
tsvc_2_s313,canon_old,ok,True,,1003.8431219873019,1005.6657945096958,30,1006.2123 1003.8431 1004.7394 1004.7267 1008.2442 1005.2932 1004.9734 1006.9425 1004.1694 1006.8353 1005.4590 1004.8269 1009.8973 1005.1964 1004.7357 1007.3495 1011.1093 1003.8709 1004.2752 1006.6285 1006.1833 1004.6449 1006.5680 1009.2200 1005.6958 1005.6358 1006.0077 1005.7547 1005.9894 1005.5085,nid006333,4992604,legacy,False,False,0.08134933163173375,0.08127345722147428
tsvc_2_s313,cpp,ok,True,,81.58580103190616,82.16909851762466,30,82.4236 81.6984 82.1734 81.5858 82.2468 81.7889 82.2833 81.6783 82.6981 81.7616 82.3235 82.7309 82.5407 81.8262 82.6596 82.1364 82.3720 81.8783 82.1173 82.0109 82.3741 81.8438 82.2706 81.7997 82.2691 82.1648 82.1937 82.0202 82.4121 81.9134,nid005829,4992725,,,,1.000933569370043,1.0
tsvc_2_s313,none_legacy,ok,True,,80.74868097901344,81.75930750439875,30,81.8807 81.0105 81.6193 80.7487 82.0279 80.8663 81.7637 80.7519 81.9381 81.0701 81.7549 80.8801 82.0389 80.7712 85.4535 80.8934 82.5285 81.0492 81.7987 81.0386 81.9934 81.1748 81.8766 81.1751 81.7961 80.8459 81.8165 82.4582 82.0107 82.4901,nid006333,4992604,legacy,True,True,1.011310228807377,1.0103669811412805
tsvc_2_s313,none_new,ok,True,,81.55192201957107,81.75772300455719,30,81.8191 84.0496 81.8041 81.6403 82.2890 81.6847 81.6528 81.8313 81.6255 81.5868 81.7803 81.6121 81.9128 81.6846 81.7469 81.8227 81.5894 81.6584 82.1122 81.8663 82.5091 81.7507 81.8003 81.6140 81.5519 81.6577 81.8255 81.7647 82.0422 81.5831,nid006333,4992604,experimental_readable,True,True,1.0013493859431357,1.000415428741544
tsvc_2_s313,none_old,ok,True,,395.4279570025392,395.739276020322,30,395.7310 395.7771 396.5210 395.7019 395.6780 395.8225 434.8745 395.6061 396.4534 395.7475 395.6813 395.4280 395.8465 395.5792 395.5687 395.9762 395.5064 395.7178 395.8248 395.8609 395.5767 395.8777 395.6745 395.6407 395.5355 395.6365 418.3491 395.8447 400.0689 395.9003,nid006333,4992604,legacy,False,False,0.20651541093806777,0.20632279429697042
tsvc_2_s314,c,ok,True,,272.6686630048789,272.99041202059016,30,272.9618 273.2447 273.2649 273.1351 273.3504 272.9943 272.9210 272.9865 273.0654 272.9848 272.8560 272.8686 273.0348 273.2835 273.1380 272.6687 272.9035 273.0267 273.0137 273.0670 272.7865 272.8226 272.9538 273.0361 272.9988 272.9407 272.8827 272.9219 273.1826 272.8937,nid006534,4992604,,,,1.0,0.29147449549004345
tsvc_2_s314,canon_legacy,ok,True,,79.23091104021296,79.61276947753504,30,79.6184 79.6326 79.8612 79.7265 79.8279 79.5127 79.7663 79.5758 79.6758 79.6072 79.6699 79.6369 79.6523 79.9347 79.7382 79.5659 79.5605 79.4816 79.8618 79.5475 79.7744 79.4365 79.7046 79.5153 79.4768 79.3643 79.5082 79.2309 79.4567 79.4193,nid006534,4992604,legacy,True,True,3.4414429851309962,1.0030928578488063
tsvc_2_s314,canon_new,ok,True,,79.42706102039665,79.62545400368981,30,79.5869 79.6517 79.8133 79.6810 79.5753 79.7015 79.5780 79.6698 79.7006 79.7623 79.6583 79.7749 79.6792 79.5303 79.6348 79.5788 79.7802 79.6599 79.6049 79.6079 80.0525 79.4469 79.4485 79.4614 79.5164 79.6338 79.6024 79.5062 79.4271 79.6171,nid006534,4992604,experimental_readable,True,True,3.432944131407032,1.00061565874737
tsvc_2_s314,canon_old,ok,True,,79.41752800252289,79.61910549784079,30,79.5418 79.6151 79.7659 79.6693 79.7101 79.6613 79.8361 79.8757 80.2087 79.5046 79.7187 79.5520 79.6373 79.5596 79.8471 79.5992 79.5490 79.5682 79.5183 79.7275 79.4756 79.5458 79.8019 79.5443 79.7277 79.4658 79.7865 79.5631 79.6232 79.4175,nid006534,4992604,legacy,False,False,3.4333562106871036,1.0007357693476306
tsvc_2_s314,cpp,ok,True,,79.47596098529175,79.85710250795819,30,79.9935 79.8835 79.8846 80.0243 79.7992 80.2078 79.8693 80.2049 79.8502 79.9964 79.8640 79.8400 79.8923 79.9353 80.0849 79.8837 79.8315 79.8038 79.7441 79.8383 79.8374 80.2142 79.7059 80.1031 79.4760 79.7641 79.6838 79.6950 79.6757 79.8198,nid005849,4992725,,,,3.43083190973105,1.0
tsvc_2_s314,none_legacy,ok,True,,79.03643103782088,79.3112370010931,30,79.5493 79.4106 79.5865 79.4189 79.2897 79.4128 79.1399 79.5374 79.3997 79.7192 79.2053 79.3688 79.3169 79.2434 79.1311 79.2205 79.2191 79.2334 79.1120 79.3055 79.0364 79.4383 79.2601 79.3943 79.2971 79.3366 79.2069 79.4044 79.2280 79.6594,nid006534,4992604,legacy,True,True,3.4499111286338353,1.0055611057040335
tsvc_2_s314,none_new,ok,True,,79.42197599913925,79.58353799767792,30,79.5528 79.7638 79.6182 79.6627 79.5051 80.6041 79.8373 79.5837 79.4700 79.7183 79.7102 79.8015 79.7193 79.5408 79.5625 79.7996 79.5041 79.5804 79.5147 79.7096 79.9511 79.7103 79.4428 79.5834 79.4847 79.5258 79.4759 79.5396 79.4220 79.7132,nid006534,4992604,experimental_readable,True,True,3.4331639269190934,1.000679723533359
tsvc_2_s314,none_old,ok,True,,79.49875295162201,79.67449145507999,30,79.6540 79.7826 79.6447 79.8298 79.7211 79.7724 79.7185 79.6812 79.5393 79.6589 79.6646 79.7123 79.7168 79.6023 79.5646 79.4988 80.0685 79.6092 79.6678 79.6526 79.5684 79.7972 79.5582 80.5948 79.7355 79.8464 79.8100 79.6839 79.5712 79.6267,nid006534,4992604,legacy,False,False,3.429848304297403,0.9997133041024665
tsvc_2_s316,c,ok,True,,271.36303699808195,271.7231250135228,30,272.7251 271.7354 271.6324 271.7074 271.7592 272.0142 271.8529 271.5458 271.8600 271.7912 272.0305 271.6030 271.7140 271.7512 272.0272 280.7576 271.6141 271.6236 271.8433 271.7322 271.9431 271.5903 271.6140 271.3630 271.5393 271.7872 271.6017 271.6221 271.4592 271.5278,nid006333,4992604,,,,1.0,0.2927970953411834
tsvc_2_s316,canon_legacy,ok,True,,79.23989597475156,79.59598250454292,30,79.7606 79.5716 79.6877 79.3130 79.7281 84.2840 79.9834 79.8490 79.7293 79.3642 79.8875 79.4418 79.4643 79.4796 79.6204 79.3790 79.7729 79.2399 79.8137 79.3483 79.8589 79.4971 79.8313 79.3963 79.7768 79.2796 79.5344 79.2754 79.6888 79.4613,nid006333,4992604,legacy,True,True,3.4245758864265436,1.0027058723211504
tsvc_2_s316,canon_new,ok,True,,79.17940994957462,79.45471402490512,30,79.8344 79.6423 79.6512 79.4657 79.5146 79.4926 79.3881 79.2242 79.5184 79.3536 79.1794 79.2618 79.4111 79.2037 79.5334 79.3114 79.2963 79.2479 79.4437 79.3530 79.4278 79.4701 79.4784 79.5289 79.6207 79.5105 79.5184 79.5160 79.3785 79.2889,nid006333,4992604,experimental_readable,True,True,3.427191957743805,1.0034718504040498
tsvc_2_s316,canon_old,ok,True,,79.06834501773119,79.54532399890013,30,79.2934 79.5627 79.4630 79.8641 79.7183 79.6823 79.2761 79.7183 79.1690 79.8433 79.7853 79.7123 79.1921 79.9004 79.3943 79.5793 79.1634 80.0172 79.2589 79.5064 79.0726 79.5914 79.2061 79.7472 79.1026 79.6583 79.4269 79.5279 79.0683 79.6303,nid006333,4992604,legacy,False,False,3.4320060314558045,1.0048813972036816
tsvc_2_s316,cpp,ok,True,,79.45430901600048,79.6395679935813,30,79.6471 79.9527 79.5888 79.7316 80.0613 79.9345 79.7011 79.7946 79.5271 79.6678 79.7310 79.6273 79.6655 79.5532 79.7459 79.6445 79.5738 79.6260 79.5640 79.6616 79.4543 79.6347 79.4852 79.7477 80.1095 79.4828 79.5030 79.5655 79.5683 79.4820,nid005860,4992725,,,,3.4153344275316138,1.0
tsvc_2_s318,c,ok,True,,79.62620601756498,79.96726749115624,30,79.8615 79.8737 79.8835 79.8048 79.8711 79.8255 79.8595 79.8550 79.7013 80.1003 79.6262 79.7268 79.8611 79.9677 80.3225 80.0693 80.0997 79.9905 80.0675 79.9668 79.8753 80.0015 80.1727 80.1433 79.9956 79.8687 80.2411 80.0290 80.0302 83.7467,nid006530,4992604,,,,1.0,1.0054663538013109
tsvc_2_s318,canon_legacy,ok,True,,79.66922200284898,79.75837201229297,30,80.0106 79.9070 79.8829 79.8567 79.8409 79.6915 79.7414 79.8460 79.7716 79.7228 79.7472 79.7762 79.8427 79.7993 79.6863 79.8579 79.7211 79.9520 79.6692 79.7130 79.7430 80.0032 79.7654 79.6911 79.6831 79.6942 79.6843 79.7081 79.7514 79.7936,nid006530,4992604,legacy,True,True,0.9994600677124416,1.00492347005284
tsvc_2_s318,canon_new,ok,True,,79.61842999793589,79.83079200494103,30,79.9550 79.9346 80.0607 79.6688 79.6947 79.8416 80.2072 79.8811 79.9229 80.0093 79.8200 79.9833 79.9035 79.8735 79.7817 79.6721 79.7319 79.7572 80.0805 79.7609 79.6754 80.0423 79.8075 79.7793 79.6184 79.6434 79.8827 79.8579 79.7148 79.6554,nid006530,4992604,experimental_readable,True,True,1.0000976660759235,1.0055645537545599
tsvc_2_s318,canon_old,ok,True,,79.64736700523645,79.82048150734045,30,79.8368 79.9006 79.9317 79.9456 80.0437 79.9543 79.7621 79.8778 79.9447 79.8453 79.9267 79.7977 79.8982 79.8429 79.7613 79.6807 79.8042 79.9118 79.7292 79.7519 79.6474 79.7483 79.7165 80.3160 79.6618 79.9612 79.7484 79.7322 79.7687 79.7973,nid006530,4992604,legacy,False,False,0.9997343165447005,1.0051992180262455
tsvc_2_s318,cpp,ok,True,,80.06147103151307,80.68236350663938,30,83.8916 83.8251 83.8251 83.6967 83.1117 83.8455 82.1540 83.9536 82.6631 83.9659 82.5503 81.8909 83.7560 81.8181 80.3189 80.1627 80.1410 80.2672 80.3523 80.4612 80.9035 80.2810 80.1245 80.2348 80.1701 80.1462 80.2530 80.0615 80.4577 80.1443,nid005878,4992725,,,,0.994563364770343,1.0
tsvc_2_s319,c,ok,True,,67.61622201884165,68.21921249502338,30,68.0599 68.5469 67.8659 68.5153 67.6162 68.3915 67.8341 68.2771 68.1574 68.3014 68.0916 68.5707 67.7887 68.2317 68.1757 68.3454 67.8010 68.2068 68.0152 68.2914 68.1176 68.3739 72.5274 68.3345 67.9126 68.5310 67.8703 68.2985 67.8350 68.3199,nid006532,4992604,,,,1.0,1.0056144214873977
tsvc_2_s319,canon_legacy,ok,True,,67.71311699412763,69.19275352265686,30,70.4918 67.9205 70.3922 67.7916 70.5586 67.8371 70.3428 67.9272 70.4455 67.8058 70.5740 67.9245 70.5034 67.8367 70.3788 67.7813 70.5153 67.7967 70.6083 67.8031 70.3806 67.9014 70.5193 67.9247 70.3894 68.0427 70.4399 67.7131 70.4664 67.7585,nid006532,4992604,legacy,True,True,0.9985690368485861,1.0041754243057188
tsvc_2_s319,canon_new,ok,True,,67.03032099176198,67.58937699487433,30,67.6737 67.1279 67.7618 67.0303 67.7067 67.1156 67.6013 67.2131 67.9416 67.2384 67.6781 67.3244 67.6364 67.5774 67.7452 67.3408 67.6464 67.0521 67.8544 67.1252 67.8383 67.2753 67.6800 67.1998 67.7061 67.1769 67.7280 67.2805 67.7133 67.1939,nid006532,4992604,experimental_readable,True,True,1.0087408357652305,1.0144043319887663
tsvc_2_s319,canon_old,ok,True,,408.09223597170785,408.4247534919996,30,408.5160 408.1172 408.0922 408.2350 408.8996 408.4369 408.2743 408.1389 408.2399 408.5332 408.2456 408.4126 408.4512 408.2741 409.6923 419.7464 416.8419 408.1054 408.6573 408.2877 408.5627 408.1342 408.7669 408.5253 408.4904 410.8919 484.7837 408.3200 408.2424 408.2609,nid006532,4992604,legacy,False,False,0.16568857738212237,0.1666188228911929
tsvc_2_s319,cpp,ok,True,,67.99584798864089,68.53255351597909,30,68.6764 67.9958 68.6815 68.1156 68.5786 68.0247 68.5909 68.7326 68.6275 68.3085 68.6384 68.0418 68.6266 68.0807 68.5224 68.4150 69.0717 68.2968 68.6498 68.5367 68.9756 68.2946 68.7145 68.4084 68.6264 68.2644 68.6843 68.3429 68.5284 68.0709,nid005610,4992725,,,,0.9944169242530418,1.0
tsvc_2_s323,c,ok,True,,73.76795500749722,74.04245898942463,30,73.9951 73.9143 73.8745 73.9902 74.3014 74.0476 74.0099 74.1753 74.4781 74.1098 73.9666 73.9641 74.4113 74.0392 74.1351 74.2862 73.9711 80.5074 73.7680 73.9811 74.0858 73.8812 73.9211 76.7433 74.2356 74.1864 73.8204 74.2317 73.9012 74.0457,nid006534,4992604,,,,1.0,1.0714676034530801
tsvc_2_s323,canon_legacy,ok,True,,155.79738101223484,162.69929948612116,30,156.0839 164.1304 155.9478 164.0093 156.0260 163.9652 155.7974 163.8305 156.3380 164.8867 155.9344 164.0850 156.2593 164.0674 156.0654 164.1637 155.9119 317.8142 156.4085 164.0171 156.1529 164.0540 156.4951 164.3673 156.4005 163.6380 161.7606 163.7419 156.3544 164.3710,nid006534,4992604,legacy,True,True,0.47348648949178546,0.5073254341631754
tsvc_2_s323,canon_new,ok,True,,159.47754797525704,161.58695149351843,30,159.7813 163.5194 160.1620 163.0082 159.4775 162.8541 160.0245 162.5758 160.0563 163.3882 160.1829 162.8663 160.3723 162.7867 160.3042 163.1396 159.8976 162.6374 160.1122 162.7994 159.9520 162.9679 160.2404 163.2468 159.5494 163.1289 160.5981 163.1325 160.1087 163.3390,nid006534,4992604,experimental_readable,True,True,0.4625601280184113,0.4956181918208371
tsvc_2_s323,canon_old,ok,True,,159.47838901774958,164.3119905202184,30,159.9508 165.0262 159.8654 164.9629 160.0094 164.1103 159.7165 164.9291 160.1266 164.8100 274.5822 165.0271 159.5245 164.5136 160.0591 164.5752 159.4784 164.6504 159.7686 164.6384 160.8413 164.6704 159.6362 164.5842 159.6620 165.8716 159.5640 164.7816 160.0028 164.5159,nid006534,4992604,legacy,False,False,0.4625576886112577,0.49561557807510037
tsvc_2_s323,cpp,ok,True,,79.0399739635177,79.5712694816757,30,79.3453 79.6519 79.0400 79.9000 79.3417 79.6838 79.4074 79.5971 79.6227 79.7916 79.5751 79.4983 79.6594 79.5833 79.3291 79.8143 79.3581 79.6128 79.2646 79.5674 79.2820 79.7701 79.0733 79.5671 79.4629 79.6446 79.2634 79.5937 79.4029 79.6492,nid005643,4992725,,,,0.9332993333417106,1.0
tsvc_2_s4112,c,ok,True,,458.973018990946,459.66876850434346,30,459.4489 459.0225 459.3230 458.9934 459.1197 459.7383 458.9730 460.8022 460.3561 459.2227 460.0346 459.5992 459.9445 459.7900 460.5251 459.8145 460.2697 459.9972 472.5566 459.4843 460.5194 471.8632 460.2738 459.4347 460.3548 459.4779 459.5615 459.4115 459.4337 459.2564,nid005340,4992604,,,,1.0,0.9657437204718221
tsvc_2_s4112,canon_legacy,ok,True,,441.8759199907072,443.2493880012771,30,441.8759 441.9418 442.1391 442.1724 442.0733 442.8213 441.9748 443.2284 555.2276 443.3320 442.6568 442.7314 442.5045 443.1489 442.9278 443.2703 442.7220 443.0660 443.8404 443.4303 479.6169 443.9657 443.6984 445.2346 444.3861 444.8061 444.6162 445.7096 445.4472 445.7754,nid005340,4992604,legacy,True,True,1.0386920812534848,1.0031103549743607
tsvc_2_s4112,canon_new,ok,True,,439.66653301322367,440.4976535006426,30,439.9234 440.5354 440.8639 451.5166 440.8680 441.3336 453.8457 440.3581 440.7983 440.2882 440.6046 440.6750 440.7302 440.3120 440.4599 439.9834 440.7681 440.3410 440.2264 549.1532 440.8208 439.8436 440.7609 439.9087 439.9778 439.6665 439.9408 441.3083 440.0663 440.4080,nid005340,4992604,experimental_readable,True,True,1.0439116569673992,1.0081511274436006
tsvc_2_s4112,canon_old,ok,True,,441.6485050023766,442.98361700202804,30,441.6485 441.7772 442.2186 442.2461 443.0864 442.1585 442.5497 442.9801 442.9871 442.5916 443.4717 442.5931 443.3539 442.9378 555.2736 442.9019 443.5565 442.9587 442.8094 467.5506 443.1866 442.9452 443.5521 443.1015 443.4707 444.1478 444.0844 442.8402 443.8704 467.2682,nid005340,4992604,legacy,False,False,1.039226927731763,1.0036268796021741
tsvc_2_s4112,cpp,ok,True,,443.25031095650047,456.3651735079475,30,537.8241 457.4753 443.2503 457.9820 454.3911 456.5358 445.7362 456.2614 455.3074 457.8092 449.8812 456.9225 454.1536 456.8623 453.0536 456.5841 454.3928 456.9819 449.8289 457.6108 455.0621 466.0145 452.2402 458.4039 454.1486 456.9827 453.5685 456.4690 454.5120 457.0653,nid005645,4992725,,,,1.035471397641024,1.0
tsvc_2_s453,c,ok,True,,104.30561500834301,104.97593102627434,30,104.7358 105.0806 105.2242 105.4487 105.1345 104.8356 104.8867 105.0077 104.7825 105.4135 104.6617 104.7492 105.1036 104.3056 104.8516 105.1225 105.0472 104.9642 104.6626 104.8717 105.1753 104.9982 104.9191 104.9876 105.5464 104.6692 104.8966 104.8194 105.4056 105.0292,nid006532,4992604,,,,1.0,1.0259386897358729
tsvc_2_s453,canon_legacy,ok,True,,65.16459403792396,65.41250550071709,30,65.3947 65.5576 65.3859 65.1646 65.4160 65.3667 65.3995 65.4090 65.5465 65.4879 65.3956 65.4870 65.3210 65.5614 65.3299 65.5182 65.4477 65.5232 65.3797 65.3812 65.4523 65.7092 65.3459 65.4556 65.3426 65.4713 65.4039 65.4596 65.4989 65.4082,nid006532,4992604,legacy,True,True,1.6006485814618914,1.6421673083925963
tsvc_2_s453,canon_new,ok,True,,64.96111198794097,65.16595350694843,30,65.2940 65.1990 65.0624 65.1736 65.0703 65.3712 65.1265 65.2521 65.4382 65.1656 65.0062 65.2763 65.0724 65.1133 65.0012 65.2916 65.1668 65.0584 64.9611 65.3325 65.1664 65.1458 65.3598 65.2960 65.2360 65.0726 65.0120 65.1092 65.0488 65.2140,nid006532,4992604,experimental_readable,True,True,1.6056624004174336,1.6473111792424182
tsvc_2_s453,canon_old,ok,True,,65.20056200679392,65.52381053916179,30,65.5463 65.2006 65.7763 65.3787 65.6635 65.2564 65.6673 65.5013 65.6722 65.3271 65.7291 65.4448 65.6073 65.4983 65.5481 65.4525 65.7108 65.3597 65.7168 65.2253 65.5828 65.4085 65.6751 65.3340 65.6067 65.3424 65.5971 65.4398 65.7470 65.3896,nid006532,4992604,legacy,False,False,1.5997655817364633,1.6412614048112535
tsvc_2_s453,cpp,ok,True,,107.01116599375382,107.389411481563,30,107.1830 107.4768 107.2095 107.0175 107.2698 107.4933 107.4924 107.3401 107.4045 107.8306 107.8041 107.2058 107.1416 107.4121 107.2876 107.9117 107.7205 107.3744 107.6610 107.4362 107.3601 107.2305 108.3806 107.5111 107.0112 107.2140 107.2145 107.2843 107.6271 107.4265,nid005653,4992725,,,,0.9747171151693765,1.0
tsvc_2_s453,none_legacy,ok,True,,104.48272398207337,105.11731350561604,30,104.4827 105.2751 105.3586 105.6569 105.3450 104.8496 104.8832 104.6208 105.1068 104.8258 105.2008 105.1279 105.2440 104.9663 104.8202 104.7646 105.4065 105.0444 105.2422 105.3109 104.8110 105.1801 105.3658 105.1647 104.7296 104.9455 105.0606 105.4090 104.9094 105.1441,nid006532,4992604,legacy,True,True,0.9983048970491931,1.0241996180355546
tsvc_2_s453,none_new,ok,True,,104.29248999571428,105.07033849717118,30,105.0485 104.7619 105.1324 104.8864 105.2511 104.4824 104.9773 104.2925 105.0331 104.8701 105.1125 105.4406 105.2142 105.5418 105.0921 105.4476 104.8710 104.9355 105.5654 104.7138 105.2155 104.9943 104.5850 105.3040 104.6069 104.8318 105.2365 105.4208 105.2680 144.4012,nid006532,4992604,experimental_readable,True,True,1.0001258481088071,1.026067802179728
tsvc_2_s453,none_old,ok,True,,104.96947303181514,105.33568650134839,30,105.3650 145.9129 105.0606 105.0665 105.3370 105.4101 105.2909 105.3001 105.4146 105.2365 105.4636 105.5396 106.2190 105.2697 105.9866 105.1396 105.4744 104.9878 105.1497 105.8765 105.5186 105.0133 105.0803 104.9695 105.5981 105.0427 105.3036 105.6162 105.4563 105.3343,nid006532,4992604,legacy,False,False,0.993675703951844,1.0194503497347258
tsvc_2_vag,c,ok,True,,434.47616597404703,435.5557895032689,30,436.4080 436.1474 434.9627 436.2125 435.1671 435.5766 434.5959 436.0979 435.1774 436.4164 435.5349 436.3623 434.5279 435.5809 435.4209 435.4185 436.0452 543.5287 434.8110 434.4762 435.9488 435.1215 435.0031 436.1017 436.0267 436.0095 435.6901 435.2373 435.4734 435.3234,nid005363,4992604,,,,1.0,0.9991176409467429
tsvc_2_vag,canon_legacy,ok,True,,431.5252230153419,434.4925554760266,30,543.8914 431.5252 434.6132 433.8611 443.1597 434.0915 434.3550 433.6507 434.4081 433.9424 435.4843 434.6777 434.3342 433.5544 434.1925 434.1747 434.2677 435.7468 433.5293 542.5904 441.5087 434.8054 434.5605 434.7808 433.9563 434.8738 434.4246 434.6020 434.6378 434.9387,nid005363,4992604,legacy,True,True,1.006838402024533,1.0059500090453397
tsvc_2_vag,canon_new,ok,True,,433.7313309661113,434.82197998673655,30,434.1530 433.9517 434.4257 434.4567 434.8242 434.2491 434.7403 434.8197 445.2123 434.8034 435.5260 434.7796 435.0369 434.1976 545.3046 433.7313 434.6236 435.2900 435.1119 453.2004 434.8152 435.5136 434.9114 435.5480 434.7896 435.2535 435.1471 434.6618 434.9471 434.9698,nid005363,4992604,experimental_readable,True,True,1.0017172727786963,1.000833398474256
tsvc_2_vag,canon_old,ok,True,,434.967050969135,436.3988070108462,30,435.9550 437.2090 436.2637 436.1758 436.5315 436.6175 436.3981 435.1851 434.9671 436.1621 435.6407 436.2612 436.0911 437.1215 436.3246 437.2768 435.9869 436.9238 436.0269 436.4331 442.0640 435.9623 436.3995 436.6372 436.8945 436.4479 546.3264 435.8347 436.6054 436.8590,nid005363,4992604,legacy,False,False,0.9988714432645087,0.9979900800035044
tsvc_2_vag,cpp,ok,True,,434.0928019955754,435.59356400510296,30,435.6892 435.8558 436.7836 435.0956 436.7555 435.0653 435.3559 434.8084 435.6575 434.9045 435.1886 435.2390 435.7969 434.7705 435.9872 434.7992 435.0780 435.9463 434.0928 435.9397 435.0666 434.7557 437.1435 435.5296 435.3958 435.7168 435.8096 435.8911 435.8214 435.8596,nid005656,4992725,,,,1.0008831382983299,1.0
tsvc_2_vdotr,c,ok,True,,54.0702459984459,54.43501900299452,30,54.2860 54.0702 54.6915 54.2032 54.5478 54.2384 54.5874 54.1451 54.1524 54.4377 54.7671 54.5245 54.6302 54.1878 54.7491 54.2430 54.6046 54.4194 54.6505 54.4141 54.9323 54.4323 54.7724 54.2082 54.7433 54.2165 54.6917 54.3273 54.6916 54.2246,nid006530,4992604,,,,1.0,1.0241777343279297
tsvc_2_vdotr,canon_legacy,ok,True,,54.21171401394531,54.39676399691962,30,54.2342 54.6964 55.3935 54.3903 54.2365 54.5605 54.4000 54.5038 54.3152 54.6622 54.2117 54.2156 54.4356 54.4870 54.2710 54.3315 54.3261 54.3721 54.4119 54.3838 54.2790 54.4830 54.5394 66.9289 54.2303 54.4440 54.5049 54.3227 54.5082 54.3936,nid006530,4992604,legacy,True,True,0.9973904530031458,1.0215050943970692
tsvc_2_vdotr,canon_new,ok,True,,54.18857902986929,54.414843005361035,30,54.5994 54.2739 54.9158 54.5656 54.4490 54.5505 54.4343 54.5113 54.4823 54.4646 54.4943 54.2088 54.5541 54.2844 54.3996 54.1886 54.3484 54.2275 54.4394 54.4037 54.2745 54.4300 54.4855 54.3426 54.3836 54.2092 54.3580 54.1916 54.4000 54.4260,nid006530,4992604,experimental_readable,True,True,0.9978162735849161,1.0219412103557368
tsvc_2_vdotr,canon_old,ok,True,,672.6853160071187,674.0703445102554,30,674.2264 673.6277 674.5279 673.5745 673.5239 685.5331 684.6238 674.5824 672.9974 674.3699 900.2736 673.7322 672.6853 673.8126 672.9169 678.5902 673.5442 674.0514 673.8668 673.5589 674.0893 679.5772 788.5425 673.6676 674.6064 674.1374 674.1077 676.9105 673.7006 673.0393,nid006530,4992604,legacy,False,False,0.0803797031268536,0.08232310223441251
tsvc_2_vdotr,cpp,ok,True,,55.37754204124212,55.53600151324645,30,55.5420 55.7521 55.3855 55.6431 55.7091 55.7580 55.4895 55.5750 55.4765 55.8477 55.5301 55.5254 55.8799 55.9091 55.4878 55.6055 55.4085 55.6548 55.4364 55.5677 55.4370 55.5042 55.4967 55.3775 55.5026 55.4874 55.5053 55.5507 55.6655 55.6530,nid005819,4992725,,,,0.9763930287512107,1.0
tsvc_2_vdotr,none_legacy,ok,True,,54.22678199829534,54.483525978866965,30,54.3269 54.3282 54.6787 54.6177 54.3756 54.5351 54.6232 54.5921 54.2268 54.4285 54.3846 54.5804 54.5130 54.4729 54.2492 54.5821 54.4656 54.4872 54.3392 54.4798 54.8219 54.4506 54.2968 54.5589 56.4527 54.6272 54.3098 54.5026 54.5577 54.4774,nid006530,4992604,legacy,True,True,0.9971133083306629,1.0212212489943246
tsvc_2_vdotr,none_new,ok,True,,54.11846598144621,54.31430001044646,30,54.3498 54.1692 54.2416 54.2230 54.2939 54.2312 54.6867 54.6352 54.3316 54.2042 54.3827 54.4791 54.5444 54.1185 54.3978 54.1473 54.1377 54.1366 54.3842 54.2970 54.3732 54.5884 55.4588 54.1846 54.4319 54.2769 54.2667 54.2276 54.3389 54.7128,nid006530,4992604,experimental_readable,True,True,0.9991089920579633,1.0232651838325864
tsvc_2_vdotr,none_old,ok,True,,264.7299829986878,264.8897689941805,30,264.8635 265.0401 265.0935 264.7488 417.1539 264.8865 267.1728 264.7559 264.8557 264.9289 264.8110 264.9575 265.3469 264.9187 264.8432 264.8510 264.8469 264.7459 264.9626 264.9094 264.8931 264.7560 264.9452 264.8964 264.8606 264.7880 265.0429 265.0096 264.7300 264.7411,nid006530,4992604,legacy,False,False,0.2042467777392405,0.20918500206875554
tsvc_2_vpvts,c,ok,True,,86.79718704661354,87.07613850128837,30,87.1516 87.1246 87.1002 87.0974 87.0841 87.0577 87.1540 86.9354 87.2971 87.0073 86.9826 87.5167 87.0500 86.8307 87.1941 86.8019 87.1570 86.7972 87.2334 87.1770 87.1274 86.9017 87.0049 87.0682 87.0289 86.9778 87.1455 87.0221 87.0350 87.1788,nid005364,4992604,,,,1.0,1.0153030183925693
tsvc_2_vpvts,canon_legacy,ok,True,,88.10207800706849,88.69237996987067,30,92.2691 88.5950 91.7122 88.6967 92.0834 91.9400 92.1750 88.8381 91.7562 88.5974 91.8949 88.5380 88.9363 88.5412 88.4580 88.5242 88.2142 88.5518 88.1021 89.1413 88.4028 88.8756 88.3944 90.3260 88.4208 88.6057 88.6912 88.7652 88.5004 88.6935,nid005364,4992604,legacy,True,True,0.9851888742016931,1.0002652376637562
tsvc_2_vpvts,canon_new,ok,True,,88.15538499038666,88.58477903413586,30,88.7110 88.5796 88.4506 88.9951 90.0763 88.1554 88.5879 88.6909 88.8041 88.5994 88.5838 88.7723 88.2974 88.5858 88.2995 89.0291 88.5043 88.7931 88.4870 88.6452 88.5282 88.3970 88.5055 88.7927 88.4451 88.3758 88.3998 88.8889 88.5236 88.7396,nid005364,4992604,experimental_readable,True,True,0.9845931369487952,0.99966038383272
tsvc_2_vpvts,canon_old,ok,True,,88.3277989923954,88.5927505150903,30,88.3625 88.7140 88.4252 88.4577 88.5853 88.7149 88.5900 88.6391 88.3539 88.6108 88.4547 88.4699 88.7066 98.2903 89.0741 88.5670 88.6374 88.5958 88.5120 88.5568 88.5840 88.6492 88.8786 88.5036 88.4985 88.3278 88.7620 88.6818 88.5955 88.6340,nid005364,4992604,legacy,False,False,0.9826712318970652,0.9977090678326347
tsvc_2_vpvts,cpp,ok,True,,88.12544599641114,88.6375589761883,30,89.0705 88.5323 88.7031 88.6541 88.5310 88.5422 88.2640 88.8166 88.2853 88.5962 88.4757 89.3440 88.6672 88.6290 88.6701 88.7544 88.1254 88.8062 88.5276 88.8804 88.5996 88.9155 88.6827 88.6461 88.4545 88.6117 88.8987 88.5771 88.5575 88.7035,nid005824,4992725,,,,0.9849276342970033,1.0
tsvc_2_vtvtv,c,ok,True,,84.21538799302652,84.47102799254935,30,84.3100 84.6132 84.3658 84.4391 84.2291 84.4701 84.6414 86.2669 84.5854 84.4719 84.5160 84.8270 84.2663 84.2944 84.2671 84.8041 84.4289 84.6477 84.3965 84.6330 84.2486 84.6528 84.5271 84.4167 84.5198 84.7235 84.3325 84.4600 84.2154 84.5604,nid005368,4992604,,,,1.0,0.991807601320663
tsvc_2_vtvtv,canon_legacy,ok,True,,84.26502498332411,84.45217000553384,30,84.6918 84.7848 84.7420 84.4036 84.5451 84.4591 84.6382 84.4974 84.5693 84.4100 84.3207 84.4511 84.4273 84.5321 84.9115 84.4438 84.5449 84.4115 84.4582 84.3691 84.4211 84.2868 84.2650 84.4145 84.5172 84.3357 84.4533 84.6362 84.3868 84.3857,nid005368,4992604,legacy,True,True,0.9994109419618945,0.991223369080851
tsvc_2_vtvtv,canon_new,ok,True,,84.28591999108903,84.54925549449399,30,84.5782 84.7291 84.4733 84.5541 84.4282 84.6570 84.4639 84.6797 84.4627 84.5343 84.2859 84.3463 84.4107 84.7060 84.5269 84.5751 84.4236 84.6813 84.6242 84.7253 84.7840 86.0925 84.4639 84.3099 84.7001 84.5474 84.4557 84.5511 84.6215 84.4458,nid005368,4992604,experimental_readable,True,True,0.9991631817263196,0.9909776385959028
tsvc_2_vtvtv,canon_old,ok,True,,84.16538499295712,84.55071700154804,30,84.5888 84.5886 84.3908 84.6765 84.4076 84.5172 84.5389 84.5767 84.4453 84.5898 84.4728 84.7779 85.4664 84.8627 84.3937 84.5625 84.6583 85.6603 84.1654 84.7650 84.3031 84.6801 84.3651 84.7394 84.4319 84.5139 84.4217 84.6388 84.5101 84.4109,nid005368,4992604,legacy,False,False,1.000594104097232,0.9923968382802733
tsvc_2_vtvtv,cpp,ok,True,,83.5254619596526,84.18434002669528,30,83.9736 84.4092 84.0835 84.3501 83.9764 84.3945 83.9763 84.1481 83.8667 84.0852 83.7524 84.1893 84.1219 86.2792 84.0993 84.2378 84.5103 84.1794 84.1952 84.3130 92.6820 84.2407 83.8279 84.4055 83.5255 84.2213 83.6732 84.4399 83.7045 84.3585,nid005829,4992725,,,,1.0082600684532244,1.0
versioned_distance_update,c,ok,True,,269.48187399921153,269.773463999627,30,269.6616 269.6935 269.7812 270.1315 269.8121 269.8797 269.4819 269.9880 270.0967 269.6924 269.6633 270.3935 269.5366 269.7731 269.7760 269.6714 269.7739 269.7694 269.8232 269.8927 269.9317 269.5316 269.5870 269.6955 269.6071 270.4187 269.9354 269.7316 269.6395 270.0108,nid006016,4992604,,,,1.0,1.0076948254326186
versioned_distance_update,canon_legacy,ok,True,,220.20873200017377,222.67276899992794,30,223.0419 220.2808 222.8961 220.2212 223.2559 220.4594 223.1584 220.3457 222.9069 220.2753 222.9444 220.2142 222.9360 220.2087 223.0494 220.8431 222.8985 220.5157 222.9189 220.2374 223.1635 220.3946 222.9468 220.7271 222.6400 221.3997 222.7055 221.6284 222.7899 230.3392,nid006016,4992604,legacy,True,True,1.2237565311397318,1.233173124018879
versioned_distance_update,canon_new,ok,True,,219.669549000173,222.21367899965117,30,219.6695 222.1402 245.8505 222.6448 221.0814 222.7394 220.7043 222.3980 220.5036 222.7957 220.8633 223.0441 220.5058 222.2871 220.8347 222.7205 220.7534 222.4658 220.5038 222.3117 220.9518 222.5645 220.6263 222.6150 220.7245 222.5762 220.5425 266.8148 220.9597 224.4159,nid006016,4992604,experimental_readable,True,True,1.2267602643414146,1.2361999704231947
versioned_distance_update,canon_old,ok,True,,218.84669399969425,220.430406000105,30,220.7511 219.1419 220.7331 218.8467 220.7661 219.1653 220.4290 219.0539 220.5411 219.0045 220.6923 218.8753 220.4343 219.0125 220.4162 219.0712 220.4318 292.9362 220.5314 219.2414 220.6497 219.6976 229.3048 219.1849 220.5824 219.0347 220.6774 219.2960 220.5874 223.0812,nid006016,4992604,legacy,False,False,1.2313728349014403,1.2408480339084755
versioned_distance_update,cpp,ok,True,,271.5554899768904,271.98675749241374,30,271.9329 271.6776 272.1594 271.7644 272.3975 271.8466 272.8849 271.5555 271.7387 274.0896 271.7476 272.0092 271.9983 272.2347 271.8876 272.4988 272.0250 272.1539 271.9469 272.3466 272.7687 271.7221 271.8818 271.7302 271.9752 271.8322 272.3710 271.8596 272.7892 272.2816,nid005849,4992725,,,,0.992363932771695,1.0
wf_diff_skew,c,ok,True,,59.29737800033763,59.469532512594014,30,59.6324 59.5994 59.5483 59.5375 59.5723 59.4834 59.6182 59.3682 59.4670 59.7425 59.5313 59.4409 59.3297 59.5880 59.4425 59.4280 59.5500 59.3205 59.3473 59.3739 59.4689 59.4701 59.4020 59.4342 59.4888 59.5373 59.4131 59.4477 59.5857 59.2974,nid006020,4992604,,,,1.0,1.0001928241020002
wf_diff_skew,canon_legacy,ok,True,,63.45495500136167,63.76764900051057,30,63.7652 63.8587 63.8463 63.6552 63.5399 63.6685 63.7121 63.5437 63.6444 63.4550 63.7919 63.6013 64.0526 63.6106 64.0045 63.5894 63.8470 64.0204 64.1230 63.5411 63.7472 63.6327 63.9025 63.6903 63.8211 63.9192 63.7701 63.8088 63.9251 63.9850,nid006020,4992604,legacy,True,True,0.9344798684210741,0.9346600586625395
wf_diff_skew,canon_new,ok,True,,63.37367801461369,63.51068100775592,30,63.5317 63.6094 63.4598 63.5736 63.5165 63.4055 63.4998 63.5260 63.3863 63.4806 63.5864 63.3737 63.5216 63.4636 63.3976 63.7077 63.4750 63.4884 63.4207 63.5612 63.5574 63.6040 63.7211 63.4615 63.5270 63.5048 63.6454 63.6474 63.4732 63.5045,nid006020,4992604,experimental_readable,True,True,0.9356783424604758,0.9358587637966217
wf_diff_skew,canon_old,ok,True,,63.34910198347643,63.73339451965876,30,63.8437 63.7838 64.0336 63.6747 63.6473 63.8957 63.3491 63.6520 63.6740 63.5273 66.4960 63.6452 63.9586 63.7600 63.7519 64.2297 64.1174 63.8069 63.5646 63.7557 63.7480 63.6041 63.7158 65.7020 63.5881 63.7357 63.7311 63.5637 63.6870 63.7084,nid006020,4992604,legacy,False,False,0.9360413351369112,0.936221826466794
wf_diff_skew,cpp,ok,True,,59.30881196400151,59.61273951106705,30,59.5979 59.9724 59.5550 59.4592 60.0169 59.3675 59.6535 59.6657 59.4357 59.5648 59.7144 59.3611 59.6806 59.6221 59.6799 59.6463 59.8918 59.5446 59.6891 59.5985 59.6034 59.6028 59.8234 59.5693 59.7815 59.7407 59.5007 59.5739 59.8778 59.3088,nid005860,4992725,,,,0.9998072130719662,1.0
wf_triangular,c,ok,True,,620.854639011668,622.0471724955132,30,622.4962 623.3904 622.0204 622.0740 623.5860 622.3858 622.2825 623.7352 621.5015 620.8546 622.5945 621.8282 621.4840 621.8764 622.3658 621.7745 621.9132 632.5608 622.1348 621.4640 622.4330 621.2197 621.4064 622.3890 622.7664 622.0183 621.3190 623.4603 621.9405 621.8379,nid006326,4992604,,,,1.0,0.9607355385827225
wf_triangular,canon_legacy,ok,True,,508.93044599797577,513.8094765134156,30,513.6547 511.3503 514.6903 513.5870 515.5826 513.7040 516.8329 512.1768 514.9962 514.9814 514.1527 510.7843 515.8130 512.5056 514.4274 513.7732 511.3180 513.8457 512.1179 517.9472 515.0163 526.1991 515.1750 512.8225 511.8859 514.2505 512.8914 508.9304 511.3518 514.0317,nid006326,4992604,legacy,True,True,1.219920411313214,1.172020893391057
wf_triangular,canon_new,ok,True,,509.58816599450074,513.686325008166,30,511.7867 524.1730 514.2143 514.3348 514.1227 513.9224 513.6510 511.0050 511.1009 512.2098 513.8546 511.4971 513.5729 510.0608 513.8839 512.6384 513.7264 510.5421 512.2066 512.2052 514.2197 513.7588 514.2263 514.0314 512.1178 513.7216 514.7768 509.5882 512.2295 514.2547,nid006326,4992604,experimental_readable,True,True,1.218345873083654,1.1705081785570617
wf_triangular,canon_old,ok,True,,507.49314899439923,512.8562010067981,30,515.2603 519.8093 513.8648 513.4862 512.8165 514.4437 513.1644 511.6607 513.0470 510.3939 513.0926 510.9825 512.1031 511.9411 513.1472 511.9216 512.5508 511.3421 512.7198 515.3008 509.9849 615.3720 512.6818 512.8959 512.9582 511.2911 525.9204 507.4931 514.7212 510.9757,nid006326,4992604,legacy,False,False,1.2233754095831546,1.1753402330147307
wf_triangular,cpp,ok,True,,596.4771159924567,597.7507585193962,30,597.2651 597.3060 598.2782 597.8153 597.4917 601.0897 597.6538 598.6692 596.9925 597.0269 596.4771 597.5463 599.5664 597.6456 598.2218 598.6600 598.2195 599.7192 600.9570 597.8487 597.5757 597.6291 597.0610 596.9939 598.1039 599.4808 597.7347 597.6654 598.1187 597.7668,nid005878,4992725,,,,1.040869167258245,1.0
