Time (%),Total Time (ns),Instances,Avg (ns),Med (ns),Min (ns),Max (ns),StdDev (ns),Name
8.6,58667231,716,81937.5,84736.0,50304,90784,8271.5,"void getrf_pivot<getrf_params_<double2, (int)64, (int)1, (int)64, (int)64, (int)1>>(int, int, int, void *, int, long *, int, T1::data_type *, unsigned int *, unsigned int *, T1::data_type *, unsigned int, unsigned int, unsigned int, int *)"
7.2,48892832,39920,1224.8,1216.0,1056,1760,58.6,cupy_prepare_array_indexing
6.0,40833536,876,46613.6,47360.0,11520,49344,4190.1,"void getrf_pivot<getrf_params_<double2, (int)32, (int)1, (int)32, (int)32, (int)1>>(int, int, int, void *, int, long *, int, T1::data_type *, unsigned int *, unsigned int *, T1::data_type *, unsigned int, unsigned int, unsigned int, int *)"
5.1,34915551,9772,3573.0,3712.0,2304,4928,483.9,void cutlass::Kernel2<cutlass_80_tensorop_z884gemm_32x16_16x3_nn_align1>(T1::Params)
4.7,32197887,14257,2258.4,1792.0,1408,8064,979.6,cupy_scatter_update
4.4,29844576,8475,3521.5,1824.0,928,348032,11459.0,cupy_copy__complex128_complex128
4.3,29072672,27215,1068.3,992.0,800,1984,134.0,cupy_subtract__int64_int_int64
3.8,25723808,2268,11342.1,10592.0,4704,32416,2976.6,sm90_xmma_gemm_cf64cf64_f64f64_cf64_nn_n_tilesize32x32x32_stage3_warpsize2x2x1_tensor16x8x16_execute_kernel__5x_cublas
3.3,22493536,10265,2191.3,2240.0,1216,8096,608.9,cupy_take
2.9,19449728,11047,1760.6,1216.0,928,114368,3597.6,cupy_conjugate__complex128_complex128
2.7,18204192,11787,1544.4,1376.0,1216,45344,1801.2,cupy_scan_naive
2.6,17655904,8574,2059.2,1696.0,864,60608,3266.7,cupy_add__complex128_complex128_complex128
2.5,17187616,1592,10796.2,8544.0,2464,19968,4051.8,"void laswp_kernel2<double2, (bool)0, int>(int, T1 *, unsigned long, int, int, const T3 *, int)"
2.1,14543552,10507,1384.2,1376.0,1312,1728,25.4,cupy_cub_sum_pass1
2.0,13642912,753,18118.1,19488.0,4320,20576,3405.8,"void trsm_left_kernel<int, double2, (int)256, (int)4, (bool)0, (bool)0, (bool)0, (bool)1, (bool)0>(cublasTrsmParams<T1, T2>, T2, const T2 *, int)"
1.9,13278560,10507,1263.8,1248.0,1120,1696,67.0,cupy_cub_sum_pass2
1.8,11963360,10507,1138.6,1088.0,1024,2432,134.4,_compute_coo_block_mask
1.7,11491392,48,239404.0,259856.0,3872,266912,71622.1,"void regular_bluestein_fft<(unsigned int)512, EPT<(unsigned int)8>, (unsigned int)2, (unsigned int)2, (padding_t)6, (twiddle_t)0, (loadstore_modifier_t)2, (layout_t)0, unsigned int, double>(kernel_arguments_blu_t<T9>)"
1.6,11020288,14304,770.4,768.0,672,1440,53.1,cupy_mat_ptrs
1.6,10686976,232,46064.6,50000.0,5792,375168,65521.8,"void laswp_kernel<double2, (bool)0>(int, T1 *const *, int, int, int, const int *, int, int, int)"
1.5,9966560,96,103818.3,102384.0,101984,120608,4669.2,"void getrf_panel<double2, double, (int)4, (int)4, (int)3, (int)3, (int)4, (bool)1>(int, T1 *const *, int, int *, int *, int)"
1.3,9163264,2984,3070.8,1760.0,896,132224,7884.4,cupy_subtract__complex128_complex128_complex128
1.3,9048224,753,12016.2,12960.0,2528,13536,2353.9,"void trsm_left_kernel<int, double2, (int)256, (int)4, (bool)0, (bool)0, (bool)0, (bool)0, (bool)1>(cublasTrsmParams<T1, T2>, T2, const T2 *, int)"
1.2,8449727,9360,902.7,896.0,800,1344,34.0,cupy_not_equal__int64_int_bool
1.2,7945664,5721,1388.9,1248.0,1088,15552,855.3,cupy_bsum_shfl
1.1,7824320,832,9404.2,9312.0,4704,14912,852.4,"void trsm_left_kernel<int, double2, (int)256, (int)4, (bool)1, (bool)0, (bool)0, (bool)1, (bool)0>(cublasTrsmParams<T1, T2>, T2, const T2 *, int)"
1.1,7557856,4279,1766.3,1280.0,1088,51840,4521.9,cupy_getitem_mask
1.0,7123840,780,9133.1,8928.0,8672,11232,542.7,sm90_xmma_gemm_cf64cf64_f64f64_cf64_tt_n_tilesize16x32x64_stage3_warpsize1x2x2_tensor16x8x16_execute_kernel__5x_cublas
1.0,7095424,792,8958.9,8960.0,8480,9312,87.0,sm90_xmma_gemm_cf64cf64_f64f64_cf64_nn_n_tilesize16x32x64_stage3_warpsize1x2x2_tensor16x8x16_execute_kernel__5x_cublas
1.0,6887744,360,19132.6,2240.0,1024,219552,44927.8,cupy_multiply__complex128_complex128_complex128
1.0,6743552,3227,2089.7,1824.0,1728,3456,474.3,"void cublasLt::splitKreduce_kernel<(int)32, (int)16, int, double2, double2, double2, double2, (bool)0, double2, double2, double2, (bool)1, (bool)0, (bool)0, (bool)0>(cublasLt::cublasSplitKParams<T6>, const T4 *, const T10 *, T9 *, T5 *, const T6 *, const T6 *, const T11 *, const T4 *, T11 *, void *, long, T6 *, int *, T6 *, T6 *, const T6 *, const T6 *, const T6 *, const T6 *, const T6 *)"
0.9,6285376,232,27092.1,13920.0,13824,46240,15745.5,"void batch_trsm_left_kernel<double2, (int)64, (int)4, (int)3, (bool)0, (bool)0, (bool)1>(cublasTrsmBatchParams2<T1>, T1, const T1 *, int)"
0.9,5870304,136,43164.0,43168.0,43008,43264,39.2,"void getrf_kernelWarp<double2, double, (bool)1>(cublasLuParams, T1 *const *)"
0.8,5766752,2676,2155.0,1568.0,992,103872,5559.1,cupy_negative__complex128_complex128
0.8,5366048,232,23129.5,11072.0,10880,42048,14472.1,"void batch_trsm_left_kernel<double2, (int)64, (int)4, (int)3, (bool)0, (bool)0, (bool)0>(cublasTrsmBatchParams2<T1>, T1, const T1 *, int)"
0.8,5151936,2961,1739.9,1760.0,1504,4960,123.1,cupy_nonzero_kernel_incomplete_scan
0.7,4898752,546,8972.1,9088.0,3008,9440,886.9,sm90_xmma_gemm_cf64cf64_f64f64_cf64_nt_n_tilesize16x32x64_stage3_warpsize1x2x2_tensor16x8x16_execute_kernel__5x_cublas
0.7,4774304,832,5738.3,5664.0,2784,9472,569.2,"void trsm_left_kernel<int, double2, (int)256, (int)4, (bool)1, (bool)0, (bool)0, (bool)0, (bool)1>(cublasTrsmParams<T1, T2>, T2, const T2 *, int)"
0.7,4662528,3075,1516.3,1120.0,992,77504,5425.3,cupy_true_divide__complex128_complex_complex128
0.5,3405088,1679,2028.0,1088.0,960,42080,4450.8,cupy_copy__bool_bool
0.4,2700032,2904,929.8,928.0,832,1696,46.3,cupy_add__int64_int64_int64
0.4,2654304,984,2697.5,1600.0,1024,41856,5855.7,cupy_multiply__complex_complex128_complex128
0.4,2653120,1829,1450.6,1248.0,928,5568,682.6,cupy_copy__float64_complex128
0.4,2441728,1624,1503.5,1568.0,928,5952,448.1,cupy_add__complex_complex128_complex128
0.4,2431296,3057,795.3,800.0,704,1280,43.0,cupy_arange__int_int_int64
0.3,2221920,871,2551.0,2528.0,2496,2912,59.1,void cutlass::Kernel2<cutlass_80_tensorop_z884gemm_32x16_16x3_nt_align1>(T1::Params)
0.3,2097568,800,2622.0,2624.0,2528,2752,34.9,void cutlass::Kernel2<cutlass_80_tensorop_z884gemm_32x16_16x3_tt_align1>(T1::Params)
0.3,1942624,1592,1220.2,1216.0,1088,1504,50.6,cupy_true_divide__complex128_complex128_complex128
0.3,1931648,39,49529.4,52352.0,2048,53504,10341.5,cupy_scatter_update_mask
0.3,1881664,158,11909.3,10016.0,5824,61856,6412.2,"void cub::CUB_300102_SM_500_520_600_610_700_720_750_800_860_870_890_900_1000_1200::detail::merge_sort::DeviceMergeSortPartitionKernel<thrust::THRUST_300102_SM_500_520_600_610_700_720_750_800_860_870_890_900_1000_1200_NS::device_ptr<unsigned long>, unsigned int, elem_less<int>, unsigned long>(bool, T1, T4 *, T2, T2, T2 *, T3, T2, int)"
0.3,1764992,1632,1081.5,1088.0,992,1408,48.0,cupy_multiply__complex128_float64_complex128
0.3,1709696,175,9769.7,9184.0,8832,15168,1500.6,sm90_xmma_gemm_cf64cf64_f64f64_cf64_nt_n_tilesize32x16x64_stage3_warpsize2x1x2_tensor16x8x16_execute_kernel__5x_cublas
0.2,1598816,1441,1109.5,960.0,800,2464,246.8,cupy_copy__int64_int64
0.2,1579872,1948,811.0,800.0,672,3072,146.7,cupy_fill
0.2,1524448,112,13611.1,10992.0,6240,40928,6953.0,"void cub::CUB_300102_SM_500_520_600_610_700_720_750_800_860_870_890_900_1000_1200::detail::merge_sort::DeviceMergeSortPartitionKernel<thrust::THRUST_300102_SM_500_520_600_610_700_720_750_800_860_870_890_900_1000_1200_NS::device_ptr<unsigned long>, unsigned int, elem_less<long>, unsigned long>(bool, T1, T4 *, T2, T2, T2 *, T3, T2, int)"
0.2,1484640,114,13023.2,13024.0,12928,13184,52.9,"void cub::CUB_300102_SM_500_520_600_610_700_720_750_800_860_870_890_900_1000_1200::detail::radix_sort::DeviceRadixSortSingleTileKernel<cub::CUB_300102_SM_500_520_600_610_700_720_750_800_860_870_890_900_1000_1200::detail::radix::policy_hub<double, cub::CUB_300102_SM_500_520_600_610_700_720_750_800_860_870_890_900_1000_1200::NullType, unsigned long long>::Policy1000, (cub::CUB_300102_SM_500_520_600_610_700_720_750_800_860_870_890_900_1000_1200::SortOrder)0, double, cub::CUB_300102_SM_500_520_600_610_700_720_750_800_860_870_890_900_1000_1200::NullType, unsigned long long, cub::CUB_300102_SM_500_520_600_610_700_720_750_800_860_870_890_900_1000_1200::detail::identity_decomposer_t>(const T3 *, T3 *, const T4 *, T4 *, T5, int, int, T6)"
0.2,1479616,716,2066.5,2048.0,2016,2368,34.6,"void ipiv_lower_small<double2, (int)64>(int, void *, int, long *, int, int)"
0.2,1451328,876,1656.8,1664.0,1568,1952,36.8,"void ipiv_lower_small<double2, (int)32>(int, void *, int, long *, int, int)"
0.2,1408448,1444,975.4,960.0,896,1824,58.1,cupy_copy__int64_int32
0.2,1317760,1391,947.3,928.0,800,1376,75.0,cupy_equal__int64_int_bool
0.2,1313568,1592,825.1,832.0,736,1024,40.5,"void ipiv_64_to_32_ker<(int)128>(long, const long *, int *)"
0.2,1296512,1312,988.2,928.0,832,1760,134.3,cupy_add__int64_int_int64
0.2,1265728,543,2331.0,2336.0,1824,2368,30.8,cupy_max
0.2,1260512,540,2334.3,2336.0,2304,2368,16.2,cupy_min
0.2,1160832,1204,964.1,928.0,832,2496,150.5,cupy_copy__int32_int32
0.2,1087872,1592,683.3,704.0,608,768,39.6,"copy_info_kernel(int, int *)"
0.2,1087872,1592,683.3,704.0,608,768,39.3,"xxtrf4_set_info_ker(int, int *)"
0.1,963200,876,1099.5,1120.0,1024,1152,38.6,"void create_pivot_v2<(int)32>(int, int *, long *, int)"
0.1,947072,24,39461.3,38272.0,36672,45792,2869.2,cupy_copy__int_float64
0.1,886017,716,1237.5,1248.0,1152,1312,38.7,"void create_pivot_v2<(int)64>(int, int *, long *, int)"
0.1,866048,540,1603.8,1600.0,1408,1696,56.2,"void cub::CUB_300102_SM_500_520_600_610_700_720_750_800_860_870_890_900_1000_1200::detail::reduce::DeviceReduceSingleTileKernel<cub::CUB_300102_SM_500_520_600_610_700_720_750_800_860_870_890_900_1000_1200::detail::reduce::policy_hub<int, unsigned int, cuda::__4::maximum<void>>::Policy1000, int *, int *, unsigned int, cuda::__4::maximum<void>, int, int, cuda::std::__4::identity>(T2, T3, T4, T5, T6, T8)"
0.1,817760,540,1514.4,1520.0,1408,1696,47.4,"void cub::CUB_300102_SM_500_520_600_610_700_720_750_800_860_870_890_900_1000_1200::detail::reduce::DeviceReduceSingleTileKernel<cub::CUB_300102_SM_500_520_600_610_700_720_750_800_860_870_890_900_1000_1200::detail::reduce::policy_hub<int, unsigned int, cuda::__4::minimum<void>>::Policy1000, int *, int *, unsigned int, cuda::__4::minimum<void>, int, int, cuda::std::__4::identity>(T2, T3, T4, T5, T6, T8)"
0.1,683840,158,4328.1,4736.0,2400,9568,1563.5,"void cub::CUB_300102_SM_500_520_600_610_700_720_750_800_860_870_890_900_1000_1200::detail::merge_sort::DeviceMergeSortMergeKernel<cub::CUB_300102_SM_500_520_600_610_700_720_750_800_860_870_890_900_1000_1200::detail::merge_sort::policy_hub<thrust::THRUST_300102_SM_500_520_600_610_700_720_750_800_860_870_890_900_1000_1200_NS::device_ptr<unsigned long>>::Policy600, thrust::THRUST_300102_SM_500_520_600_610_700_720_750_800_860_870_890_900_1000_1200_NS::device_ptr<unsigned long>, cub::CUB_300102_SM_500_520_600_610_700_720_750_800_860_870_890_900_1000_1200::NullType *, thrust::THRUST_300102_SM_500_520_600_610_700_720_750_800_860_870_890_900_1000_1200_NS::device_ptr<unsigned long>, cub::CUB_300102_SM_500_520_600_610_700_720_750_800_860_870_890_900_1000_1200::NullType *, unsigned int, elem_less<int>, unsigned long, cub::CUB_300102_SM_500_520_600_610_700_720_750_800_860_870_890_900_1000_1200::NullType, cub::CUB_300102_SM_500_520_600_610_700_720_750_800_860_870_890_900_1000_1200::detail::merge_sort::VSMemHelper>(bool, T4, T5, T6, T8 *, T9 *, T7, T6 *, T6, cub::CUB_300102_SM_500_520_600_610_700_720_750_800_860_870_890_900_1000_1200::detail::vsmem_t)"
0.1,666144,876,760.4,736.0,608,992,50.1,"void ipiv_lower_diag<double2, (int)32>(int, void *, int, int *, int)"
0.1,608000,28,21714.3,19136.0,18304,64000,8929.0,"void cub::CUB_300102_SM_500_520_600_610_700_720_750_800_860_870_890_900_1000_1200::detail::merge_sort::DeviceMergeSortBlockSortKernel<cub::CUB_300102_SM_500_520_600_610_700_720_750_800_860_870_890_900_1000_1200::detail::merge_sort::policy_hub<thrust::THRUST_300102_SM_500_520_600_610_700_720_750_800_860_870_890_900_1000_1200_NS::device_ptr<unsigned long>>::Policy600, thrust::THRUST_300102_SM_500_520_600_610_700_720_750_800_860_870_890_900_1000_1200_NS::device_ptr<unsigned long>, cub::CUB_300102_SM_500_520_600_610_700_720_750_800_860_870_890_900_1000_1200::NullType *, thrust::THRUST_300102_SM_500_520_600_610_700_720_750_800_860_870_890_900_1000_1200_NS::device_ptr<unsigned long>, cub::CUB_300102_SM_500_520_600_610_700_720_750_800_860_870_890_900_1000_1200::NullType *, unsigned int, elem_less<int>, unsigned long, cub::CUB_300102_SM_500_520_600_610_700_720_750_800_860_870_890_900_1000_1200::NullType, cub::CUB_300102_SM_500_520_600_610_700_720_750_800_860_870_890_900_1000_1200::detail::merge_sort::VSMemHelper>(bool, T2, T3, T4, T5, T6, T8 *, T9 *, T7, cub::CUB_300102_SM_500_520_600_610_700_720_750_800_860_870_890_900_1000_1200::detail::vsmem_t)"
0.1,592352,112,5288.9,5264.0,4000,7136,576.7,"void cub::CUB_300102_SM_500_520_600_610_700_720_750_800_860_870_890_900_1000_1200::detail::merge_sort::DeviceMergeSortMergeKernel<cub::CUB_300102_SM_500_520_600_610_700_720_750_800_860_870_890_900_1000_1200::detail::merge_sort::policy_hub<thrust::THRUST_300102_SM_500_520_600_610_700_720_750_800_860_870_890_900_1000_1200_NS::device_ptr<unsigned long>>::Policy600, thrust::THRUST_300102_SM_500_520_600_610_700_720_750_800_860_870_890_900_1000_1200_NS::device_ptr<unsigned long>, cub::CUB_300102_SM_500_520_600_610_700_720_750_800_860_870_890_900_1000_1200::NullType *, thrust::THRUST_300102_SM_500_520_600_610_700_720_750_800_860_870_890_900_1000_1200_NS::device_ptr<unsigned long>, cub::CUB_300102_SM_500_520_600_610_700_720_750_800_860_870_890_900_1000_1200::NullType *, unsigned int, elem_less<long>, unsigned long, cub::CUB_300102_SM_500_520_600_610_700_720_750_800_860_870_890_900_1000_1200::NullType, cub::CUB_300102_SM_500_520_600_610_700_720_750_800_860_870_890_900_1000_1200::detail::merge_sort::VSMemHelper>(bool, T4, T5, T6, T8 *, T9 *, T7, T6 *, T6, cub::CUB_300102_SM_500_520_600_610_700_720_750_800_860_870_890_900_1000_1200::detail::vsmem_t)"
0.1,540384,716,754.7,736.0,608,832,54.7,"void ipiv_lower_diag<double2, (int)64>(int, void *, int, int *, int)"
0.1,537664,20,26883.2,23232.0,21568,40896,6478.1,"void cub::CUB_300102_SM_500_520_600_610_700_720_750_800_860_870_890_900_1000_1200::detail::merge_sort::DeviceMergeSortBlockSortKernel<cub::CUB_300102_SM_500_520_600_610_700_720_750_800_860_870_890_900_1000_1200::detail::merge_sort::policy_hub<thrust::THRUST_300102_SM_500_520_600_610_700_720_750_800_860_870_890_900_1000_1200_NS::device_ptr<unsigned long>>::Policy600, thrust::THRUST_300102_SM_500_520_600_610_700_720_750_800_860_870_890_900_1000_1200_NS::device_ptr<unsigned long>, cub::CUB_300102_SM_500_520_600_610_700_720_750_800_860_870_890_900_1000_1200::NullType *, thrust::THRUST_300102_SM_500_520_600_610_700_720_750_800_860_870_890_900_1000_1200_NS::device_ptr<unsigned long>, cub::CUB_300102_SM_500_520_600_610_700_720_750_800_860_870_890_900_1000_1200::NullType *, unsigned int, elem_less<long>, unsigned long, cub::CUB_300102_SM_500_520_600_610_700_720_750_800_860_870_890_900_1000_1200::NullType, cub::CUB_300102_SM_500_520_600_610_700_720_750_800_860_870_890_900_1000_1200::detail::merge_sort::VSMemHelper>(bool, T2, T3, T4, T5, T6, T8 *, T9 *, T7, cub::CUB_300102_SM_500_520_600_610_700_720_750_800_860_870_890_900_1000_1200::detail::vsmem_t)"
0.1,529408,544,973.2,960.0,864,1248,24.4,cupy_not_equal__complex128_complex_bool
0.1,524608,568,923.6,928.0,832,1632,54.5,cupy_greater_equal__int64_int_bool
0.1,516032,540,955.6,960.0,896,992,22.3,cupy_add__int32_int_int64
0.1,498400,548,909.5,928.0,864,960,26.4,cupy_less_equal__int64_int_bool
0.1,477376,80,5967.2,5152.0,4928,8544,1188.0,"void cub::CUB_300102_SM_500_520_600_610_700_720_750_800_860_870_890_900_1000_1200::detail::radix_sort::DeviceRadixSortOnesweepKernel<cub::CUB_300102_SM_500_520_600_610_700_720_750_800_860_870_890_900_1000_1200::detail::radix::policy_hub<long, cub::CUB_300102_SM_500_520_600_610_700_720_750_800_860_870_890_900_1000_1200::NullType, unsigned long long>::Policy1000, (cub::CUB_300102_SM_500_520_600_610_700_720_750_800_860_870_890_900_1000_1200::SortOrder)0, long, cub::CUB_300102_SM_500_520_600_610_700_720_750_800_860_870_890_900_1000_1200::NullType, unsigned long long, int, int, cub::CUB_300102_SM_500_520_600_610_700_720_750_800_860_870_890_900_1000_1200::detail::identity_decomposer_t>(T7 *, T7 *, T5 *, const T5 *, T3 *, const T3 *, T4 *, const T4 *, T6, int, int, T8)"
0.1,444416,184,2415.3,2112.0,1056,29216,3872.0,cupy_sum
0.1,406144,96,4230.7,4160.0,1792,8096,1798.7,_norm_ord2_complex
0.1,392640,364,1078.7,960.0,832,2048,327.3,cupy_copy__float64_float64
0.1,375296,324,1158.3,1152.0,1056,1568,57.7,"void cub::CUB_300102_SM_500_520_600_610_700_720_750_800_860_870_890_900_1000_1200::detail::reduce::DeviceReduceSingleTileKernel<cub::CUB_300102_SM_500_520_600_610_700_720_750_800_860_870_890_900_1000_1200::detail::reduce::policy_hub<double, unsigned int, cuda::std::__4::plus<void>>::Policy1000, double *, double *, unsigned int, cuda::std::__4::plus<void>, double, double, cuda::std::__4::identity>(T2, T3, T4, T5, T6, T8)"
0.1,354304,464,763.6,768.0,704,928,38.7,cupy_arange__uint_uint_uint64
0.0,309888,270,1147.7,1088.0,1024,1504,125.1,cupy_flatiter_getitem_slice
0.0,269792,264,1021.9,992.0,864,1792,171.3,cupy_true_divide__float64_float_float64
0.0,251872,96,2623.7,3264.0,928,3808,1159.4,cupy_power__complex128_complex_complex128
0.0,241152,150,1607.7,1408.0,1280,2240,332.8,cupy_mean
0.0,230912,56,4123.4,1632.0,928,32064,7818.5,cupy_absolute__complex128_float64
0.0,206400,8,25800.0,25360.0,25088,26912,775.9,"void cub::CUB_300102_SM_500_520_600_610_700_720_750_800_860_870_890_900_1000_1200::detail::reduce::DeviceReduceKernel<cub::CUB_300102_SM_500_520_600_610_700_720_750_800_860_870_890_900_1000_1200::detail::reduce::policy_hub<thrust::THRUST_300102_SM_500_520_600_610_700_720_750_800_860_870_890_900_1000_1200_NS::complex<double>, unsigned int, cuda::std::__4::plus<void>>::Policy1000, thrust::THRUST_300102_SM_500_520_600_610_700_720_750_800_860_870_890_900_1000_1200_NS::complex<double> *, unsigned int, cuda::std::__4::plus<void>, thrust::THRUST_300102_SM_500_520_600_610_700_720_750_800_860_870_890_900_1000_1200_NS::complex<double>, cuda::std::__4::identity>(T2, T5 *, T3, cub::CUB_300102_SM_500_520_600_610_700_720_750_800_860_870_890_900_1000_1200::GridEvenShare<T3>, T4, T6)"
0.0,176832,118,1498.6,1440.0,1248,3520,270.5,"void cub::CUB_300102_SM_500_520_600_610_700_720_750_800_860_870_890_900_1000_1200::detail::reduce::DeviceReduceSingleTileKernel<cub::CUB_300102_SM_500_520_600_610_700_720_750_800_860_870_890_900_1000_1200::detail::reduce::policy_hub<double, unsigned int, nan_handling_max<double>>::Policy1000, double *, double *, unsigned int, nan_handling_max<double>, double, double, cuda::std::__4::identity>(T2, T3, T4, T5, T6, T8)"
0.0,167840,118,1422.4,1376.0,1184,2208,185.0,"void cub::CUB_300102_SM_500_520_600_610_700_720_750_800_860_870_890_900_1000_1200::detail::reduce::DeviceReduceSingleTileKernel<cub::CUB_300102_SM_500_520_600_610_700_720_750_800_860_870_890_900_1000_1200::detail::reduce::policy_hub<double, unsigned int, nan_handling_min<double>>::Policy1000, double *, double *, unsigned int, nan_handling_min<double>, double, double, cuda::std::__4::identity>(T2, T3, T4, T5, T6, T8)"
0.0,158624,154,1030.0,960.0,832,4352,385.1,cupy_subtract__float64_float64_float64
0.0,156320,7,22331.4,37184.0,1216,38144,19146.3,cupy_multiply__complex128_complex_complex128
0.0,148544,134,1108.5,1040.0,864,1632,164.4,cupy_bitwise_and__bool_bool_bool
0.0,136480,92,1483.5,1472.0,1408,1664,37.8,"void cub::CUB_300102_SM_500_520_600_610_700_720_750_800_860_870_890_900_1000_1200::detail::reduce::DeviceFixedSizeSegmentedReduceKernel<cub::CUB_300102_SM_500_520_600_610_700_720_750_800_860_870_890_900_1000_1200::detail::fixed_size_segmented_reduce::policy_hub<thrust::THRUST_300102_SM_500_520_600_610_700_720_750_800_860_870_890_900_1000_1200_NS::complex<double>, int, cuda::std::__4::plus<void>>::Policy500, thrust::THRUST_300102_SM_500_520_600_610_700_720_750_800_860_870_890_900_1000_1200_NS::complex<double> *, thrust::THRUST_300102_SM_500_520_600_610_700_720_750_800_860_870_890_900_1000_1200_NS::complex<double> *, int, cuda::std::__4::plus<void>, thrust::THRUST_300102_SM_500_520_600_610_700_720_750_800_860_870_890_900_1000_1200_NS::complex<double>, thrust::THRUST_300102_SM_500_520_600_610_700_720_750_800_860_870_890_900_1000_1200_NS::complex<double>>(T2, T3, T4, int, T5, T6)"
0.0,132896,100,1329.0,1344.0,1184,1376,37.4,cupy_var_core_float64
0.0,128096,24,5337.3,5232.0,5120,5664,204.6,void cutlass::Kernel2<cutlass_80_tensorop_z884gemm_32x32_16x4_nn_align1>(T1::Params)
0.0,126848,130,975.8,992.0,832,1216,53.8,cupy_subtract__int64_int64_int64
0.0,125056,100,1250.6,1248.0,1120,1280,26.0,_exists_nan
0.0,120928,106,1140.8,1088.0,832,4160,423.3,cupy_absolute__float64_float64
0.0,115968,100,1159.7,1088.0,864,4000,427.4,cupy_less__float64_float_bool
0.0,115232,98,1175.8,1184.0,928,1376,111.9,cupy_true_divide__float64_float64_float64
0.0,109824,48,2288.0,1152.0,1088,6656,1987.8,cupy_true_divide__complex128_float64_complex128
0.0,100960,100,1009.6,1024.0,928,1088,41.3,cupy_sqrt__float64_float64
0.0,100736,99,1017.5,992.0,832,1280,116.6,cupy_greater__float64_float_bool
0.0,94272,100,942.7,928.0,928,1152,30.0,cupy_where__bool_float_float64_float64
0.0,66176,24,2757.3,1248.0,1152,5952,2218.6,cupy_true_divide__complex_complex128_complex128
0.0,65568,40,1639.2,1616.0,1472,2048,117.2,cupy_any
0.0,64864,32,2027.0,2016.0,1952,2208,54.9,cupy_argmax
0.0,61312,7,8758.9,9536.0,6560,9824,1420.3,"void trsm_ln_up_kernel<double2, (unsigned int)32, (unsigned int)32, (unsigned int)4, (bool)0>(int, int, const T1 *, int, T1 *, int, T1, const T1 *, int, int *)"
0.0,60832,46,1322.4,1216.0,1184,1824,165.3,cupy_equal__int64_int64_bool
0.0,59136,54,1095.1,992.0,832,1440,205.3,cupy_negative__float64_float64
0.0,57024,1,57024.0,57024.0,57024,57024,0.0,"void cusparse::gather_nz_reverse_kernel<cusparse::Dense2SparseReversePolicy<int, cusparse::Complex<double>>, int, cusparse::Complex<double>>(const T2 *, const T2 *, const T3 *, T2, T2, T2, T2, T2 *, T3 *)"
0.0,55520,48,1156.7,1120.0,928,1632,173.4,cupy_bitwise_or__bool_bool_bool
0.0,55264,4,13816.0,13792.0,13760,13920,75.6,"void cub::CUB_300102_SM_500_520_600_610_700_720_750_800_860_870_890_900_1000_1200::detail::merge_sort::DeviceMergeSortBlockSortKernel<cub::CUB_300102_SM_500_520_600_610_700_720_750_800_860_870_890_900_1000_1200::detail::merge_sort::policy_hub<thrust::THRUST_300102_SM_500_520_600_610_700_720_750_800_860_870_890_900_1000_1200_NS::zip_iterator<cuda::std::__4::tuple<thrust::THRUST_300102_SM_500_520_600_610_700_720_750_800_860_870_890_900_1000_1200_NS::device_ptr<unsigned long>, thrust::THRUST_300102_SM_500_520_600_610_700_720_750_800_860_870_890_900_1000_1200_NS::device_ptr<double>>>>::Policy600, thrust::THRUST_300102_SM_500_520_600_610_700_720_750_800_860_870_890_900_1000_1200_NS::zip_iterator<cuda::std::__4::tuple<thrust::THRUST_300102_SM_500_520_600_610_700_720_750_800_860_870_890_900_1000_1200_NS::device_ptr<unsigned long>, thrust::THRUST_300102_SM_500_520_600_610_700_720_750_800_860_870_890_900_1000_1200_NS::device_ptr<double>>>, cub::CUB_300102_SM_500_520_600_610_700_720_750_800_860_870_890_900_1000_1200::NullType *, thrust::THRUST_300102_SM_500_520_600_610_700_720_750_800_860_870_890_900_1000_1200_NS::zip_iterator<cuda::std::__4::tuple<thrust::THRUST_300102_SM_500_520_600_610_700_720_750_800_860_870_890_900_1000_1200_NS::device_ptr<unsigned long>, thrust::THRUST_300102_SM_500_520_600_610_700_720_750_800_860_870_890_900_1000_1200_NS::device_ptr<double>>>, cub::CUB_300102_SM_500_520_600_610_700_720_750_800_860_870_890_900_1000_1200::NullType *, unsigned int, select_less<cuda::std::__4::tuple<unsigned long, double>>::type, cuda::std::__4::tuple<unsigned long, double>, cub::CUB_300102_SM_500_520_600_610_700_720_750_800_860_870_890_900_1000_1200::NullType, cub::CUB_300102_SM_500_520_600_610_700_720_750_800_860_870_890_900_1000_1200::detail::merge_sort::VSMemHelper>(bool, T2, T3, T4, T5, T6, T8 *, T9 *, T7, cub::CUB_300102_SM_500_520_600_610_700_720_750_800_860_870_890_900_1000_1200::detail::vsmem_t)"
0.0,54976,28,1963.4,1920.0,1696,2272,152.2,"void cub::CUB_300102_SM_500_520_600_610_700_720_750_800_860_870_890_900_1000_1200::detail::scan::DeviceScanKernel<cub::CUB_300102_SM_500_520_600_610_700_720_750_800_860_870_890_900_1000_1200::detail::scan::policy_hub<long, long, long, unsigned int, cuda::std::__4::plus<void>>::Policy1000, long *, long *, cub::CUB_300102_SM_500_520_600_610_700_720_750_800_860_870_890_900_1000_1200::ScanTileState<long, (bool)1>, cuda::std::__4::plus<void>, cub::CUB_300102_SM_500_520_600_610_700_720_750_800_860_870_890_900_1000_1200::NullType, unsigned int, long, (bool)0, cub::CUB_300102_SM_500_520_600_610_700_720_750_800_860_870_890_900_1000_1200::NullType>(T2, T3, T4, int, T5, T6, T7)"
0.0,54112,20,2705.6,1952.0,1792,4032,1009.1,cupy_subtract__complex128_float64_complex128
0.0,53600,4,13400.0,13376.0,12608,14240,716.2,"void cub::CUB_300102_SM_500_520_600_610_700_720_750_800_860_870_890_900_1000_1200::detail::reduce::DeviceReduceKernel<cub::CUB_300102_SM_500_520_600_610_700_720_750_800_860_870_890_900_1000_1200::detail::reduce::policy_hub<double, unsigned int, nan_handling_max<double>>::Policy1000, double *, unsigned int, nan_handling_max<double>, double, cuda::std::__4::identity>(T2, T5 *, T3, cub::CUB_300102_SM_500_520_600_610_700_720_750_800_860_870_890_900_1000_1200::GridEvenShare<T3>, T4, T6)"
0.0,52576,41,1282.3,1248.0,1216,1632,97.2,_find_ranks
0.0,52480,37,1418.4,1184.0,1024,3264,632.8,cupy_searchsorted_kernel
0.0,51296,2,25648.0,25648.0,6016,45280,27763.8,cupyx_scipy_sparse_csr_sample_values_kern
0.0,50720,7,7245.7,7936.0,5504,8064,1195.2,"void trsm_ln_kernel<double2, (unsigned int)32, (unsigned int)32, (unsigned int)4, (bool)1>(int, int, const T1 *, int, T1 *, int, T1, const T1 *, int, int *)"
0.0,50176,42,1194.7,1152.0,1056,1632,117.6,cupy_nonzero_kernel
0.0,47360,16,2960.0,3056.0,2304,3488,413.4,cupy_log__complex128_complex128
0.0,45216,48,942.0,928.0,864,1504,118.8,cupy_add__int_int64_int64
0.0,44160,32,1380.0,1344.0,1216,1728,128.5,cupy_nan_to_num___complex128_float64_float64_float64_complex128
0.0,43072,42,1025.5,1024.0,832,1152,82.1,cupy_add__float64_float_float64
0.0,38624,30,1287.5,1232.0,1120,1600,133.3,cupy_less__int32_int_bool
0.0,38048,36,1056.9,1088.0,864,1248,108.9,cupy_multiply__float64_float64_float64
0.0,37408,24,1558.7,1552.0,1216,2272,231.8,"void cub::CUB_300102_SM_500_520_600_610_700_720_750_800_860_870_890_900_1000_1200::detail::reduce::DeviceReduceKernel<cub::CUB_300102_SM_500_520_600_610_700_720_750_800_860_870_890_900_1000_1200::detail::reduce::policy_hub<int, unsigned int, cuda::__4::maximum<void>>::Policy1000, int *, unsigned int, cuda::__4::maximum<void>, int, cuda::std::__4::identity>(T2, T5 *, T3, cub::CUB_300102_SM_500_520_600_610_700_720_750_800_860_870_890_900_1000_1200::GridEvenShare<T3>, T4, T6)"
0.0,37120,4,9280.0,10816.0,3456,12032,3944.3,"void cub::CUB_300102_SM_500_520_600_610_700_720_750_800_860_870_890_900_1000_1200::detail::merge_sort::DeviceMergeSortPartitionKernel<thrust::THRUST_300102_SM_500_520_600_610_700_720_750_800_860_870_890_900_1000_1200_NS::zip_iterator<cuda::std::__4::tuple<thrust::THRUST_300102_SM_500_520_600_610_700_720_750_800_860_870_890_900_1000_1200_NS::device_ptr<unsigned long>, thrust::THRUST_300102_SM_500_520_600_610_700_720_750_800_860_870_890_900_1000_1200_NS::device_ptr<double>>>, unsigned int, select_less<cuda::std::__4::tuple<unsigned long, double>>::type, cuda::std::__4::tuple<unsigned long, double>>(bool, T1, T4 *, T2, T2, T2 *, T3, T2, int)"
0.0,36032,24,1501.3,1504.0,1184,1984,201.7,"void cub::CUB_300102_SM_500_520_600_610_700_720_750_800_860_870_890_900_1000_1200::detail::reduce::DeviceReduceKernel<cub::CUB_300102_SM_500_520_600_610_700_720_750_800_860_870_890_900_1000_1200::detail::reduce::policy_hub<int, unsigned int, cuda::__4::minimum<void>>::Policy1000, int *, unsigned int, cuda::__4::minimum<void>, int, cuda::std::__4::identity>(T2, T5 *, T3, cub::CUB_300102_SM_500_520_600_610_700_720_750_800_860_870_890_900_1000_1200::GridEvenShare<T3>, T4, T6)"
0.0,34016,26,1308.3,1248.0,1120,1632,136.2,cupy_subtract__int32_int_int64
0.0,33984,32,1062.0,928.0,864,1984,260.9,cupy_subtract__int_int64_int64
0.0,33824,26,1300.9,1232.0,1152,1600,137.8,cupy_greater_equal__int32_int_bool
0.0,31200,10,3120.0,3120.0,3040,3264,80.2,"void cub::CUB_300102_SM_500_520_600_610_700_720_750_800_860_870_890_900_1000_1200::detail::radix_sort::DeviceRadixSortHistogramKernel<cub::CUB_300102_SM_500_520_600_610_700_720_750_800_860_870_890_900_1000_1200::detail::radix::policy_hub<long, cub::CUB_300102_SM_500_520_600_610_700_720_750_800_860_870_890_900_1000_1200::NullType, unsigned long long>::Policy1000, (cub::CUB_300102_SM_500_520_600_610_700_720_750_800_860_870_890_900_1000_1200::SortOrder)0, long, unsigned long long, cub::CUB_300102_SM_500_520_600_610_700_720_750_800_860_870_890_900_1000_1200::detail::identity_decomposer_t>(T4 *, const T3 *, T4, int, int, T5)"
0.0,30848,22,1402.2,1408.0,1152,1760,109.4,cupy_cub_all_pass1
0.0,30816,3,10272.0,3232.0,3200,24384,12221.4,cupyx_scipy_sparse_has_canonical_format
0.0,30112,16,1882.0,2208.0,1152,2592,544.2,cupy_where__bool_complex_complex128_complex128
0.0,30048,32,939.0,944.0,864,992,34.1,cupy_not_equal__int64_int64_bool
0.0,29920,17,1760.0,1760.0,1632,1920,71.6,"void cub::CUB_300102_SM_500_520_600_610_700_720_750_800_860_870_890_900_1000_1200::detail::reduce::DeviceReduceSingleTileKernel<cub::CUB_300102_SM_500_520_600_610_700_720_750_800_860_870_890_900_1000_1200::detail::reduce::policy_hub<cub::CUB_300102_SM_500_520_600_610_700_720_750_800_860_870_890_900_1000_1200::KeyValuePair<int, double>, int, cub::CUB_300102_SM_500_520_600_610_700_720_750_800_860_870_890_900_1000_1200::ArgMin>::Policy1000, cub::CUB_300102_SM_500_520_600_610_700_720_750_800_860_870_890_900_1000_1200::ArgIndexInputIterator<double *, int, double>, cub::CUB_300102_SM_500_520_600_610_700_720_750_800_860_870_890_900_1000_1200::KeyValuePair<int, double> *, int, cub::CUB_300102_SM_500_520_600_610_700_720_750_800_860_870_890_900_1000_1200::ArgMin, cub::CUB_300102_SM_500_520_600_610_700_720_750_800_860_870_890_900_1000_1200::detail::reduce::empty_problem_init_t<cub::CUB_300102_SM_500_520_600_610_700_720_750_800_860_870_890_900_1000_1200::KeyValuePair<int, double>>, cub::CUB_300102_SM_500_520_600_610_700_720_750_800_860_870_890_900_1000_1200::KeyValuePair<int, double>, cuda::std::__4::identity>(T2, T3, T4, T5, T6, T8)"
0.0,29728,21,1415.6,1408.0,1056,2016,261.7,"void cub::CUB_300102_SM_500_520_600_610_700_720_750_800_860_870_890_900_1000_1200::detail::reduce::DeviceReduceSingleTileKernel<cub::CUB_300102_SM_500_520_600_610_700_720_750_800_860_870_890_900_1000_1200::detail::reduce::policy_hub<long, unsigned int, cuda::__4::minimum<void>>::Policy1000, long *, long *, unsigned int, cuda::__4::minimum<void>, long, long, cuda::std::__4::identity>(T2, T3, T4, T5, T6, T8)"
0.0,29632,24,1234.7,1216.0,1024,1504,114.8,"void cub::CUB_300102_SM_500_520_600_610_700_720_750_800_860_870_890_900_1000_1200::detail::reduce::DeviceReduceSingleTileKernel<cub::CUB_300102_SM_500_520_600_610_700_720_750_800_860_870_890_900_1000_1200::detail::reduce::policy_hub<int, unsigned int, cuda::__4::maximum<void>>::Policy1000, int *, int *, int, cuda::__4::maximum<void>, int, int, cuda::std::__4::identity>(T2, T3, T4, T5, T6, T8)"
0.0,29376,24,1224.0,1216.0,1024,1408,87.6,"void cub::CUB_300102_SM_500_520_600_610_700_720_750_800_860_870_890_900_1000_1200::detail::reduce::DeviceReduceSingleTileKernel<cub::CUB_300102_SM_500_520_600_610_700_720_750_800_860_870_890_900_1000_1200::detail::reduce::policy_hub<int, unsigned int, cuda::__4::minimum<void>>::Policy1000, int *, int *, int, cuda::__4::minimum<void>, int, int, cuda::std::__4::identity>(T2, T3, T4, T5, T6, T8)"
0.0,28832,8,3604.0,3552.0,3520,3808,118.4,cupy_subtract__float64_complex128_complex128
0.0,27776,16,1736.0,1728.0,1664,1824,44.5,cupy_multiply__float64_complex128_complex128
0.0,27200,22,1236.4,1248.0,1056,1408,95.5,cupy_cub_all_pass2
0.0,23904,20,1195.2,1120.0,1056,1536,178.7,cupy_add__complex128_complex_complex128
0.0,23616,14,1686.9,1600.0,1440,2816,349.3,cupyx_scipy_sparse_coo_sum_duplicates_diff
0.0,22560,24,940.0,960.0,832,1312,123.0,"void cub::CUB_300102_SM_500_520_600_610_700_720_750_800_860_870_890_900_1000_1200::detail::for_each::static_kernel<cub::CUB_300102_SM_500_520_600_610_700_720_750_800_860_870_890_900_1000_1200::detail::for_each::policy_hub_t::policy_500_t, long, thrust::THRUST_300102_SM_500_520_600_610_700_720_750_800_860_870_890_900_1000_1200_NS::cuda_cub::__tabulate::functor<thrust::THRUST_300102_SM_500_520_600_610_700_720_750_800_860_870_890_900_1000_1200_NS::device_ptr<unsigned long>, thrust::THRUST_300102_SM_500_520_600_610_700_720_750_800_860_870_890_900_1000_1200_NS::system::detail::generic::detail::compute_sequence_value<unsigned long>>>(T2, T3)"
0.0,22048,28,787.4,800.0,704,1056,74.1,"void cub::CUB_300102_SM_500_520_600_610_700_720_750_800_860_870_890_900_1000_1200::detail::scan::DeviceScanInitKernel<cub::CUB_300102_SM_500_520_600_610_700_720_750_800_860_870_890_900_1000_1200::ScanTileState<long, (bool)1>>(T1, int)"
0.0,21504,8,2688.0,2688.0,2528,2816,96.8,"void cub::CUB_300102_SM_500_520_600_610_700_720_750_800_860_870_890_900_1000_1200::detail::reduce::DeviceReduceSingleTileKernel<cub::CUB_300102_SM_500_520_600_610_700_720_750_800_860_870_890_900_1000_1200::detail::reduce::policy_hub<thrust::THRUST_300102_SM_500_520_600_610_700_720_750_800_860_870_890_900_1000_1200_NS::complex<double>, unsigned int, cuda::std::__4::plus<void>>::Policy1000, thrust::THRUST_300102_SM_500_520_600_610_700_720_750_800_860_870_890_900_1000_1200_NS::complex<double> *, thrust::THRUST_300102_SM_500_520_600_610_700_720_750_800_860_870_890_900_1000_1200_NS::complex<double> *, int, cuda::std::__4::plus<void>, thrust::THRUST_300102_SM_500_520_600_610_700_720_750_800_860_870_890_900_1000_1200_NS::complex<double>, thrust::THRUST_300102_SM_500_520_600_610_700_720_750_800_860_870_890_900_1000_1200_NS::complex<double>, cuda::std::__4::identity>(T2, T3, T4, T5, T6, T8)"
0.0,21216,8,2652.0,2688.0,2176,2880,220.0,"void cub::CUB_300102_SM_500_520_600_610_700_720_750_800_860_870_890_900_1000_1200::detail::reduce::DeviceFixedSizeSegmentedReduceKernel<cub::CUB_300102_SM_500_520_600_610_700_720_750_800_860_870_890_900_1000_1200::detail::fixed_size_segmented_reduce::policy_hub<double, int, cuda::std::__4::plus<void>>::Policy500, double *, double *, int, cuda::std::__4::plus<void>, double, double>(T2, T3, T4, int, T5, T6)"
0.0,20864,23,907.1,896.0,832,1024,49.8,cupy_subtract__float64_float_float64
0.0,20608,20,1030.4,928.0,864,1504,236.9,cupy_less__int64_int_bool
0.0,20128,16,1258.0,1232.0,1088,1568,136.6,"void cub::CUB_300102_SM_500_520_600_610_700_720_750_800_860_870_890_900_1000_1200::detail::reduce::DeviceReduceSingleTileKernel<cub::CUB_300102_SM_500_520_600_610_700_720_750_800_860_870_890_900_1000_1200::detail::reduce::policy_hub<long, unsigned int, cuda::__4::maximum<void>>::Policy1000, long *, long *, unsigned int, cuda::__4::maximum<void>, long, long, cuda::std::__4::identity>(T2, T3, T4, T5, T6, T8)"
0.0,19104,12,1592.0,1504.0,1248,2080,219.2,cupy_copy__float32_complex128
0.0,18592,2,9296.0,9296.0,9088,9504,294.2,"void cub::CUB_200101_500_520_600_610_700_750_800_860_890_900_1000_1010_1030_1200_1210_NS::DeviceRadixSortOnesweepKernel<cub::CUB_200101_500_520_600_610_700_750_800_860_890_900_1000_1010_1030_1200_1210_NS::DeviceRadixSortPolicy<int, int, int>::Policy900, (bool)0, int, int, int, int, int>(T7 *, T7 *, T5 *, const T5 *, T3 *, const T3 *, T4 *, const T4 *, T6, int, int)"
0.0,18400,16,1150.0,1184.0,896,1440,134.0,cupy_less__int64_int64_bool
0.0,17568,2,8784.0,8784.0,8768,8800,22.6,"void generate_chirp_signal<(unsigned int)16>(double2 *, unsigned long, unsigned long)"
0.0,17536,17,1031.5,992.0,928,1216,98.3,cupy_true_divide__float_float64_float64
0.0,17504,16,1094.0,1120.0,992,1280,80.3,cupy_less_equal__float64_float_bool
0.0,17248,16,1078.0,1088.0,992,1152,47.8,cupy_equal__float64_float_bool
0.0,16896,10,1689.6,1632.0,1504,2048,190.7,cupy_all
0.0,16768,18,931.6,960.0,864,992,42.4,cupy_invert__bool_bool
0.0,16064,17,944.9,960.0,864,1184,78.5,cupy_copy__int32_int64
0.0,15968,16,998.0,992.0,960,1056,29.1,cupy_add__complex128_float64_complex128
0.0,15808,14,1129.1,1120.0,928,1504,163.4,cupy_add__float64_float64_float64
0.0,15296,16,956.0,960.0,896,992,23.0,cupy_less__float64_float64_bool
0.0,14880,10,1488.0,1472.0,1376,1632,92.1,cupy_multiply__int64_int_int64
0.0,13952,16,872.0,896.0,800,960,41.3,cupy_tri
0.0,13888,8,1736.0,1760.0,1568,1920,120.6,"void zgemm1x1_kernel_core<(bool)0, (bool)0, (bool)0, (bool)1, (bool)1>(cublasZgemm1x1Params)"
0.0,13312,8,1664.0,1680.0,1472,1888,132.5,"void cub::CUB_300102_SM_500_520_600_610_700_720_750_800_860_870_890_900_1000_1200::detail::reduce::DeviceReduceKernel<cub::CUB_300102_SM_500_520_600_610_700_720_750_800_860_870_890_900_1000_1200::detail::reduce::policy_hub<long, unsigned int, cuda::__4::maximum<void>>::Policy1000, long *, unsigned int, cuda::__4::maximum<void>, long, cuda::std::__4::identity>(T2, T5 *, T3, cub::CUB_300102_SM_500_520_600_610_700_720_750_800_860_870_890_900_1000_1200::GridEvenShare<T3>, T4, T6)"
0.0,13056,8,1632.0,1680.0,1440,1792,139.0,"void cub::CUB_300102_SM_500_520_600_610_700_720_750_800_860_870_890_900_1000_1200::detail::reduce::DeviceReduceKernel<cub::CUB_300102_SM_500_520_600_610_700_720_750_800_860_870_890_900_1000_1200::detail::reduce::policy_hub<long, unsigned int, cuda::__4::minimum<void>>::Policy1000, long *, unsigned int, cuda::__4::minimum<void>, long, cuda::std::__4::identity>(T2, T5 *, T3, cub::CUB_300102_SM_500_520_600_610_700_720_750_800_860_870_890_900_1000_1200::GridEvenShare<T3>, T4, T6)"
0.0,12480,2,6240.0,6240.0,6240,6240,0.0,"void scale_conjugate<(unsigned int)16>(double2 *, double2 *, unsigned long, double)"
0.0,12256,8,1532.0,1488.0,1408,1920,159.9,cupy_less_equal__int32_int32_bool
0.0,12032,12,1002.7,1024.0,928,1056,37.0,cupy_exp__float64_float64
0.0,11840,8,1480.0,1440.0,1376,1856,153.7,cupy_add__int32_int_int32
0.0,11808,10,1180.8,1184.0,1120,1216,28.0,"void cub::CUB_300102_SM_500_520_600_610_700_720_750_800_860_870_890_900_1000_1200::detail::radix_sort::DeviceRadixSortExclusiveSumKernel<cub::CUB_300102_SM_500_520_600_610_700_720_750_800_860_870_890_900_1000_1200::detail::radix::policy_hub<long, cub::CUB_300102_SM_500_520_600_610_700_720_750_800_860_870_890_900_1000_1200::NullType, unsigned long long>::Policy1000, unsigned long long>(T2 *)"
0.0,11168,12,930.7,928.0,864,960,25.4,cupy_multiply__float_float64_float64
0.0,10816,8,1352.0,1264.0,1120,1696,197.1,"void cub::CUB_300102_SM_500_520_600_610_700_720_750_800_860_870_890_900_1000_1200::detail::reduce::DeviceReduceSingleTileKernel<cub::CUB_300102_SM_500_520_600_610_700_720_750_800_860_870_890_900_1000_1200::detail::reduce::policy_hub<long, unsigned int, cuda::__4::maximum<void>>::Policy1000, long *, long *, int, cuda::__4::maximum<void>, long, long, cuda::std::__4::identity>(T2, T3, T4, T5, T6, T8)"
0.0,10560,4,2640.0,2624.0,2464,2848,157.9,"void cub::CUB_300102_SM_500_520_600_610_700_720_750_800_860_870_890_900_1000_1200::detail::reduce::DeviceReduceSingleTileKernel<cub::CUB_300102_SM_500_520_600_610_700_720_750_800_860_870_890_900_1000_1200::detail::reduce::policy_hub<double, unsigned int, nan_handling_max<double>>::Policy1000, double *, double *, int, nan_handling_max<double>, double, double, cuda::std::__4::identity>(T2, T3, T4, T5, T6, T8)"
0.0,10368,8,1296.0,1248.0,1120,1504,133.6,"void cub::CUB_300102_SM_500_520_600_610_700_720_750_800_860_870_890_900_1000_1200::detail::reduce::DeviceReduceSingleTileKernel<cub::CUB_300102_SM_500_520_600_610_700_720_750_800_860_870_890_900_1000_1200::detail::reduce::policy_hub<long, unsigned int, cuda::__4::minimum<void>>::Policy1000, long *, long *, int, cuda::__4::minimum<void>, long, long, cuda::std::__4::identity>(T2, T3, T4, T5, T6, T8)"
0.0,10272,8,1284.0,1264.0,1184,1376,73.4,cupy_is_close__bool_bool_float_float_bool_bool
0.0,10016,6,1669.3,1664.0,1568,1792,84.5,cupy_concatenate_same_size
0.0,9696,8,1212.0,1216.0,1120,1312,82.8,cupy_cub_any_pass1
0.0,9440,4,2360.0,2400.0,2240,2400,80.0,"void cub::CUB_300102_SM_500_520_600_610_700_720_750_800_860_870_890_900_1000_1200::detail::merge_sort::DeviceMergeSortMergeKernel<cub::CUB_300102_SM_500_520_600_610_700_720_750_800_860_870_890_900_1000_1200::detail::merge_sort::policy_hub<thrust::THRUST_300102_SM_500_520_600_610_700_720_750_800_860_870_890_900_1000_1200_NS::zip_iterator<cuda::std::__4::tuple<thrust::THRUST_300102_SM_500_520_600_610_700_720_750_800_860_870_890_900_1000_1200_NS::device_ptr<unsigned long>, thrust::THRUST_300102_SM_500_520_600_610_700_720_750_800_860_870_890_900_1000_1200_NS::device_ptr<double>>>>::Policy600, thrust::THRUST_300102_SM_500_520_600_610_700_720_750_800_860_870_890_900_1000_1200_NS::zip_iterator<cuda::std::__4::tuple<thrust::THRUST_300102_SM_500_520_600_610_700_720_750_800_860_870_890_900_1000_1200_NS::device_ptr<unsigned long>, thrust::THRUST_300102_SM_500_520_600_610_700_720_750_800_860_870_890_900_1000_1200_NS::device_ptr<double>>>, cub::CUB_300102_SM_500_520_600_610_700_720_750_800_860_870_890_900_1000_1200::NullType *, thrust::THRUST_300102_SM_500_520_600_610_700_720_750_800_860_870_890_900_1000_1200_NS::zip_iterator<cuda::std::__4::tuple<thrust::THRUST_300102_SM_500_520_600_610_700_720_750_800_860_870_890_900_1000_1200_NS::device_ptr<unsigned long>, thrust::THRUST_300102_SM_500_520_600_610_700_720_750_800_860_870_890_900_1000_1200_NS::device_ptr<double>>>, cub::CUB_300102_SM_500_520_600_610_700_720_750_800_860_870_890_900_1000_1200::NullType *, unsigned int, select_less<cuda::std::__4::tuple<unsigned long, double>>::type, cuda::std::__4::tuple<unsigned long, double>, cub::CUB_300102_SM_500_520_600_610_700_720_750_800_860_870_890_900_1000_1200::NullType, cub::CUB_300102_SM_500_520_600_610_700_720_750_800_860_870_890_900_1000_1200::detail::merge_sort::VSMemHelper>(bool, T4, T5, T6, T8 *, T9 *, T7, T6 *, T6, cub::CUB_300102_SM_500_520_600_610_700_720_750_800_860_870_890_900_1000_1200::detail::vsmem_t)"
0.0,9152,10,915.2,928.0,864,960,37.6,cupy_add__float_float64_float64
0.0,8736,2,4368.0,4368.0,3424,5312,1335.0,"void csrgeam_windowBased_core<double2, (bool)0>(cusparseCsrgeamParams<T1>)"
0.0,8640,1,8640.0,8640.0,8640,8640,0.0,"void cusparse::count_nz_reverse_kernel<int, cusparse::Complex<double>>(const T2 *, T1, T1, T1, T1 *, T1 *)"
0.0,8192,8,1024.0,1024.0,960,1088,41.9,cupy_cub_any_pass2
0.0,7648,3,2549.3,2368.0,2016,3264,643.5,"void convert_CsrToCoo_kernel<(int)0>(const int *, int, int, int *)"
0.0,6688,2,3344.0,3344.0,2752,3936,837.2,"void csrgeam_windowBased_core<float, (bool)1>(cusparseCsrgeamParams<T1>)"
0.0,6496,4,1624.0,1632.0,1600,1632,16.0,"void zgemm1x1_kernel_core<(bool)1, (bool)0, (bool)0, (bool)1, (bool)1>(cublasZgemm1x1Params)"
0.0,5792,2,2896.0,2896.0,2848,2944,67.9,"void vector_fft<(unsigned int)512, EPT<(unsigned int)8>, (unsigned int)1, (unsigned int)16, (padding_t)70, (twiddle_t)0, (loadstore_modifier_t)2, (layout_t)0, unsigned int, double, HostConfigPlaceholder>(kernel_arguments_t<T9>)"
0.0,5600,4,1400.0,1408.0,1376,1408,16.0,cupy_multiply__float64_float_float64
0.0,5344,2,2672.0,2672.0,2496,2848,248.9,"void convert_CooToCsr_kernel<(int)0>(const int *, int, int, int *)"
0.0,5344,7,763.4,736.0,704,832,46.8,dtrsv_init(int *)
0.0,5248,4,1312.0,1312.0,1248,1376,58.4,cupy_remainder__int32_int_int32
0.0,5088,7,726.9,736.0,704,736,15.6,"dtrsv_init_up(int *, int)"
0.0,4480,4,1120.0,1136.0,1024,1184,69.1,cupy_add__float64_complex_complex128
0.0,3904,5,780.8,768.0,704,928,86.5,cupy_absolute__int_int64
0.0,3584,4,896.0,896.0,864,928,26.1,"void cub::CUB_300102_SM_500_520_600_610_700_720_750_800_860_870_890_900_1000_1200::detail::transform::transform_kernel<cub::CUB_300102_SM_500_520_600_610_700_720_750_800_860_870_890_900_1000_1200::detail::transform::policy_hub<(bool)0, cuda::std::__4::tuple<thrust::THRUST_300102_SM_500_520_600_610_700_720_750_800_860_870_890_900_1000_1200_NS::counting_iterator<unsigned long, thrust::THRUST_300102_SM_500_520_600_610_700_720_750_800_860_870_890_900_1000_1200_NS::use_default, thrust::THRUST_300102_SM_500_520_600_610_700_720_750_800_860_870_890_900_1000_1200_NS::use_default, thrust::THRUST_300102_SM_500_520_600_610_700_720_750_800_860_870_890_900_1000_1200_NS::use_default, thrust::THRUST_300102_SM_500_520_600_610_700_720_750_800_860_870_890_900_1000_1200_NS::compile_time_value<(int)1>>, thrust::THRUST_300102_SM_500_520_600_610_700_720_750_800_860_870_890_900_1000_1200_NS::constant_iterator<long, thrust::THRUST_300102_SM_500_520_600_610_700_720_750_800_860_870_890_900_1000_1200_NS::use_default, thrust::THRUST_300102_SM_500_520_600_610_700_720_750_800_860_870_890_900_1000_1200_NS::use_default>>, thrust::THRUST_300102_SM_500_520_600_610_700_720_750_800_860_870_890_900_1000_1200_NS::device_ptr<unsigned long>>::policy1000, int, cuda::std::__4::divides<unsigned long>, unsigned long *, thrust::THRUST_300102_SM_500_520_600_610_700_720_750_800_860_870_890_900_1000_1200_NS::counting_iterator<unsigned long, thrust::THRUST_300102_SM_500_520_600_610_700_720_750_800_860_870_890_900_1000_1200_NS::use_default, thrust::THRUST_300102_SM_500_520_600_610_700_720_750_800_860_870_890_900_1000_1200_NS::use_default, thrust::THRUST_300102_SM_500_520_600_610_700_720_750_800_860_870_890_900_1000_1200_NS::use_default, thrust::THRUST_300102_SM_500_520_600_610_700_720_750_800_860_870_890_900_1000_1200_NS::compile_time_value<(int)1>>, thrust::THRUST_300102_SM_500_520_600_610_700_720_750_800_860_870_890_900_1000_1200_NS::constant_iterator<long, thrust::THRUST_300102_SM_500_520_600_610_700_720_750_800_860_870_890_900_1000_1200_NS::use_default, thrust::THRUST_300102_SM_500_520_600_610_700_720_750_800_860_870_890_900_1000_1200_NS::use_default>>(T2, int, bool, T3, T4, cub::CUB_300102_SM_500_520_600_610_700_720_750_800_860_870_890_900_1000_1200::detail::transform::kernel_arg<T5>...)"
0.0,3456,2,1728.0,1728.0,1632,1824,135.8,cupy_copy__int64_float32
0.0,3392,2,1696.0,1696.0,1440,1952,362.0,"void cub::CUB_200101_500_520_600_610_700_750_800_860_890_900_1000_1010_1030_1200_1210_NS::DeviceScanKernel<cub::CUB_200101_500_520_600_610_700_750_800_860_890_900_1000_1010_1030_1200_1210_NS::DeviceScanPolicy<int>::Policy600, const int *, int *, cub::CUB_200101_500_520_600_610_700_750_800_860_890_900_1000_1010_1030_1200_1210_NS::ScanTileState<int, (bool)1>, cuda::std::__4::plus<void>, cub::CUB_200101_500_520_600_610_700_750_800_860_890_900_1000_1010_1030_1200_1210_NS::detail::InputValue<int, int *>, int, int>(T2, T3, T4, int, T5, T6, T7)"
0.0,3104,2,1552.0,1552.0,1472,1632,113.1,cupy_copy__float32_float32
0.0,3008,1,3008.0,3008.0,3008,3008,0.0,"void cub::CUB_200101_500_520_600_610_700_750_800_860_890_900_1000_1010_1030_1200_1210_NS::DeviceReduceByKeyKernel<cub::CUB_200101_500_520_600_610_700_750_800_860_890_900_1000_1010_1030_1200_1210_NS::DispatchReduceByKey<const int *, int *, cub::CUB_200101_500_520_600_610_700_750_800_860_890_900_1000_1010_1030_1200_1210_NS::ConstantInputIterator<int, int>, int *, int *, cuda::std::__4::equal_to<void>, cuda::std::__4::plus<void>, int, int>::PtxReduceByKeyPolicy, const int *, int *, cub::CUB_200101_500_520_600_610_700_750_800_860_890_900_1000_1010_1030_1200_1210_NS::ConstantInputIterator<int, int>, int *, int *, cub::CUB_200101_500_520_600_610_700_750_800_860_890_900_1000_1010_1030_1200_1210_NS::ReduceByKeyScanTileState<int, int, (bool)1>, cuda::std::__4::equal_to<void>, cuda::std::__4::plus<void>, int, int>(T2, T3, T4, T5, T6, T7, int, T8, T9, T10)"
0.0,2976,2,1488.0,1488.0,1344,1632,203.6,"void cusparseIinclusive_scan_domino_v1_core<(int)256, (int)4>(int, int *, int *, int *, int *, int *)"
0.0,2880,2,1440.0,1440.0,1440,1440,0.0,"void cusparseIinclusive_scan_merge_core<(int)256, (int)4>(int, int, int *, int *, int *)"
0.0,2720,2,1360.0,1360.0,1344,1376,22.6,"void cusparseIinclusive_localscan_core<(int)256, (int)4>(int, int *, int *, int *)"
0.0,2688,3,896.0,864.0,832,992,84.7,cupy_multiply__complex_float64_complex128
0.0,2560,1,2560.0,2560.0,2560,2560,0.0,"void cub::CUB_200101_500_520_600_610_700_750_800_860_890_900_1000_1010_1030_1200_1210_NS::DeviceRadixSortHistogramKernel<cub::CUB_200101_500_520_600_610_700_750_800_860_890_900_1000_1010_1030_1200_1210_NS::DeviceRadixSortPolicy<int, int, int>::Policy900, (bool)0, int, int>(T4 *, const T3 *, T4, int, int)"
0.0,2208,1,2208.0,2208.0,2208,2208,0.0,"void cusparse::gather_kernel<int, uint4, void>(T1, const T1 *, T2 *, const T2 *)"
0.0,2112,1,2112.0,2112.0,2112,2112,0.0,"void cusparse::<unnamed>::csr_partition_kernel<int, int>(const T1 *, T2, T1, T1, T2, T2 *, T2)"
0.0,2080,2,1040.0,1040.0,960,1120,113.1,cupy_equal__float64_float64_bool
0.0,1984,1,1984.0,1984.0,1984,1984,0.0,"void cusparse::csr2csc_rows_expansion_kernel<(int)128, (int)8, int>(const T3 *, int, T3, const T3 *, T3 *)"
0.0,1664,1,1664.0,1664.0,1664,1664,0.0,"void cusparse::gather_kernel<int, unsigned int, void>(T1, const T1 *, T2 *, const T2 *)"
0.0,1600,2,800.0,800.0,800,800,0.0,"void cub::CUB_200101_500_520_600_610_700_750_800_860_890_900_1000_1010_1030_1200_1210_NS::DeviceScanInitKernel<cub::CUB_200101_500_520_600_610_700_750_800_860_890_900_1000_1010_1030_1200_1210_NS::ScanTileState<int, (bool)1>>(T1, int)"
0.0,1248,1,1248.0,1248.0,1248,1248,0.0,"void cusparse::scatter_kernel<int, unsigned int, void>(T1, const T1 *, const T2 *, T2 *)"
0.0,1056,1,1056.0,1056.0,1056,1056,0.0,"void cub::CUB_200101_500_520_600_610_700_750_800_860_890_900_1000_1010_1030_1200_1210_NS::DeviceRadixSortExclusiveSumKernel<cub::CUB_200101_500_520_600_610_700_750_800_860_890_900_1000_1010_1030_1200_1210_NS::DeviceRadixSortPolicy<int, int, int>::Policy900, int>(T2 *)"
0.0,1024,1,1024.0,1024.0,1024,1024,0.0,"void cusparse::iota_kernel<(int)128, int, int>(T2, T3 *)"
0.0,800,1,800.0,800.0,800,800,0.0,"void cub::CUB_200101_500_520_600_610_700_750_800_860_890_900_1000_1010_1030_1200_1210_NS::DeviceCompactInitKernel<cub::CUB_200101_500_520_600_610_700_750_800_860_890_900_1000_1010_1030_1200_1210_NS::ReduceByKeyScanTileState<int, int, (bool)1>, int *>(T1, int, T2)"
0.0,768,1,768.0,768.0,768,768,0.0,cupy_exp__float_float64
0.0,736,1,736.0,736.0,736,736,0.0,cupy_linspace__float_float_float64
